Date,Close/Last,Volume,Open,High,Low
02/10/2025,$133.57,216989100,$130.09,$135.00,$129.96
02/07/2025,$129.84,228186300,$129.22,$130.37,$125.00
02/06/2025,$128.68,251483600,$127.42,$128.77,$125.21
02/05/2025,$124.83,263110600,$121.76,$125.00,$120.76
02/04/2025,$118.65,256550000,$116.96,$121.20,$116.70
02/03/2025,$116.66,371235700,$114.75,$118.57,$113.01
01/31/2025,$120.07,390372900,$123.78,$127.85,$119.19
01/30/2025,$124.65,392925500,$123.10,$125.00,$118.10
01/29/2025,$123.70,467120600,$126.50,$126.89,$120.05
01/28/2025,$128.99,579666400,$121.81,$129.00,$116.25
01/27/2025,$118.42,818830900,$124.80,$128.40,$116.70
01/24/2025,$142.62,234657600,$148.37,$148.97,$141.88
01/23/2025,$147.22,155915500,$145.05,$147.23,$143.72
01/22/2025,$147.07,237651400,$144.66,$147.79,$143.67
01/21/2025,$140.83,197749000,$139.16,$141.83,$137.09
01/17/2025,$137.71,201188800,$136.69,$138.50,$135.4649
01/16/2025,$133.57,209235600,$138.64,$138.75,$133.49
01/15/2025,$136.24,185217300,$133.65,$136.45,$131.29
01/14/2025,$131.76,195590500,$136.05,$136.38,$130.05
01/13/2025,$133.23,204808900,$129.99,$133.49,$129.51
01/10/2025,$135.91,207602500,$137.45,$139.92,$134.22
01/08/2025,$140.11,227349900,$142.58,$143.95,$137.56
01/07/2025,$140.14,351782200,$153.03,$153.13,$140.01
01/06/2025,$149.43,265377400,$148.59,$152.156,$147.8201
01/03/2025,$144.47,229322500,$140.01,$144.90,$139.73
01/02/2025,$138.31,198247200,$136.00,$138.88,$134.63
12/31/2024,$134.29,155659200,$138.03,$138.07,$133.83
12/30/2024,$137.49,167734700,$134.83,$140.27,$134.02
12/27/2024,$137.01,170582600,$138.55,$139.02,$134.71
12/26/2024,$139.93,116519100,$139.70,$140.85,$137.73
12/24/2024,$140.22,105157000,$140.00,$141.90,$138.65
12/23/2024,$139.67,176053500,$136.28,$139.79,$135.1201
12/20/2024,$134.70,306528600,$129.81,$135.28,$128.22
12/19/2024,$130.68,209719200,$131.76,$134.03,$129.55
12/18/2024,$128.91,277444500,$133.86,$136.70,$128.28
12/17/2024,$130.39,259410300,$129.09,$131.59,$126.86
12/16/2024,$132.00,237951100,$134.18,$134.40,$130.42
12/13/2024,$134.25,231514900,$138.94,$139.60,$132.54
12/12/2024,$137.34,159211400,$137.08,$138.44,$135.80
12/11/2024,$139.31,184905200,$137.36,$140.17,$135.21
12/10/2024,$135.07,210020900,$139.01,$141.82,$133.79
12/09/2024,$138.81,189308600,$138.97,$139.95,$137.13
12/06/2024,$142.44,188505600,$144.60,$145.70,$141.31
12/05/2024,$145.06,172621200,$145.11,$146.54,$143.95
12/04/2024,$145.14,231224300,$141.995,$145.79,$140.29
12/03/2024,$140.26,164414000,$138.26,$140.54,$137.95
12/02/2024,$138.63,171682800,$138.83,$140.45,$137.825
11/29/2024,$138.25,141863200,$136.78,$139.35,$136.05
11/27/2024,$135.34,226370900,$135.01,$137.22,$131.80
11/26/2024,$136.92,190287700,$137.70,$139.30,$135.67
11/25/2024,$136.02,344941900,$141.99,$142.05,$135.82
11/22/2024,$141.95,236406200,$145.93,$147.16,$141.10
11/21/2024,$146.67,400946600,$149.35,$152.89,$140.70
11/20/2024,$145.89,309871700,$147.41,$147.56,$142.73
11/19/2024,$147.01,227834900,$141.32,$147.13,$140.99
11/18/2024,$140.15,221866000,$139.50,$141.55,$137.15
11/15/2024,$141.98,250132900,$144.87,$145.24,$140.08
11/14/2024,$146.76,194463300,$147.64,$149.00,$145.55
11/13/2024,$146.27,191903300,$149.07,$149.33,$145.90
11/12/2024,$148.29,198634700,$146.78,$149.65,$146.01
11/11/2024,$145.26,182325600,$148.68,$148.85,$143.57
11/08/2024,$147.63,175665800,$148.77,$149.77,$146.26
11/07/2024,$148.88,207323300,$146.39,$148.93,$146.17
11/06/2024,$145.61,242043900,$142.96,$146.49,$141.96
11/05/2024,$139.91,160537400,$137.45,$140.3701,$137.33
11/04/2024,$136.05,187528200,$137.21,$138.96,$135.57
11/01/2024,$135.40,207127800,$134.70,$137.31,$134.57
10/31/2024,$132.76,270039600,$137.60,$137.61,$132.1106
10/30/2024,$139.335,179418100,$139.54,$140.33,$136.81
10/29/2024,$141.25,157593600,$140.285,$142.2598,$138.90
10/28/2024,$140.52,173586700,$143.00,$143.14,$140.05
10/25/2024,$141.54,205122100,$140.93,$144.13,$140.80
10/24/2024,$140.41,172354900,$140.82,$141.35,$138.46
10/23/2024,$139.56,285930000,$142.03,$142.43,$137.46
10/22/2024,$143.59,226311600,$142.91,$144.42,$141.78
10/21/2024,$143.71,264554500,$138.13,$143.71,$138.00
10/18/2024,$138.00,176090200,$138.665,$138.90,$137.28
10/17/2024,$136.93,306435900,$139.34,$140.89,$136.87
10/16/2024,$135.72,264879700,$133.98,$136.62,$131.58
10/15/2024,$131.60,377831000,$137.87,$138.57,$128.74
10/14/2024,$138.07,232347700,$136.47,$139.60,$136.30
10/11/2024,$134.80,170209500,$134.01,$135.78,$133.66
10/10/2024,$134.81,242311300,$131.91,$135.00,$131.00
10/09/2024,$132.65,246191600,$134.11,$134.52,$131.38
10/08/2024,$132.89,285722500,$130.26,$133.48,$129.42
10/07/2024,$127.72,346250200,$124.99,$130.64,$124.95
10/04/2024,$124.92,244465600,$124.94,$125.04,$121.83
10/03/2024,$122.85,277118000,$120.92,$124.36,$120.3401
10/02/2024,$118.85,221845900,$116.44,$119.38,$115.14
10/01/2024,$117.00,302094500,$121.765,$122.4351,$115.79
09/30/2024,$121.44,227053700,$118.31,$121.50,$118.15
09/27/2024,$121.40,271009200,$123.97,$124.03,$119.26
09/26/2024,$124.04,302582900,$126.80,$127.665,$121.80
09/25/2024,$123.51,284692900,$122.02,$124.94,$121.61
09/24/2024,$120.87,354966800,$116.515,$121.80,$115.38
09/23/2024,$116.26,206228500,$116.55,$116.99,$114.86
09/20/2024,$116.00,382462400,$117.06,$118.6181,$115.3901
09/19/2024,$117.87,293506400,$117.35,$119.66,$117.25
09/18/2024,$113.37,310318900,$115.89,$117.70,$113.22
09/17/2024,$115.59,231925900,$118.17,$118.80,$114.83
09/16/2024,$116.78,248772300,$116.79,$118.18,$114.36
09/13/2024,$119.10,238358300,$119.08,$119.955,$117.60
09/12/2024,$119.14,367100500,$116.84,$120.79,$115.38
09/11/2024,$116.91,441422400,$109.39,$117.19,$107.42
09/10/2024,$108.10,268283700,$107.81,$109.40,$104.95
09/09/2024,$106.47,273912000,$104.88,$106.55,$103.69
09/06/2024,$102.83,413638100,$108.04,$108.15,$100.95
09/05/2024,$107.21,306850700,$104.985,$109.65,$104.76
09/04/2024,$106.21,372470300,$105.41,$113.27,$104.12
09/03/2024,$108.00,477155100,$116.01,$116.21,$107.29
08/30/2024,$119.37,333751600,$119.53,$121.75,$117.22
08/29/2024,$117.59,453023300,$121.355,$124.43,$116.71
08/28/2024,$125.61,448101100,$128.12,$128.33,$122.64
08/27/2024,$128.30,303134600,$125.05,$129.20,$123.88
08/26/2024,$126.46,331964700,$129.57,$131.26,$124.37
08/23/2024,$129.37,323230300,$125.86,$129.60,$125.22
08/22/2024,$123.74,376189100,$130.02,$130.75,$123.10
08/21/2024,$128.50,257883600,$127.315,$129.35,$126.66
08/20/2024,$127.25,300087400,$128.40,$129.88,$125.89
08/19/2024,$130.00,318333600,$124.28,$130.00,$123.42
08/16/2024,$124.58,302589900,$121.94,$125.00,$121.18
08/15/2024,$122.86,318086700,$118.76,$123.24,$117.47
08/14/2024,$118.08,339246400,$118.53,$118.60,$114.07
08/13/2024,$116.14,312646700,$112.44,$116.23,$111.58
08/12/2024,$109.02,325559900,$106.32,$111.07,$106.26
08/09/2024,$104.75,290844200,$105.64,$106.60,$103.43
08/08/2024,$104.97,391910000,$102.00,$105.50,$97.52
08/07/2024,$98.91,411440400,$107.81,$108.80,$98.69
08/06/2024,$104.25,409012100,$103.84,$107.71,$100.55
08/05/2024,$100.45,552842400,$92.06,$103.41,$90.69
08/02/2024,$107.27,482027500,$103.76,$108.72,$101.37
08/01/2024,$109.21,523462300,$117.53,$120.16,$106.8104
07/31/2024,$117.02,473174200,$112.90,$118.34,$110.88
07/30/2024,$103.73,486833300,$111.52,$111.99,$102.54
07/29/2024,$111.59,248152100,$113.69,$116.28,$111.30
07/26/2024,$113.06,293399100,$116.19,$116.20,$111.58
07/25/2024,$112.28,460067000,$113.04,$116.63,$106.30
07/24/2024,$114.25,327776900,$119.17,$119.95,$113.44
07/23/2024,$122.59,173911000,$122.78,$124.69,$122.10
07/22/2024,$123.54,258068900,$120.35,$124.07,$119.86
07/19/2024,$117.93,217223800,$120.35,$121.60,$117.37
07/18/2024,$121.09,320979500,$121.85,$122.40,$116.56
07/17/2024,$117.99,390086200,$121.35,$121.85,$116.72
07/16/2024,$126.36,214769500,$128.44,$129.04,$124.58
07/15/2024,$128.44,208326200,$130.56,$131.39,$127.18
07/12/2024,$129.24,252680500,$128.26,$131.92,$127.22
07/11/2024,$127.40,374782700,$135.75,$136.15,$127.05
07/10/2024,$134.91,248978600,$134.03,$135.10,$132.42
07/09/2024,$131.38,287020800,$130.35,$133.82,$128.65
07/08/2024,$128.20,237677300,$127.49,$130.77,$127.04
07/05/2024,$125.83,214176700,$127.38,$128.85,$125.68
07/03/2024,$128.28,215749000,$121.66,$128.28,$121.36
07/02/2024,$122.67,218374000,$121.13,$123.41,$121.03
07/01/2024,$124.30,284885500,$123.47,$124.84,$118.83
06/28/2024,$123.54,315516700,$124.58,$127.71,$122.75
06/27/2024,$123.99,252571700,$124.10,$126.41,$122.92
06/26/2024,$126.40,362975900,$126.13,$128.12,$122.60
06/25/2024,$126.09,425787500,$121.20,$126.50,$119.32
06/24/2024,$118.11,476060900,$123.24,$124.46,$118.04
06/21/2024,$126.57,655484700,$127.12,$130.63,$124.30
06/20/2024,$130.78,517768400,$139.80,$140.76,$129.52
06/18/2024,$135.58,294335100,$131.14,$136.33,$130.69
06/17/2024,$130.98,288504400,$132.99,$133.73,$129.58
06/14/2024,$131.88,309320400,$129.96,$132.84,$128.32
06/13/2024,$129.61,260704500,$129.39,$129.80,$127.16
06/12/2024,$125.20,299595000,$123.06,$126.88,$122.57
06/11/2024,$120.91,222551200,$121.77,$122.87,$118.74
06/10/2024,$121.79,314162700,$120.37,$123.10,$117.01
06/07/2024,$120.888,412385800,$119.77,$121.6917,$118.022
06/06/2024,$120.998,664696200,$124.048,$125.587,$118.32
06/05/2024,$122.44,528401800,$118.371,$122.4495,$117.468
06/04/2024,$116.437,403324000,$115.716,$116.60,$114.045
06/03/2024,$115.00,438391800,$113.621,$115.00,$112.003
05/31/2024,$109.633,613262500,$112.52,$112.717,$106.94
05/30/2024,$110.50,487350300,$114.65,$115.8191,$109.663
05/29/2024,$114.825,557441900,$113.05,$115.492,$110.901
05/28/2024,$113.901,652727900,$110.244,$114.939,$109.883
05/24/2024,$106.469,429493700,$104.449,$106.475,$103.00
05/23/2024,$103.799,835065300,$102.028,$106.32,$101.52
05/22/2024,$94.95,548648000,$95.459,$96.02,$93.249
05/21/2024,$95.386,328946500,$93.599,$95.40,$93.18
05/20/2024,$94.78,318764500,$93.75,$95.20,$93.44
05/17/2024,$92.479,359691000,$94.369,$94.74,$91.806
05/16/2024,$94.359,323951800,$94.91,$95.819,$94.103
05/15/2024,$94.63,417735500,$92.472,$94.862,$91.599
05/14/2024,$91.356,296507100,$89.599,$91.651,$88.934
05/13/2024,$90.399,289680200,$90.478,$90.998,$88.529
05/10/2024,$89.878,335325400,$90.3045,$91.401,$89.227
05/09/2024,$88.747,378012700,$90.529,$91.072,$88.231
05/08/2024,$90.412,325721000,$89.4825,$91.194,$89.42
05/07/2024,$90.554,437341600,$91.098,$91.781,$89.011
05/06/2024,$92.14,376202600,$89.39,$92.22,$89.055
05/03/2024,$88.789,398340700,$87.789,$89.281,$87.04
05/02/2024,$85.817,377897500,$84.449,$86.237,$83.20
05/01/2024,$83.041,559863200,$85.077,$86.00,$81.2546
04/30/2024,$86.402,363708700,$87.24,$88.819,$86.30
04/29/2024,$87.757,388970800,$87.595,$87.992,$85.266
04/26/2024,$87.735,551010800,$83.818,$88.3309,$83.387
04/25/2024,$82.632,424640700,$78.868,$83.323,$78.223
04/24/2024,$79.677,512207500,$83.95,$84.082,$79.183
04/23/2024,$82.423,438559400,$80.769,$82.769,$80.264
04/22/2024,$79.518,596340500,$78.104,$80.073,$76.40
04/19/2024,$76.20,875198000,$83.15,$84.324,$75.606
04/18/2024,$84.671,447260300,$84.97,$86.19,$82.402
04/17/2024,$84.035,495399500,$88.34,$88.775,$83.95
04/16/2024,$87.415,370453000,$86.4325,$88.118,$86.0639
04/15/2024,$86.001,443077000,$89.098,$90.613,$85.929
04/12/2024,$88.186,426804800,$89.699,$90.175,$87.53
04/11/2024,$90.616,431637300,$87.42,$90.739,$86.926
04/10/2024,$87.039,431928500,$83.926,$87.40,$83.709
04/09/2024,$85.354,503547400,$87.442,$87.635,$83.022
04/08/2024,$87.133,283220000,$88.70,$88.83,$86.732
04/05/2024,$88.008,399678500,$86.866,$88.481,$85.926
04/04/2024,$85.905,434964900,$90.406,$90.634,$85.88
04/03/2024,$88.964,370066600,$88.484,$90.374,$88.40
04/02/2024,$89.452,433063600,$88.448,$90.094,$87.62
04/01/2024,$90.363,452441500,$90.299,$92.225,$89.204
03/28/2024,$90.356,435212300,$90.00,$91.30,$89.193
03/27/2024,$90.25,586067200,$93.112,$93.24,$89.123
03/26/2024,$92.561,513647600,$95.851,$96.375,$92.502
03/25/2024,$95.002,552136100,$93.941,$96.766,$93.51
03/22/2024,$94.289,586719400,$91.141,$94.778,$90.834
03/21/2024,$91.435,480372300,$92.30,$92.648,$90.405
03/20/2024,$90.372,479062800,$89.797,$90.41,$88.223
03/19/2024,$89.398,672171300,$86.70,$90.544,$85.01
03/18/2024,$88.455,668975900,$90.388,$92.405,$87.085
03/15/2024,$87.8365,642086200,$86.93,$89.546,$86.257
03/14/2024,$87.944,602318200,$89.577,$90.646,$86.60
03/13/2024,$90.888,635712900,$91.055,$91.504,$88.435
03/12/2024,$91.913,668075200,$88.049,$91.96,$86.1501
03/11/2024,$85.774,678364100,$86.429,$88.797,$84.166
03/08/2024,$87.528,1142269000,$95.1379,$97.40,$86.506
03/07/2024,$92.669,608119200,$90.158,$92.767,$89.602
03/06/2024,$88.70,582520300,$88.022,$89.724,$87.03
03/05/2024,$85.964,520639300,$85.27,$86.097,$83.417
03/04/2024,$85.237,615616500,$84.13,$87.695,$83.719
03/01/2024,$82.279,479135100,$80.00,$82.30,$79.435
02/29/2024,$79.112,507289000,$79.094,$79.99,$78.35
02/28/2024,$77.663,393110400,$77.62,$78.933,$77.125
02/27/2024,$78.701,391705200,$79.381,$79.48,$77.162
02/26/2024,$79.092,503972700,$79.70,$80.646,$78.505
02/23/2024,$78.817,829388400,$80.79,$82.394,$77.57
02/22/2024,$78.538,865099700,$75.025,$78.575,$74.22
02/21/2024,$67.472,690298100,$68.006,$68.888,$66.248
02/20/2024,$69.452,704833100,$71.947,$71.956,$67.734
02/16/2024,$72.613,495326600,$74.10,$74.402,$72.501
02/15/2024,$72.658,420121800,$73.869,$73.975,$72.40
02/14/2024,$73.90,504917400,$73.202,$74.236,$71.938
02/13/2024,$72.128,602580200,$70.40,$73.45,$69.62
02/12/2024,$72.248,613710200,$72.60,$74.611,$71.25
02/09/2024,$72.133,436636900,$70.533,$72.185,$70.212
02/08/2024,$69.641,414422100,$70.074,$70.794,$69.455
02/07/2024,$70.099,495574600,$68.319,$70.22,$67.60
02/06/2024,$68.223,683111400,$69.63,$69.754,$66.30
02/05/2024,$69.332,680078000,$68.225,$69.497,$67.205
02/02/2024,$66.16,476577700,$63.974,$66.60,$63.69
02/01/2024,$63.027,369145800,$62.10,$63.191,$61.65
01/31/2024,$61.527,453794900,$61.44,$62.269,$60.70
01/30/2024,$62.774,410735300,$62.90,$63.493,$62.26
01/29/2024,$62.465,348733000,$61.232,$62.489,$60.907
01/26/2024,$61.031,390308600,$60.96,$61.783,$60.573
01/25/2024,$61.617,482776800,$62.35,$62.719,$60.85
01/24/2024,$61.362,560270800,$60.304,$62.849,$59.938
01/23/2024,$59.873,294654500,$59.57,$59.91,$58.585
01/22/2024,$59.654,452954600,$60.049,$60.331,$59.07
01/19/2024,$59.491,543501500,$57.989,$59.50,$57.225
01/18/2024,$57.107,491650400,$57.26,$57.60,$56.107
01/17/2024,$56.053,474394400,$56.347,$56.4707,$54.74
01/16/2024,$56.382,449579700,$55.018,$56.835,$54.90
01/12/2024,$54.71,352993600,$54.62,$54.97,$54.3301
01/11/2024,$54.822,596758800,$54.999,$55.346,$53.56
01/10/2024,$54.35,533795800,$53.616,$54.60,$53.489
01/09/2024,$53.14,773100100,$52.401,$54.325,$51.69
01/08/2024,$52.253,642509900,$49.512,$52.275,$49.479
01/05/2024,$49.097,415039300,$48.462,$49.547,$48.306
01/04/2024,$47.998,306534900,$47.767,$48.50,$47.508
01/03/2024,$47.569,320896200,$47.485,$48.1841,$47.32
01/02/2024,$48.168,411254200,$49.244,$49.295,$47.595
12/29/2023,$49.522,389293300,$49.813,$49.997,$48.751
12/28/2023,$49.522,246587500,$49.643,$49.884,$49.412
12/27/2023,$49.417,233648000,$49.511,$49.68,$49.085
12/26/2023,$49.279,244199500,$48.968,$49.60,$48.96
12/22/2023,$48.83,252506800,$49.195,$49.383,$48.467
12/21/2023,$48.99,300425400,$48.811,$49.095,$48.419
12/20/2023,$48.111,397894400,$49.655,$49.999,$48.098
12/19/2023,$49.604,464444500,$49.424,$49.70,$48.895
12/18/2023,$50.077,412587200,$49.40,$50.433,$49.15
12/15/2023,$48.89,479947600,$48.194,$49.404,$48.12
12/14/2023,$48.35,391231700,$48.39,$48.67,$47.422
12/13/2023,$48.088,447791900,$47.629,$48.594,$47.608
12/12/2023,$47.657,372386900,$46.046,$47.666,$46.046
12/11/2023,$46.627,509728100,$47.491,$47.531,$45.83
12/08/2023,$47.506,359223700,$46.595,$47.7409,$46.55
12/07/2023,$46.596,350822600,$45.70,$46.629,$45.604
12/06/2023,$45.503,380589600,$47.2145,$47.387,$45.412
12/05/2023,$46.566,371717600,$45.466,$46.60,$45.271
12/04/2023,$45.51,437543400,$46.077,$46.077,$45.01
12/01/2023,$46.765,369317000,$46.525,$47.20,$46.187
11/30/2023,$46.77,526246600,$48.024,$48.11,$46.422
11/29/2023,$48.14,382004700,$48.379,$48.762,$47.86
11/28/2023,$47.821,401490900,$48.236,$48.3229,$47.473
11/27/2023,$48.242,395661900,$47.80,$48.53,$47.652
11/24/2023,$47.776,294644600,$48.47,$48.921,$47.745
11/22/2023,$48.716,900642300,$49.852,$50.3349,$47.69
11/21/2023,$49.944,565746900,$50.126,$50.517,$49.222
11/20/2023,$50.409,416142600,$49.312,$50.548,$49.181
11/17/2023,$49.298,325896900,$49.524,$49.717,$49.007
11/16/2023,$49.48,339756200,$48.679,$49.5247,$48.33
11/15/2023,$48.888,475497400,$49.935,$49.96,$48.20
11/14/2023,$49.656,416953900,$49.68,$49.834,$49.04
11/13/2023,$48.62,384135700,$48.32,$49.116,$48.099
11/10/2023,$48.335,422441600,$47.50,$48.472,$47.283
11/09/2023,$46.95,540496000,$47.467,$48.23,$46.75
11/08/2023,$46.574,346718900,$46.10,$46.867,$45.968
11/07/2023,$45.955,343165500,$45.719,$46.218,$45.1575
11/06/2023,$45.751,400733400,$45.2845,$45.935,$44.899
11/03/2023,$45.005,424609600,$44.02,$45.309,$43.723
11/02/2023,$43.506,409171900,$43.328,$43.884,$42.894
11/01/2023,$42.325,437592900,$40.884,$42.381,$40.869
10/31/2023,$40.78,517968700,$40.45,$40.879,$39.23
10/30/2023,$41.161,388028100,$41.087,$41.766,$40.481
10/27/2023,$40.50,416784400,$41.13,$41.206,$40.015
10/26/2023,$40.326,541001300,$41.853,$42.2555,$39.8802
10/25/2023,$41.779,398379200,$43.398,$43.65,$41.555
10/24/2023,$43.663,401463400,$43.077,$43.697,$42.691
10/23/2023,$42.975,478530500,$41.229,$43.248,$40.945
10/20/2023,$41.387,477266100,$41.89,$42.47,$41.078
10/19/2023,$42.101,501233100,$42.811,$43.297,$41.882
10/18/2023,$42.196,627294300,$42.591,$43.219,$41.825
10/17/2023,$43.938,812332700,$44.00,$44.754,$42.48
10/16/2023,$46.095,375099200,$45.063,$46.225,$44.912
10/13/2023,$45.461,475426000,$46.96,$47.116,$45.28
10/12/2023,$46.945,481325000,$46.777,$47.609,$46.33
10/11/2023,$46.806,378136900,$46.196,$46.859,$46.05
10/10/2023,$45.798,368582100,$45.31,$46.259,$45.088
10/09/2023,$45.273,409674700,$44.842,$45.605,$44.368
10/06/2023,$45.762,434436000,$44.193,$45.789,$44.026
10/05/2023,$44.688,393483100,$44.05,$44.90,$43.888
10/04/2023,$44.041,361820900,$43.742,$44.143,$43.292
10/03/2023,$43.517,470849500,$44.808,$45.13,$43.246
10/02/2023,$44.782,433298200,$44.03,$45.175,$43.861
09/29/2023,$43.499,397829900,$43.827,$44.144,$43.3069
09/28/2023,$43.089,424662800,$42.46,$43.4463,$42.115
09/27/2023,$42.468,444935200,$42.33,$42.872,$41.629
09/26/2023,$41.911,402282100,$42.001,$42.82,$41.655
09/25/2023,$42.222,419091000,$41.591,$42.536,$41.177
09/22/2023,$41.61,479236300,$41.572,$42.115,$41.231
09/21/2023,$41.017,450736000,$41.583,$42.10,$40.98
09/20/2023,$42.239,367107700,$43.60,$43.903,$42.223
09/19/2023,$43.52,373064200,$43.833,$43.966,$43.002
09/18/2023,$43.966,500270800,$42.748,$44.242,$42.00
09/15/2023,$43.90,506830500,$45.341,$45.599,$43.808
09/14/2023,$45.581,370097200,$45.95,$45.987,$45.131
09/13/2023,$45.485,398355400,$44.60,$45.93,$44.503
09/12/2023,$44.87,349256300,$44.738,$45.673,$44.531
09/11/2023,$45.178,473965600,$46.148,$46.163,$44.312
09/08/2023,$45.572,473899900,$45.942,$46.606,$45.271
09/07/2023,$46.241,433329900,$45.525,$46.344,$45.152
09/06/2023,$47.061,468669600,$48.441,$48.549,$46.58
09/05/2023,$48.548,382652600,$48.223,$48.8508,$47.86
09/01/2023,$48.509,463830300,$49.762,$49.80,$48.1416
08/31/2023,$49.355,528569800,$49.38,$49.744,$48.958
08/30/2023,$49.264,735206000,$49.044,$49.927,$48.425
08/29/2023,$48.784,701397000,$46.666,$49.081,$46.391
08/28/2023,$46.835,685192200,$46.482,$46.98,$44.888
08/25/2023,$46.018,925340500,$47.012,$47.805,$45.024
08/24/2023,$47.163,1156044000,$50.216,$50.266,$47.159
08/23/2023,$47.116,779046100,$45.866,$47.20,$45.208
08/22/2023,$45.668,757206900,$48.135,$48.187,$45.3331
08/21/2023,$46.967,692573400,$44.494,$47.065,$44.222
08/18/2023,$43.299,583767900,$42.635,$43.578,$41.66
08/17/2023,$43.3435,452394800,$43.97,$44.062,$43.001
08/16/2023,$43.486,527450700,$44.52,$44.675,$43.406
08/15/2023,$43.94,676511500,$44.56,$45.268,$43.71
08/14/2023,$43.753,690285800,$40.486,$43.80,$40.311
08/11/2023,$40.855,533085300,$41.751,$42.018,$40.639
08/10/2023,$42.388,492705300,$42.16,$43.574,$41.835
08/09/2023,$42.554,586449100,$44.274,$44.312,$42.134
08/08/2023,$44.664,353843400,$44.853,$45.242,$44.056
08/07/2023,$45.4165,322153500,$45.111,$45.54,$44.5635
08/04/2023,$44.68,362666200,$44.985,$45.642,$44.393
08/03/2023,$44.515,325076600,$43.80,$45.118,$43.80
08/02/2023,$44.269,530141600,$45.831,$45.84,$43.387
08/01/2023,$46.507,239276000,$46.4595,$46.90,$46.027
07/31/2023,$46.729,251055300,$46.754,$47.13,$46.506
07/28/2023,$46.75,331194200,$46.668,$47.027,$46.381
07/27/2023,$45.90,455975500,$46.519,$47.395,$45.75
07/26/2023,$45.452,364237300,$46.021,$46.053,$44.63
07/25/2023,$45.679,348080900,$44.941,$46.1825,$44.923
07/24/2023,$44.612,383099700,$44.731,$45.109,$44.04
07/21/2023,$44.309,963768600,$45.788,$45.866,$44.10
07/20/2023,$45.52,537864500,$46.507,$47.087,$45.062
07/19/2023,$47.077,427501800,$47.464,$47.818,$46.742
07/18/2023,$47.494,570190400,$46.701,$47.896,$45.734
07/17/2023,$46.461,510488200,$46.289,$46.496,$45.2624
07/14/2023,$45.469,772075300,$46.5828,$48.088,$45.06
07/13/2023,$45.977,478203700,$44.518,$46.155,$44.492
07/12/2023,$43.902,481277000,$43.033,$43.935,$42.7773
07/11/2023,$42.405,298244100,$42.481,$42.758,$42.067
07/10/2023,$42.18,353908100,$42.657,$42.811,$41.649
07/07/2023,$42.503,355881500,$42.322,$43.214,$42.18
07/06/2023,$42.103,304138800,$41.844,$42.179,$41.346
07/05/2023,$42.317,323617600,$42.135,$43.177,$42.085
07/03/2023,$42.413,197754100,$42.517,$42.898,$42.202
06/30/2023,$42.302,501147800,$41.68,$42.55,$41.501
06/29/2023,$40.822,380514300,$41.558,$41.60,$40.60
06/28/2023,$41.117,582639300,$40.66,$41.845,$40.518
06/27/2023,$41.876,462174700,$40.799,$41.94,$40.448
06/26/2023,$40.632,594321900,$42.461,$42.764,$40.10
06/23/2023,$42.209,358139800,$42.464,$42.809,$42.015
06/22/2023,$43.025,417737400,$42.253,$43.4255,$42.234
06/21/2023,$43.045,551602900,$43.501,$43.615,$42.08
06/20/2023,$43.808,451153100,$42.998,$43.99,$42.674
06/16/2023,$42.692,655709400,$43.45,$43.721,$42.6605
06/15/2023,$42.653,568622000,$42.602,$43.289,$42.147
06/14/2023,$42.997,740465000,$40.824,$43.00,$40.552
06/13/2023,$41.022,613208200,$40.186,$41.101,$39.74
06/12/2023,$39.482,389673400,$39.20,$39.53,$38.618
06/09/2023,$38.77,427717500,$39.037,$39.711,$38.567
06/08/2023,$38.51,417772400,$37.724,$38.864,$37.505
06/07/2023,$37.475,511997900,$38.915,$39.499,$37.356
06/06/2023,$38.654,388729100,$38.83,$39.16,$38.148
06/05/2023,$39.171,396093800,$38.909,$39.565,$38.707
06/02/2023,$39.327,482731200,$40.097,$40.50,$39.058
06/01/2023,$39.77,635873000,$38.489,$40.05,$38.34
05/31/2023,$37.834,1002580000,$39.488,$40.295,$37.822
05/30/2023,$40.111,923401100,$40.595,$41.938,$39.949
05/26/2023,$38.946,714396800,$37.89,$39.17,$37.55
05/25/2023,$37.98,1543911000,$38.523,$39.48,$36.635
05/24/2023,$30.538,721418500,$30.21,$30.607,$29.806
05/23/2023,$30.688,356253300,$31.00,$31.288,$30.631
05/22/2023,$31.176,371999700,$30.901,$31.52,$30.68
05/19/2023,$31.264,473907700,$31.536,$31.58,$30.916
05/18/2023,$31.678,748725000,$30.41,$31.828,$30.32
05/17/2023,$30.178,432535400,$29.584,$30.199,$29.43
05/16/2023,$29.213,449404900,$28.841,$29.87,$28.832
05/15/2023,$28.953,293925900,$28.5085,$28.969,$28.152
05/12/2023,$28.34,274222300,$28.529,$28.78,$28.046
05/11/2023,$28.578,322149000,$28.896,$28.95,$28.246
05/10/2023,$28.885,369350000,$29.005,$29.113,$28.4613
05/09/2023,$28.571,314869500,$28.899,$28.973,$28.45
05/08/2023,$29.151,344978900,$28.522,$29.22,$28.35
05/05/2023,$28.68,361494100,$27.8255,$28.755,$27.731
05/04/2023,$27.562,321850400,$27.651,$27.859,$27.24
05/03/2023,$27.802,383387400,$27.84,$28.367,$27.472
05/02/2023,$28.21,402729600,$28.68,$28.836,$28.083
05/01/2023,$28.91,570328500,$27.84,$29.0584,$27.78
04/28/2023,$27.749,292216100,$27.225,$27.758,$27.0715
04/27/2023,$27.226,377161200,$27.363,$27.495,$26.625
04/26/2023,$26.956,406336800,$27.002,$27.33,$26.7051
04/25/2023,$26.241,378527200,$27.078,$27.247,$26.225
04/24/2023,$27.042,339281900,$27.013,$27.366,$26.671
04/21/2023,$27.119,345102800,$26.952,$27.183,$26.722
04/20/2023,$27.104,427713300,$27.671,$28.03,$27.00
04/19/2023,$27.931,358660400,$27.361,$28.00,$27.232
04/18/2023,$27.667,604811500,$27.5335,$28.11,$27.357
04/17/2023,$27.002,321471300,$26.5655,$27.006,$26.4332
04/14/2023,$26.758,395660100,$26.504,$26.883,$26.22
04/13/2023,$26.463,353615300,$26.734,$26.8869,$26.329
04/12/2023,$26.495,446259000,$27.37,$27.468,$26.4475
04/11/2023,$27.169,314378200,$27.7235,$27.79,$27.126
04/10/2023,$27.579,395278600,$26.823,$27.621,$26.669
04/06/2023,$27.037,397654300,$26.584,$27.08,$26.427
04/05/2023,$26.881,515014700,$26.829,$26.998,$26.395
04/04/2023,$27.453,368591500,$27.966,$28.00,$27.307
04/03/2023,$27.965,398715600,$27.509,$28.00,$27.336
03/31/2023,$27.777,433932800,$27.14,$27.8343,$27.105
03/30/2023,$27.383,364515700,$27.229,$27.499,$27.102
03/29/2023,$26.984,393693900,$26.825,$27.078,$26.597
03/28/2023,$26.41,356103800,$26.447,$26.513,$25.85
03/27/2023,$26.531,361025700,$26.837,$27.00,$26.365
03/24/2023,$26.779,455414100,$27.031,$27.167,$26.355
03/23/2023,$27.191,564888800,$27.1155,$27.499,$26.69
03/22/2023,$26.468,797295100,$26.425,$27.589,$26.237
03/21/2023,$26.199,547407800,$26.18,$26.392,$25.381
03/20/2023,$25.90,432747200,$25.615,$26.024,$25.1298
03/17/2023,$25.725,848546600,$25.982,$26.399,$25.668
03/16/2023,$25.541,584946300,$24.027,$25.588,$23.894
03/15/2023,$24.228,524485700,$23.761,$24.286,$23.36
03/14/2023,$24.063,474910100,$23.496,$24.219,$23.46
03/13/2023,$22.966,421890300,$22.752,$23.298,$22.297
03/10/2023,$22.965,474865700,$23.409,$23.627,$22.726
03/09/2023,$23.436,501257000,$24.175,$24.454,$23.3828
03/08/2023,$24.181,513573400,$23.487,$24.20,$23.4235
03/07/2023,$23.288,515153900,$23.60,$24.125,$23.241
03/06/2023,$23.554,437429200,$23.891,$24.248,$23.487
03/03/2023,$23.89,412393300,$23.32,$23.90,$23.13
03/02/2023,$23.314,390074700,$22.488,$23.3804,$22.432
03/01/2023,$22.698,460025600,$23.192,$23.2556,$22.508
02/28/2023,$23.216,455962800,$23.372,$23.825,$23.206
02/27/2023,$23.501,452993700,$23.67,$23.8799,$23.454
02/24/2023,$23.286,589715900,$23.225,$23.474,$22.947
02/23/2023,$23.664,1117995000,$23.44,$23.888,$23.025
02/22/2023,$20.754,513184300,$20.707,$21.104,$20.421
02/21/2023,$20.655,410014600,$21.00,$21.4938,$20.618
02/17/2023,$21.388,465887600,$21.631,$21.74,$20.975
02/16/2023,$22.002,412026300,$22.133,$22.55,$21.9268
02/15/2023,$22.764,421188300,$22.549,$22.855,$22.106
02/14/2023,$22.971,675473500,$21.578,$23.0488,$21.366
02/13/2023,$21.788,474918600,$21.538,$22.048,$20.962
02/10/2023,$21.265,550736800,$21.69,$22.0776,$20.811
02/09/2023,$22.337,523875800,$22.606,$23.02,$22.12
02/08/2023,$22.205,559651200,$22.387,$22.878,$22.008
02/07/2023,$22.173,664149600,$21.382,$22.259,$21.15
02/06/2023,$21.089,452197100,$20.806,$21.57,$20.786
02/03/2023,$21.10,429366000,$21.00,$21.745,$20.789
02/02/2023,$21.709,564275800,$21.00,$21.949,$20.70
02/01/2023,$20.943,660477000,$19.691,$21.192,$19.611
01/31/2023,$19.537,498016600,$19.1695,$19.687,$18.95
01/30/2023,$19.162,488611200,$19.95,$20.14,$19.15
01/27/2023,$20.365,542142000,$19.462,$20.628,$19.405
01/26/2023,$19.802,489535400,$19.701,$20.166,$19.278
01/25/2023,$19.323,449537100,$18.9125,$19.37,$18.58
01/24/2023,$19.265,496204100,$18.827,$19.495,$18.82
01/23/2023,$19.193,655162600,$18.064,$19.245,$17.8175
01/20/2023,$17.839,564967100,$17.011,$17.856,$16.825
01/19/2023,$16.765,452931600,$17.036,$17.197,$16.731
01/18/2023,$17.377,439623600,$17.667,$17.873,$17.282
01/17/2023,$17.702,511102200,$16.899,$17.728,$16.899
01/13/2023,$16.899,447287100,$16.278,$16.922,$16.165
01/12/2023,$16.511,551409100,$16.10,$16.637,$15.492
01/11/2023,$16.001,353284900,$15.8395,$16.028,$15.563
01/10/2023,$15.909,384101300,$15.507,$15.962,$15.472
01/09/2023,$15.628,504230600,$15.284,$16.056,$15.141
01/06/2023,$14.859,405043600,$14.474,$15.01,$14.034
01/05/2023,$14.265,389168100,$14.491,$14.564,$14.148
01/04/2023,$14.749,431323600,$14.567,$14.853,$14.241
01/03/2023,$14.315,401276600,$14.851,$14.996,$14.096
12/30/2022,$14.614,310489800,$14.334,$14.629,$14.233
12/29/2022,$14.603,354923200,$14.402,$14.683,$14.227
12/28/2022,$14.036,351066500,$13.927,$14.262,$13.884
12/27/2022,$14.121,464902300,$15.074,$15.10,$14.056
12/23/2022,$15.206,349325600,$15.196,$15.339,$14.883
12/22/2022,$15.339,565045300,$16.0935,$16.138,$14.882
12/21/2022,$16.501,325025400,$16.114,$16.627,$16.102
12/20/2022,$16.085,403259800,$16.064,$16.31,$15.852
12/19/2022,$16.254,354038800,$16.572,$16.609,$16.145
12/16/2022,$16.571,478231900,$16.8642,$17.041,$16.41
12/15/2022,$16.952,478542100,$17.146,$17.32,$16.70
12/14/2022,$17.674,496888100,$17.987,$18.252,$17.42
12/13/2022,$18.072,656588800,$18.531,$18.79,$17.711
12/12/2022,$17.535,457327800,$17.037,$17.538,$16.797
12/09/2022,$17.001,465338200,$17.16,$17.583,$16.975
12/08/2022,$17.169,515455500,$16.273,$17.179,$15.959
12/07/2022,$16.12,372387600,$15.772,$16.186,$15.667
12/06/2022,$15.987,352694300,$16.53,$16.573,$15.819
12/05/2022,$16.61,352255200,$16.679,$16.995,$16.472
12/02/2022,$16.876,371388600,$16.659,$16.9326,$16.445
12/01/2022,$17.135,470976600,$16.999,$17.265,$16.635
11/30/2022,$16.923,565298200,$15.697,$16.93,$15.597
11/29/2022,$15.639,298384500,$15.827,$15.932,$15.52
11/28/2022,$15.827,304152000,$16.026,$16.357,$15.725
11/25/2022,$16.27,167934300,$16.318,$16.487,$16.172
11/23/2022,$16.519,427240900,$16.098,$16.527,$16.048
11/22/2022,$16.038,472866100,$15.328,$16.0576,$15.1216
11/21/2022,$15.317,404739300,$15.147,$15.477,$15.08
11/18/2022,$15.409,492071700,$15.966,$16.002,$15.12
11/17/2022,$15.677,710893600,$15.715,$16.266,$15.535
11/16/2022,$15.91,649546800,$16.1615,$16.362,$15.873
11/15/2022,$16.666,545875500,$16.7215,$16.998,$16.382
11/14/2022,$16.295,527852500,$16.218,$16.54,$15.922
11/11/2022,$16.327,655487500,$15.8075,$16.389,$15.482
11/10/2022,$15.75,700819300,$14.80,$15.773,$14.547
11/09/2022,$13.776,454413700,$14.1615,$14.211,$13.759
11/08/2022,$14.602,595292000,$14.801,$14.891,$14.216
11/07/2022,$14.301,410061000,$14.228,$14.412,$13.954
11/04/2022,$14.156,612575900,$13.986,$14.229,$13.697
11/03/2022,$13.421,500064900,$13.043,$13.781,$12.956
11/02/2022,$13.219,672627800,$13.85,$14.21,$13.2112
11/01/2022,$13.543,432816900,$13.811,$13.925,$13.519
10/31/2022,$13.497,486341000,$13.778,$13.838,$13.297
10/28/2022,$13.834,521039900,$13.104,$13.85,$13.061
10/27/2022,$13.176,583113100,$13.63,$13.838,$13.122
10/26/2022,$12.896,535533300,$12.869,$13.388,$12.708
10/25/2022,$13.261,505482300,$12.6935,$13.30,$12.664
10/24/2022,$12.599,517457400,$12.508,$12.71,$12.064
10/21/2022,$12.466,609494400,$12.0982,$12.498,$11.887
10/20/2022,$12.194,652397600,$12.113,$12.769,$12.105
10/19/2022,$12.051,523130600,$11.879,$12.35,$11.834
10/18/2022,$11.967,659362100,$12.344,$12.492,$11.618
10/17/2022,$11.888,580774200,$11.518,$11.948,$11.517
10/14/2022,$11.227,713432000,$12.057,$12.111,$11.204
10/13/2022,$11.96,850103000,$10.971,$12.078,$10.813
10/12/2022,$11.50,492590200,$11.579,$11.735,$11.345
10/11/2022,$11.586,667481600,$11.561,$11.846,$11.283
10/10/2022,$11.67,698699300,$12.037,$12.1243,$11.4081
10/07/2022,$12.076,672478200,$12.505,$12.67,$12.022
10/06/2022,$13.13,644156900,$13.22,$13.656,$13.103
10/05/2022,$13.209,507130700,$12.9107,$13.321,$12.621
10/04/2022,$13.167,584181700,$12.879,$13.22,$12.879
10/03/2022,$12.512,547478500,$12.347,$12.678,$12.105
09/30/2022,$12.139,565638400,$12.087,$12.633,$12.075
09/29/2022,$12.22,532763100,$12.448,$12.50,$11.946
09/28/2022,$12.736,542413900,$12.41,$12.823,$12.3539
09/27/2022,$12.413,553854100,$12.507,$12.736,$12.258
09/26/2022,$12.228,547342700,$12.491,$12.659,$12.214
09/23/2022,$12.516,663309300,$12.42,$12.611,$12.257
09/22/2022,$12.561,759162200,$13.07,$13.149,$12.428
09/21/2022,$13.261,807679400,$13.213,$14.031,$13.11
09/20/2022,$13.176,524817800,$13.2145,$13.4828,$13.057
09/19/2022,$13.382,569685300,$13.012,$13.463,$13.01
09/16/2022,$13.198,670751400,$12.7415,$13.212,$12.617
09/15/2022,$12.929,523625200,$13.0152,$13.233,$12.79
09/14/2022,$13.128,588506500,$13.254,$13.29,$12.913
09/13/2022,$13.131,714955600,$13.802,$13.922,$13.099
09/12/2022,$14.505,484159200,$14.369,$14.547,$14.198
09/09/2022,$14.387,487128400,$14.157,$14.474,$14.126
09/08/2022,$13.99,624873100,$13.459,$14.008,$13.369
09/07/2022,$13.714,512657500,$13.563,$13.838,$13.346
09/06/2022,$13.465,535751200,$13.731,$13.779,$13.351
09/02/2022,$13.647,743157500,$14.10,$14.171,$13.591
09/01/2022,$13.937,1178865000,$14.209,$14.38,$13.2702
08/31/2022,$15.094,573709900,$15.384,$15.54,$14.9585
08/30/2022,$15.468,530180700,$15.96,$16.039,$15.182
08/29/2022,$15.801,496131900,$16.02,$16.338,$15.767
08/26/2022,$16.26,769127400,$17.857,$17.924,$16.237
08/25/2022,$17.913,770691300,$16.844,$17.947,$16.833
08/24/2022,$17.222,522660700,$17.012,$17.406,$16.895
08/23/2022,$17.181,369985800,$16.9885,$17.465,$16.97
08/22/2022,$17.034,409592700,$17.49,$17.558,$16.966
08/19/2022,$17.849,441588300,$18.406,$18.52,$17.77
08/18/2022,$18.773,415446600,$18.301,$18.865,$18.183
08/17/2022,$18.335,446799100,$18.523,$18.688,$18.145
08/16/2022,$18.879,451239600,$18.9195,$19.142,$18.501
08/15/2022,$19.032,457665600,$18.701,$19.164,$18.613
08/12/2022,$18.709,478094200,$18.16,$18.718,$17.953
08/11/2022,$17.942,509326600,$18.131,$18.707,$17.876
08/10/2022,$18.097,597422500,$17.698,$18.118,$17.317
08/09/2022,$17.086,668262700,$17.252,$17.4472,$16.724
08/08/2022,$17.793,983783200,$17.502,$18.239,$17.242
08/05/2022,$18.989,386068300,$18.81,$19.2289,$18.666
08/04/2022,$19.215,409652300,$18.849,$19.274,$18.76
08/03/2022,$18.893,418145600,$18.184,$18.968,$18.137
08/02/2022,$18.526,489526900,$18.122,$18.9375,$18.092
08/01/2022,$18.441,476469000,$18.182,$18.846,$17.99
07/29/2022,$18.163,435460400,$17.813,$18.244,$17.692
07/28/2022,$17.984,474646300,$17.975,$18.14,$17.44
07/27/2022,$17.79,569776200,$17.032,$17.936,$16.913
07/26/2022,$16.533,397864900,$16.889,$16.919,$16.478
07/25/2022,$17.024,480747500,$17.019,$17.124,$16.649
07/22/2022,$17.319,536670900,$17.893,$17.967,$17.1365
07/21/2022,$18.05,557049300,$17.885,$18.144,$17.5446
07/20/2022,$17.807,760537800,$16.947,$17.9325,$16.801
07/19/2022,$16.992,702366100,$16.486,$17.11,$16.172
07/18/2022,$16.101,670517500,$16.302,$16.897,$16.002
07/15/2022,$15.762,385935500,$15.659,$15.782,$15.445
07/14/2022,$15.372,456234800,$15.108,$15.473,$14.728
07/13/2022,$15.164,521918300,$14.59,$15.375,$14.465
07/12/2022,$15.082,458483100,$15.268,$15.431,$14.877
07/11/2022,$15.152,438388700,$15.526,$15.527,$15.038
07/08/2022,$15.838,467971800,$15.43,$16.037,$15.389
07/07/2022,$15.858,492902800,$15.4555,$15.945,$15.389
07/06/2022,$15.13,529065900,$15.01,$15.319,$14.789
07/05/2022,$14.964,652207600,$14.175,$14.971,$14.055
07/01/2022,$14.523,577610100,$14.899,$15.0629,$14.392
06/30/2022,$15.159,686070000,$15.361,$15.567,$14.862
06/29/2022,$15.542,482352300,$15.814,$15.82,$15.17
06/28/2022,$15.982,461859400,$16.90,$17.202,$15.945
06/27/2022,$16.869,427967900,$17.312,$17.33,$16.6255
06/24/2022,$17.126,472152800,$16.50,$17.14,$16.31
06/23/2022,$16.225,463679600,$16.5185,$16.585,$15.853
06/22/2022,$16.36,437997400,$16.226,$16.662,$16.18
06/21/2022,$16.566,483088900,$16.4745,$17.008,$16.407
06/17/2022,$15.88,630334000,$15.648,$15.995,$15.328
06/16/2022,$15.601,545748700,$15.86,$15.9423,$15.401
06/15/2022,$16.527,563935700,$16.095,$16.868,$15.926
06/14/2022,$15.836,469679500,$15.731,$16.066,$15.412
06/13/2022,$15.647,604153400,$16.00,$16.312,$15.606
06/10/2022,$16.974,465649700,$17.60,$17.697,$16.869
06/09/2022,$18.048,395573800,$18.481,$18.933,$18.041
06/08/2022,$18.648,363252500,$18.799,$19.18,$18.535
06/07/2022,$18.926,388914100,$18.472,$19.00,$18.188
06/06/2022,$18.786,422406200,$19.139,$19.337,$18.5642
06/03/2022,$18.72,598778700,$19.0815,$19.3323,$18.5216
06/02/2022,$19.592,648655800,$18.292,$19.619,$18.198
06/01/2022,$18.32,544513900,$18.724,$19.0532,$18.122
05/31/2022,$18.672,664099500,$18.98,$19.20,$18.35
05/27/2022,$18.811,738379400,$18.186,$18.881,$18.10
05/26/2022,$17.851,996574500,$16.036,$18.092,$16.022
05/25/2022,$16.975,781131900,$16.02,$17.111,$16.00
05/24/2022,$16.154,588550000,$16.51,$16.597,$15.78
05/23/2022,$16.898,639888700,$16.274,$16.915,$16.179
05/20/2022,$16.694,739105300,$17.332,$17.41,$15.755
05/19/2022,$17.124,621309600,$16.937,$17.687,$16.7341
05/18/2022,$16.938,545161100,$17.705,$18.118,$16.864
05/17/2022,$18.177,585829700,$18.074,$18.371,$17.634
05/16/2022,$17.264,521446000,$17.509,$17.788,$17.106
05/13/2022,$17.706,670436500,$16.788,$17.9284,$16.5925
05/12/2022,$16.175,708728400,$16.2191,$16.788,$15.567
05/11/2022,$16.63,670167000,$17.347,$17.753,$16.568
05/10/2022,$17.595,761474300,$17.689,$18.198,$17.025
05/09/2022,$16.95,644454500,$18.034,$18.255,$16.827
05/06/2022,$18.675,633296700,$18.736,$19.512,$17.99
05/05/2022,$18.844,626331400,$19.867,$19.925,$18.50
05/04/2022,$20.334,648854600,$19.923,$20.40,$18.751
05/03/2022,$19.602,475750800,$19.40,$19.825,$19.133
05/02/2022,$19.533,572048700,$18.5405,$19.574,$18.391
04/29/2022,$18.547,500434900,$19.402,$20.1285,$18.517
04/28/2022,$19.782,570326700,$18.967,$20.037,$18.4896
04/27/2022,$18.415,499460200,$18.598,$19.167,$18.29
04/26/2022,$18.788,653142500,$19.718,$19.788,$18.67
04/25/2022,$19.902,641565600,$19.202,$19.945,$19.096
04/22/2022,$19.515,624713400,$20.303,$20.486,$19.50
04/21/2022,$20.183,656209400,$21.7092,$22.392,$20.00
04/20/2022,$21.482,468974400,$22.5171,$22.6704,$21.20
04/19/2022,$22.198,512780600,$21.72,$22.373,$21.314
04/18/2022,$21.783,525700600,$21.20,$22.088,$21.079
04/14/2022,$21.258,569096900,$22.505,$22.777,$21.163
04/13/2022,$22.203,516943400,$21.728,$22.50,$21.455
04/12/2022,$21.504,662258100,$22.537,$22.725,$21.282
04/11/2022,$21.917,575206800,$22.214,$22.3199,$21.66
04/08/2022,$23.119,524780600,$23.917,$23.923,$23.062
04/07/2022,$24.208,557992400,$24.441,$24.722,$23.478
04/06/2022,$24.407,703832600,$24.934,$25.30,$24.003
04/05/2022,$25.931,436614700,$27.254,$27.319,$25.82
04/04/2022,$27.36,397707800,$26.728,$27.558,$26.613
04/01/2022,$26.712,517235100,$27.375,$27.496,$26.267
03/31/2022,$27.286,523440200,$27.782,$28.248,$27.27
03/30/2022,$27.69,463487100,$28.304,$28.4955,$27.503
03/29/2022,$28.656,488984400,$28.6945,$28.946,$27.98
03/28/2022,$28.219,425493900,$27.7555,$28.25,$27.206
03/25/2022,$27.692,579016200,$27.886,$28.358,$27.271
03/24/2022,$28.15,877379100,$26.166,$28.32,$25.907
03/23/2022,$25.634,502119900,$26.126,$26.6115,$25.575
03/22/2022,$26.524,547007100,$26.727,$27.238,$26.072
03/21/2022,$26.734,591727100,$26.507,$27.152,$25.967
03/18/2022,$26.453,730718600,$24.799,$26.569,$24.624
03/17/2022,$24.766,471941200,$24.12,$24.842,$23.906
03/16/2022,$24.496,671421700,$23.50,$24.597,$23.172
03/15/2022,$22.973,491995700,$21.518,$23.038,$21.322
03/14/2022,$21.33,385354200,$21.869,$22.262,$21.159
03/11/2022,$22.10,367208600,$23.022,$23.145,$22.046
03/10/2022,$22.658,428065700,$22.531,$22.788,$21.882
03/09/2022,$23.014,492742000,$22.387,$23.22,$22.247
03/08/2022,$21.514,557467200,$21.309,$22.373,$20.65
03/07/2022,$21.352,450820900,$22.817,$23.033,$21.33
03/04/2022,$22.936,432010700,$23.384,$23.68,$22.482
03/03/2022,$23.714,365095000,$24.2615,$24.326,$23.469
03/02/2022,$24.22,389641900,$23.756,$24.409,$23.415
03/01/2022,$23.477,412056000,$24.291,$24.377,$23.132
02/28/2022,$24.385,477318600,$23.992,$24.665,$23.707
02/25/2022,$24.157,528865500,$23.721,$24.217,$23.381
02/24/2022,$23.748,735800600,$21.015,$23.80,$20.89
02/23/2022,$22.387,566510800,$23.802,$24.155,$22.301
02/22/2022,$23.39,633422400,$23.035,$24.064,$23.00
02/18/2022,$23.642,761254900,$24.6675,$24.986,$23.10
02/17/2022,$24.507,810595100,$25.63,$25.785,$24.165
02/16/2022,$26.511,732676300,$26.259,$26.582,$25.552
02/15/2022,$26.495,701752800,$24.949,$26.545,$24.784
02/14/2022,$24.267,440424400,$23.934,$24.875,$23.755
02/11/2022,$23.949,605472000,$25.916,$26.152,$23.773
02/10/2022,$25.824,513199700,$25.995,$26.925,$25.60
02/09/2022,$26.705,524281700,$25.622,$26.725,$25.353
02/08/2022,$25.108,410358600,$24.359,$25.23,$23.98
02/07/2022,$24.728,376867500,$24.372,$25.182,$24.202
02/04/2022,$24.319,354828500,$23.972,$24.635,$23.632
02/03/2022,$23.948,410177800,$24.458,$25.077,$23.78
02/02/2022,$25.242,543419400,$25.794,$25.817,$24.553
02/01/2022,$24.638,518925200,$25.104,$25.145,$23.89
01/31/2022,$24.486,564679700,$23.182,$24.509,$23.052
01/28/2022,$22.84,543774300,$22.0122,$22.858,$21.296
01/27/2022,$21.944,573352700,$23.568,$23.995,$21.675
01/26/2022,$22.772,755958700,$23.24,$24.057,$22.30
01/25/2022,$22.324,664616400,$22.546,$22.943,$22.00
01/24/2022,$23.372,915810600,$22.33,$23.38,$20.888
01/21/2022,$23.374,718957800,$23.507,$24.823,$23.263
01/20/2022,$24.15,435180700,$25.304,$25.579,$24.078
01/19/2022,$25.067,488314500,$26.079,$26.5432,$25.052
01/18/2022,$25.903,425306200,$26.26,$26.638,$25.77
01/14/2022,$26.942,395832400,$26.30,$27.1969,$26.21
01/13/2022,$26.575,538868100,$28.379,$28.48,$26.498
01/12/2022,$27.999,383413500,$28.0665,$28.595,$27.608
01/11/2022,$27.817,404089300,$27.3225,$28.065,$26.839
01/10/2022,$27.40,594681000,$26.581,$27.469,$25.6438
01/07/2022,$27.247,409938500,$28.141,$28.422,$27.057
01/06/2022,$28.178,454186400,$27.64,$28.438,$27.065
01/05/2022,$27.604,498063900,$28.949,$29.416,$27.533
01/04/2022,$29.29,527154400,$30.277,$30.468,$28.349
01/03/2022,$30.121,392402900,$29.815,$30.711,$29.785
12/31/2021,$29.411,266529900,$29.674,$30.03,$29.3306
12/30/2021,$29.586,308864200,$29.827,$30.457,$29.54
12/29/2021,$30.001,343139300,$30.2725,$30.548,$29.366
12/28/2021,$30.322,420591200,$31.312,$31.33,$30.0118
12/27/2021,$30.945,403685900,$29.66,$31.0865,$29.64
12/23/2021,$29.64,343021700,$29.755,$30.059,$29.431
12/22/2021,$29.40,395184400,$28.891,$29.555,$28.449
12/21/2021,$29.075,524384900,$28.374,$29.12,$27.401
12/20/2021,$27.719,461846800,$27.305,$28.144,$27.145
12/17/2021,$27.801,716622400,$27.985,$28.922,$27.76
12/16/2021,$28.387,707366000,$31.152,$31.16,$28.093
12/15/2021,$30.459,698296900,$28.40,$30.50,$27.838
12/14/2021,$28.337,667035400,$27.699,$28.678,$27.25
12/13/2021,$28.161,598343700,$30.249,$30.294,$28.116
12/10/2021,$30.198,488825100,$31.15,$31.305,$29.861
12/09/2021,$30.49,488507200,$31.734,$32.205,$30.428
12/08/2021,$31.826,475551500,$31.999,$32.29,$31.421
12/07/2021,$32.427,593053500,$30.957,$32.449,$30.651
12/06/2021,$30.037,658938500,$29.88,$30.241,$28.038
12/03/2021,$30.693,544325100,$32.00,$32.129,$30.13
12/02/2021,$32.126,472890300,$31.214,$32.478,$31.025
12/01/2021,$31.435,485802000,$33.2195,$33.2893,$31.38
11/30/2021,$32.676,622066500,$33.169,$33.353,$31.864
11/29/2021,$33.376,454964000,$32.366,$33.412,$32.036
11/26/2021,$31.503,283068900,$32.60,$32.71,$31.35
11/24/2021,$32.674,435162300,$31.461,$32.855,$30.928
11/23/2021,$31.746,532162700,$31.535,$32.36,$30.88
11/22/2021,$31.956,754335200,$33.517,$34.647,$31.90
11/19/2021,$32.985,533866700,$32.243,$33.088,$31.905
11/18/2021,$31.675,781710800,$32.367,$32.76,$31.321
11/17/2021,$29.261,428508000,$30.418,$30.509,$28.80
11/16/2021,$30.203,264483700,$29.759,$30.39,$29.7059
11/15/2021,$30.025,384909000,$30.552,$30.644,$29.247
11/12/2021,$30.39,413054300,$30.01,$30.68,$29.63
11/11/2021,$30.39,332172100,$30.468,$30.59,$29.777
11/10/2021,$29.459,636205700,$29.356,$30.85,$28.778
11/09/2021,$30.657,646746200,$32.282,$32.31,$29.964
11/08/2021,$30.804,503100900,$30.149,$31.10,$29.907
11/05/2021,$29.752,851260200,$30.187,$31.40,$29.41
11/04/2021,$29.801,1153631000,$27.229,$31.365,$27.118
11/03/2021,$26.598,239910300,$26.67,$26.784,$26.235
11/02/2021,$26.401,294112400,$25.822,$26.678,$25.80
11/01/2021,$25.827,265739800,$25.649,$25.894,$25.227
10/29/2021,$25.567,292502800,$25.0005,$25.709,$25.00
10/28/2021,$24.941,234204300,$24.878,$24.95,$24.523
10/27/2021,$24.451,245989900,$24.474,$25.09,$24.282
10/26/2021,$24.717,485898300,$23.989,$25.259,$23.924
10/25/2021,$23.166,230234800,$22.973,$23.355,$22.77
10/22/2021,$22.726,249383800,$22.823,$23.13,$22.561
10/21/2021,$22.692,187590300,$22.097,$22.711,$22.083
10/20/2021,$22.103,146275900,$22.3045,$22.433,$21.982
10/19/2021,$22.29,161473300,$22.276,$22.379,$22.037
10/18/2021,$22.222,189493600,$21.749,$22.291,$21.644
10/15/2021,$21.862,226994000,$21.81,$21.931,$21.662
10/14/2021,$21.746,243588800,$21.288,$21.755,$21.122
10/13/2021,$20.939,180651900,$20.918,$20.99,$20.713
10/12/2021,$20.671,162133500,$20.8275,$21.057,$20.528
10/11/2021,$20.695,163387500,$20.575,$21.063,$20.511
10/08/2021,$20.831,151257900,$21.101,$21.206,$20.775
10/07/2021,$21.075,256918900,$21.092,$21.322,$20.972
10/06/2021,$20.70,297201800,$20.12,$20.72,$20.08
10/05/2021,$20.451,279281700,$19.95,$20.648,$19.854
10/04/2021,$19.732,345635000,$20.504,$20.5418,$19.555
10/01/2021,$20.742,240978000,$20.75,$20.859,$20.203
09/30/2021,$20.716,221009100,$20.7684,$21.066,$20.688
09/29/2021,$20.517,218393600,$20.9395,$21.017,$20.467
09/28/2021,$20.699,343069000,$21.2135,$21.419,$20.651
09/27/2021,$21.66,245215100,$21.7104,$21.799,$21.325
09/24/2021,$22.081,217655500,$22.07,$22.149,$21.861
09/23/2021,$22.482,248554900,$22.14,$22.5345,$21.89
09/22/2021,$21.941,268725600,$21.3655,$21.96,$21.196
09/21/2021,$21.246,204688100,$21.4165,$21.425,$20.95
09/20/2021,$21.113,349440500,$21.146,$21.433,$20.662
09/17/2021,$21.90,294502800,$22.30,$22.321,$21.83
09/16/2021,$22.242,156033400,$22.1835,$22.277,$21.927
09/15/2021,$22.341,166538000,$22.309,$22.367,$21.966
09/14/2021,$22.242,199754600,$22.275,$22.41,$22.086
09/13/2021,$22.152,297499900,$22.684,$22.964,$21.858
09/10/2021,$22.478,248375700,$22.3483,$22.626,$22.27
09/09/2021,$22.177,196856000,$22.312,$22.538,$22.131
09/08/2021,$22.339,254434200,$22.513,$22.61,$21.977
09/07/2021,$22.662,198107200,$22.833,$22.899,$22.5224
09/03/2021,$22.843,280832000,$22.325,$22.986,$22.20
09/02/2021,$22.396,188109600,$22.518,$22.593,$22.2945
09/01/2021,$22.441,201767000,$22.485,$22.697,$22.3565
08/31/2021,$22.385,259849700,$22.695,$22.695,$22.12
08/30/2021,$22.688,262579900,$22.83,$23.043,$22.551
08/27/2021,$22.636,304722200,$22.184,$22.722,$22.167
08/26/2021,$22.068,237940400,$22.20,$22.34,$21.79
08/25/2021,$22.213,347701000,$21.737,$22.47,$21.722
08/24/2021,$21.793,297298900,$21.753,$21.959,$21.535
08/23/2021,$21.958,575806600,$20.971,$21.997,$20.95
08/20/2021,$20.816,675741300,$19.991,$20.8651,$19.933
08/19/2021,$19.798,766554800,$19.494,$20.495,$18.762
08/18/2021,$19.04,285913500,$19.50,$19.6337,$19.00
08/17/2021,$19.458,204584900,$19.685,$19.77,$19.267
08/16/2021,$19.95,211152800,$20.135,$20.287,$19.453
08/13/2021,$20.188,183062900,$19.905,$20.2138,$19.851
08/12/2021,$19.905,151861600,$19.87,$20.029,$19.62
08/11/2021,$19.699,185924800,$20.043,$20.049,$19.43
08/10/2021,$19.936,179237800,$20.322,$20.43,$19.8345
08/09/2021,$20.295,146443100,$20.446,$20.508,$20.143
08/06/2021,$20.366,178496600,$20.524,$20.57,$20.21
08/05/2021,$20.637,211435400,$20.50,$20.733,$20.342
08/04/2021,$20.274,231309400,$19.99,$20.318,$19.828
08/03/2021,$19.815,301810700,$19.74,$20.222,$19.22
08/02/2021,$19.75,217444000,$19.70,$19.961,$19.361
07/30/2021,$19.499,183497500,$19.418,$19.63,$19.263
07/29/2021,$19.662,190780900,$19.519,$19.853,$19.328
07/28/2021,$19.503,202191200,$19.3192,$19.646,$18.995
07/27/2021,$19.208,248862600,$19.265,$19.622,$18.741
07/26/2021,$19.294,203943200,$19.311,$19.442,$18.914
07/23/2021,$19.558,195672000,$19.6564,$19.70,$19.25
07/22/2021,$19.594,323826000,$19.642,$19.887,$19.276
07/21/2021,$19.41,371017400,$18.882,$19.527,$18.742
07/20/2021,$18.612,434686500,$18.73,$18.838,$18.164
07/19/2021,$18.7798,749058800,$17.9153,$19.042,$17.8655
07/16/2021,$18.161,688222800,$19.0305,$19.1571,$18.073
07/15/2021,$18.9662,550564400,$19.8118,$19.847,$18.8585
07/14/2021,$19.8415,380099200,$20.3577,$20.4178,$19.7528
07/13/2021,$20.25,290706320,$20.4005,$20.4613,$20.114
07/12/2021,$20.5125,321984760,$20.24,$20.5328,$20.1878
07/09/2021,$20.0503,296622680,$19.9625,$20.0801,$19.7542
07/08/2021,$19.9028,503299600,$19.8565,$20.133,$19.7007
07/07/2021,$20.3718,418427200,$20.8535,$20.875,$20.3321
07/06/2021,$20.6985,446707600,$20.7375,$20.842,$20.3503
07/02/2021,$20.487,343396680,$20.4401,$20.5053,$20.2878
07/01/2021,$20.212,480134800,$20.125,$20.456,$20.019
06/30/2021,$20.0025,326566160,$19.9991,$20.1625,$19.8638
06/29/2021,$20.0268,367633840,$19.8825,$20.0988,$19.6569
06/28/2021,$19.985,495436400,$19.3613,$20.0787,$19.319
06/25/2021,$19.031,278365920,$19.2805,$19.3455,$18.8944
06/24/2021,$19.2055,320922400,$19.2278,$19.42,$19.0882
06/23/2021,$19.0573,332357040,$19.0077,$19.1528,$18.9078
06/22/2021,$18.8868,580145600,$18.4715,$18.9638,$18.3859
06/21/2021,$18.4273,672382000,$18.4353,$18.5365,$17.8226
06/18/2021,$18.6387,968854400,$18.784,$19.375,$18.584
06/17/2021,$18.6573,809654800,$17.7746,$18.835,$17.7563
06/16/2021,$17.8103,307122600,$17.7907,$17.9547,$17.5844
06/15/2021,$17.7885,243030440,$17.915,$18.0162,$17.728
06/14/2021,$18.0188,321374280,$17.906,$18.0395,$17.6628
06/11/2021,$17.8253,416307600,$17.4795,$17.9392,$17.4438
06/10/2021,$17.425,287770440,$17.35,$17.492,$17.176
06/09/2021,$17.3583,381657480,$17.5158,$17.575,$17.2558
06/08/2021,$17.457,323846760,$17.5273,$17.6216,$17.251
06/07/2021,$17.619,575754800,$17.5711,$17.8125,$17.1928
06/04/2021,$17.5783,617120400,$17.1125,$17.661,$17.0955
06/03/2021,$16.9698,580006800,$16.7007,$17.259,$16.583
06/02/2021,$16.7783,594167600,$16.2523,$16.9189,$16.2355
06/01/2021,$16.2645,472803200,$16.27,$16.3881,$15.9033
05/28/2021,$16.2445,644535600,$15.501,$16.2775,$15.501
05/27/2021,$15.488,581475200,$15.6998,$15.75,$15.46
05/26/2021,$15.70,370438640,$15.7343,$15.7938,$15.5863
05/25/2021,$15.6478,435406800,$15.766,$15.8185,$15.4825
05/24/2021,$15.612,554816400,$15.2125,$15.745,$15.176
05/21/2021,$14.9918,672992000,$15.1638,$15.222,$14.8694
05/20/2021,$14.6125,321591920,$14.3025,$14.6838,$14.2705
05/19/2021,$14.0658,343999360,$13.5665,$14.0795,$13.5433
05/18/2021,$14.0158,186254240,$14.267,$14.4042,$14.004
05/17/2021,$14.1655,216488840,$14.157,$14.1693,$13.8535
05/14/2021,$14.243,258615000,$13.89,$14.3281,$13.7485
05/13/2021,$13.6653,285727480,$14.0338,$14.0808,$13.459
05/12/2021,$13.7585,303409320,$14.0095,$14.2602,$13.7093
05/11/2021,$14.3063,285585360,$13.825,$14.3548,$13.75
05/10/2021,$14.2658,268903800,$14.7873,$14.806,$14.25
05/07/2021,$14.8123,229327320,$14.8083,$14.9708,$14.6717
05/06/2021,$14.523,193380920,$14.4952,$14.5713,$14.2181
05/05/2021,$14.4585,292023040,$14.709,$14.8135,$14.3875
05/04/2021,$14.3513,405324800,$14.6373,$14.6375,$14.0103
05/03/2021,$14.8368,203911840,$15.125,$15.2468,$14.7875
04/30/2021,$15.0095,201910080,$15.1745,$15.365,$14.997
04/29/2021,$15.3248,173196480,$15.40,$15.4365,$15.0715
04/28/2021,$15.2768,209416200,$15.3645,$15.5322,$15.2155
04/27/2021,$15.3818,164573000,$15.5785,$15.6705,$15.3545
04/26/2021,$15.478,197797080,$15.1851,$15.479,$15.125
04/23/2021,$15.2653,227772200,$14.9344,$15.3349,$14.9003
04/22/2021,$14.8503,277786280,$15.375,$15.4386,$14.7835
04/21/2021,$15.3605,216777040,$15.1188,$15.3625,$15.1023
04/20/2021,$15.1713,334133040,$15.3233,$15.497,$14.963
04/19/2021,$15.3618,404418000,$15.5365,$15.8075,$15.233
04/16/2021,$15.9125,335207560,$16.0531,$16.1657,$15.8653
04/15/2021,$16.1373,598480800,$15.6625,$16.2142,$15.6315
04/14/2021,$15.277,385501920,$15.625,$15.7205,$15.2275
04/13/2021,$15.6795,676212000,$15.2315,$15.70,$15.1258
04/12/2021,$15.209,869322000,$14.2898,$15.3525,$14.1393
04/09/2021,$14.40,195170880,$14.214,$14.408,$14.175
04/08/2021,$14.317,244414920,$14.2528,$14.4715,$14.2489
04/07/2021,$14.1435,251284360,$13.8808,$14.2435,$13.7115
04/06/2021,$13.8615,191745960,$13.9997,$14.0541,$13.7736
04/05/2021,$13.9875,255671400,$13.8675,$14.014,$13.733
04/01/2021,$13.8118,308274600,$13.5723,$13.87,$13.5113
03/31/2021,$13.3483,314777520,$13.0155,$13.4705,$12.9825
03/30/2021,$12.8718,200202480,$12.842,$12.9753,$12.705
03/29/2021,$12.9483,273519880,$12.8203,$13.0625,$12.70
03/26/2021,$12.8393,363968960,$12.5545,$12.8563,$12.3735
03/25/2021,$12.5353,295144560,$12.4995,$12.7148,$12.272
03/24/2021,$12.643,245838520,$13.1512,$13.1591,$12.6368
03/23/2021,$13.0708,222046080,$13.2542,$13.3445,$13.0213
03/22/2021,$13.1863,297803080,$12.9128,$13.3945,$12.9068
03/19/2021,$12.8458,299206960,$12.75,$12.9215,$12.6125
03/18/2021,$12.7225,294188080,$13.1365,$13.184,$12.717
03/17/2021,$13.3413,243864200,$13.0398,$13.4533,$12.9895
03/16/2021,$13.2913,272129600,$13.3565,$13.5125,$13.1168
03/15/2021,$13.1913,222520440,$12.8648,$13.2068,$12.7671
03/12/2021,$12.856,243963960,$12.6483,$12.8888,$12.59
03/11/2021,$12.9935,299914280,$12.95,$13.0463,$12.7345
03/10/2021,$12.4683,384376560,$12.8405,$12.98,$12.4575
03/09/2021,$12.5203,521825600,$12.1303,$12.6168,$12.0593
03/08/2021,$11.5933,543111600,$12.45,$12.4713,$11.5665
03/05/2021,$12.4615,542838800,$12.55,$12.55,$11.6793
03/04/2021,$12.3703,573345200,$12.8008,$12.975,$12.0838
03/03/2021,$12.8048,377590280,$13.4263,$13.4515,$12.7988
03/02/2021,$13.4063,264114120,$13.90,$13.9205,$13.396
03/01/2021,$13.8417,353183000,$13.875,$13.925,$13.5532
02/26/2021,$13.7145,500930400,$13.7525,$13.8545,$13.361
02/25/2021,$13.3075,824436000,$14.0454,$14.3748,$13.2163
02/24/2021,$14.499,448319200,$14.1228,$14.5068,$13.756
02/23/2021,$14.142,391779320,$14.0753,$14.2388,$13.3895
02/22/2021,$14.3558,325885560,$14.7748,$15.1333,$14.325
02/19/2021,$14.9265,271724120,$15.0245,$15.177,$14.8467
02/18/2021,$14.829,234080800,$14.729,$14.8732,$14.575
02/17/2021,$14.906,275698680,$15.171,$15.2235,$14.78
02/16/2021,$15.3303,321959520,$15.0643,$15.3725,$14.95
02/12/2021,$14.9613,374757480,$15.05,$15.2911,$14.775
02/11/2021,$15.2508,450827600,$14.9803,$15.2723,$14.925
02/10/2021,$14.7643,485352400,$14.4633,$14.905,$14.3414
02/09/2021,$14.2632,287560120,$14.3406,$14.5833,$14.2225
02/08/2021,$14.4387,434622800,$13.7272,$14.4738,$13.7272
02/05/2021,$13.591,169153640,$13.725,$13.7373,$13.5458
02/04/2021,$13.6643,201338480,$13.531,$13.6735,$13.3379
02/03/2021,$13.5305,245409280,$13.636,$13.9318,$13.5165
02/02/2021,$13.5568,220438280,$13.3988,$13.572,$13.2855
02/01/2021,$13.237,217204320,$13.0534,$13.2708,$12.9028
01/29/2021,$12.9898,271552040,$13.075,$13.3348,$12.9115
01/28/2021,$13.051,228315960,$12.9963,$13.3398,$12.9605
01/27/2021,$12.9178,371272840,$13.23,$13.2327,$12.7938
01/26/2021,$13.4353,163980400,$13.5804,$13.6448,$13.3875
01/25/2021,$13.6533,251111160,$13.7818,$13.8285,$13.2365
01/22/2021,$13.7125,246818560,$13.7401,$13.8417,$13.6273
01/21/2021,$13.8675,338339600,$13.4186,$13.9994,$13.253
01/20/2021,$13.3658,258570880,$13.1118,$13.4305,$13.0568
01/19/2021,$13.0253,226186880,$13.0162,$13.094,$12.844
01/15/2021,$12.8595,277781280,$13.228,$13.3253,$12.8485
01/14/2021,$13.2003,283120280,$13.575,$13.5998,$13.1805
01/13/2021,$13.5318,210028440,$13.49,$13.625,$13.385
01/12/2021,$13.4848,291477720,$13.7525,$13.7545,$13.345
01/11/2021,$13.6215,519028800,$13.4188,$13.961,$13.3625
01/08/2021,$13.2768,292528600,$13.3625,$13.421,$13.042
01/07/2021,$13.344,461481600,$12.9675,$13.3778,$12.8865
01/06/2021,$12.6145,580423200,$13.2225,$13.245,$12.586
01/05/2021,$13.4048,322759920,$13.0998,$13.4435,$13.087
01/04/2021,$13.1135,560642000,$13.1043,$13.6525,$12.9625
12/31/2020,$13.055,192424400,$13.1365,$13.1511,$12.915
12/30/2020,$13.1458,225397160,$12.9903,$13.2137,$12.8968
12/29/2020,$12.9433,170372160,$12.925,$13.0725,$12.8423
12/28/2020,$12.90,212565640,$13.0625,$13.0625,$12.7632
12/24/2020,$12.9938,97883520,$13.0373,$13.1325,$12.9387
12/23/2020,$13.0093,179142760,$13.256,$13.275,$13.005
12/22/2020,$13.2783,186314880,$13.3193,$13.3372,$13.0539
12/21/2020,$13.3323,302332160,$13.0748,$13.37,$12.9675
12/18/2020,$13.272,342064640,$13.379,$13.405,$13.0705
12/17/2020,$13.3413,231383880,$13.3668,$13.3795,$13.1785
12/16/2020,$13.2425,223114680,$13.4225,$13.4373,$13.2125
12/15/2020,$13.3605,193485920,$13.4398,$13.464,$13.1868
12/14/2020,$13.3088,270157880,$13.0879,$13.3888,$13.0775
12/11/2020,$13.0132,209265640,$12.9673,$13.02,$12.823
12/10/2020,$12.9723,207764720,$12.869,$13.0687,$12.8494
12/09/2020,$12.9308,401301200,$13.3005,$13.414,$12.8682
12/08/2020,$13.35,271920880,$13.585,$13.5988,$13.2815
12/07/2020,$13.6068,223243240,$13.6013,$13.7313,$13.50
12/04/2020,$13.5583,202243400,$13.4485,$13.56,$13.3887
12/03/2020,$13.396,199520640,$13.5875,$13.66,$13.329
12/02/2020,$13.5445,283361200,$13.3505,$13.6734,$13.2343
12/01/2020,$13.39,297571280,$13.4923,$13.5288,$13.2283
11/30/2020,$13.4015,286952000,$13.265,$13.4125,$12.9724
11/27/2020,$13.2613,167275200,$13.375,$13.4075,$13.1705
11/25/2020,$13.2348,259916400,$13.0325,$13.2694,$13.02
11/24/2020,$12.9577,346499960,$13.1425,$13.162,$12.885
11/23/2020,$13.14,361354200,$13.1711,$13.3825,$13.0155
11/20/2020,$13.0878,341089800,$13.454,$13.4945,$13.065
11/19/2020,$13.4403,565934400,$13.2128,$13.4875,$13.10
11/18/2020,$13.4288,510925200,$13.4653,$13.6058,$13.185
11/17/2020,$13.4223,312027960,$13.5525,$13.5963,$13.3039
11/16/2020,$13.5153,413774800,$13.1725,$13.6495,$13.156
11/13/2020,$13.297,346762320,$13.6273,$13.6687,$13.0593
11/12/2020,$13.4568,366635000,$13.4789,$13.766,$13.316
11/11/2020,$13.418,404743600,$13.0538,$13.4349,$12.9483
11/10/2020,$12.77,644067200,$13.6065,$13.6065,$12.6283
11/09/2020,$13.6308,582978000,$14.5525,$14.6915,$13.6107
11/06/2020,$14.562,383349280,$14.1098,$14.5887,$13.895
11/05/2020,$14.16,319028320,$14.1625,$14.339,$13.991
11/04/2020,$13.7943,410229200,$13.3893,$13.8275,$13.3369
11/03/2020,$13.0195,272901080,$12.7085,$13.105,$12.6028
11/02/2020,$12.5808,299652640,$12.6578,$12.8367,$12.395
10/30/2020,$12.534,417396000,$12.85,$12.9364,$12.30
10/29/2020,$13.024,320081840,$12.8385,$13.1928,$12.75
10/28/2020,$12.627,376518080,$13.198,$13.26,$12.609
10/27/2020,$13.3968,250519680,$13.306,$13.442,$13.1915
10/26/2020,$13.1412,336894320,$13.427,$13.6928,$13.0385
10/23/2020,$13.5903,233484280,$13.45,$13.5933,$13.2913
10/22/2020,$13.361,290479440,$13.5225,$13.6118,$13.2318
10/21/2020,$13.5248,219597320,$13.625,$13.7915,$13.4775
10/20/2020,$13.6455,229212040,$13.5835,$13.7998,$13.507
10/19/2020,$13.4978,298068560,$13.9029,$13.9835,$13.4068
10/16/2020,$13.8115,242639600,$14.0368,$14.1215,$13.7925
10/15/2020,$13.97,267225120,$13.8107,$14.0058,$13.7678
10/14/2020,$14.0953,276647120,$14.2905,$14.3428,$13.96
10/13/2020,$14.2482,344603120,$14.2965,$14.3485,$14.0186
10/12/2020,$14.226,434744000,$13.9895,$14.347,$13.9125
10/09/2020,$13.7628,346890920,$13.767,$13.8243,$13.6608
10/08/2020,$13.8387,378900880,$14.075,$14.0845,$13.758
10/07/2020,$13.964,418085200,$13.9998,$14.1193,$13.8635
10/06/2020,$13.7365,784420000,$13.83,$14.142,$13.665
10/05/2020,$13.6425,479818400,$13.236,$13.6443,$13.2228
10/02/2020,$13.0623,552496000,$13.225,$13.5195,$13.051
10/01/2020,$13.6145,525002400,$13.758,$13.7627,$13.4608
09/30/2020,$13.5305,689184000,$13.1575,$13.6225,$13.1503
09/29/2020,$13.2258,623004800,$12.9375,$13.4428,$12.9333
09/28/2020,$13.035,573809200,$13.0403,$13.0518,$12.75
09/25/2020,$12.8738,588016400,$12.4475,$12.8835,$12.2458
09/24/2020,$12.348,731240400,$12.0723,$12.5695,$12.014
09/23/2020,$12.1238,647012400,$12.5755,$12.727,$12.0793
09/22/2020,$12.6378,646452000,$12.575,$12.648,$12.1556
09/21/2020,$12.5173,721042400,$11.925,$12.5225,$11.9045
09/18/2020,$12.1893,698462000,$12.5938,$12.6325,$11.9888
09/17/2020,$12.4635,792511600,$12.1322,$12.5898,$12.0348
09/16/2020,$12.5145,557599600,$12.9573,$13.0928,$12.5138
09/15/2020,$12.991,727556400,$13.28,$13.2988,$12.8278
09/14/2020,$12.8723,1201744800,$13.081,$13.315,$12.6311
09/11/2020,$12.1645,636926800,$12.4855,$12.6525,$11.8958
09/10/2020,$12.3118,698684400,$12.9893,$13.0653,$12.167
09/09/2020,$12.715,736198400,$12.40,$12.8093,$12.2318
09/08/2020,$11.913,795729600,$11.7345,$12.55,$11.7043
09/04/2020,$12.6225,1463682800,$12.7838,$13.175,$11.7048
09/03/2020,$13.0155,945126000,$13.8286,$13.8845,$12.8788
09/02/2020,$14.3465,874012800,$14.7037,$14.7267,$13.90
09/01/2020,$13.821,512474000,$13.48,$13.9938,$13.4365
08/31/2020,$13.3745,500841200,$13.1828,$13.575,$13.0378
08/28/2020,$13.1478,537158400,$12.6749,$13.148,$12.6425
08/27/2020,$12.6283,317602920,$12.7815,$12.85,$12.5664
08/26/2020,$12.773,321242920,$12.7992,$12.8685,$12.6778
08/25/2020,$12.75,289076800,$12.6308,$12.7613,$12.5738
08/24/2020,$12.7203,490564400,$12.8838,$12.9125,$12.5075
08/21/2020,$12.6835,999869600,$12.2018,$12.8087,$12.1952
08/20/2020,$12.141,921386400,$11.975,$12.375,$11.8788
08/19/2020,$12.1385,622622400,$12.2965,$12.315,$12.098
08/18/2020,$12.2608,503446400,$12.45,$12.496,$12.0863
08/17/2020,$12.337,621300800,$11.8513,$12.4098,$11.8172
08/14/2020,$11.564,366436160,$11.53,$11.7048,$11.4405
08/13/2020,$11.443,374459560,$11.546,$11.7218,$11.3558
08/12/2020,$11.4403,464942800,$10.9908,$11.467,$10.9583
08/11/2020,$10.85,354510520,$11.0738,$11.1368,$10.7958
08/10/2020,$11.165,427796000,$11.3343,$11.4083,$10.8565
08/07/2020,$11.1995,342515960,$11.3125,$11.5048,$11.0375
08/06/2020,$11.3355,244315680,$11.3498,$11.358,$11.1788
08/05/2020,$11.2868,250499720,$11.244,$11.3717,$11.1663
08/04/2020,$11.2278,310335600,$11.05,$11.2278,$10.906
08/03/2020,$11.0103,413018400,$10.7325,$11.0988,$10.7153
07/31/2020,$10.6148,386286000,$10.5633,$10.7665,$10.433
07/30/2020,$10.614,308880160,$10.375,$10.623,$10.2953
07/29/2020,$10.4655,284507680,$10.3908,$10.5162,$10.347
07/28/2020,$10.2155,271636040,$10.3743,$10.382,$10.2093
07/27/2020,$10.4215,292130200,$10.2323,$10.4418,$10.2178
07/24/2020,$10.1945,473292000,$9.875,$10.3648,$9.777
07/23/2020,$10.1298,411661200,$10.45,$10.547,$10.0313
07/22/2020,$10.4388,367290840,$10.3675,$10.6025,$10.2916
07/21/2020,$10.3285,277666840,$10.513,$10.5599,$10.2868
07/20/2020,$10.5108,284850840,$10.2743,$10.5313,$10.1568
07/17/2020,$10.2015,266284640,$10.2255,$10.2485,$10.0878
07/16/2020,$10.1348,344964720,$10.015,$10.2067,$9.8955
07/15/2020,$10.2273,403984800,$10.4143,$10.433,$10.0558
07/14/2020,$10.377,542674400,$10.075,$10.4028,$9.7855
07/13/2020,$10.0523,457074800,$10.595,$10.7922,$10.025
07/10/2020,$10.4793,497674800,$10.5888,$10.6553,$10.3788
07/09/2020,$10.509,494547200,$10.3803,$10.57,$10.2335
07/08/2020,$10.216,365480520,$9.9938,$10.225,$9.9655
07/07/2020,$9.8718,357799720,$9.9463,$10.07,$9.8507
07/06/2020,$9.8392,315893720,$9.7418,$9.9088,$9.7125
07/02/2020,$9.6123,364054080,$9.639,$9.7375,$9.5783
07/01/2020,$9.53,326646800,$9.5207,$9.5757,$9.413
06/30/2020,$9.4978,367892000,$9.314,$9.5263,$9.2665
06/29/2020,$9.20,342248120,$9.1698,$9.2045,$8.90
06/26/2020,$9.155,592085600,$9.50,$9.50,$9.125
06/25/2020,$9.49,376072000,$9.3558,$9.505,$9.1823
06/24/2020,$9.2355,449370800,$9.4763,$9.5564,$9.1445
06/23/2020,$9.45,375107400,$9.551,$9.6425,$9.4075
06/22/2020,$9.5267,398466480,$9.30,$9.5313,$9.2733
06/19/2020,$9.2613,524160400,$9.2425,$9.445,$9.2273
06/18/2020,$9.218,254409520,$9.227,$9.2825,$9.1145
06/17/2020,$9.236,408305600,$9.1138,$9.299,$9.0702
06/16/2020,$9.0685,535715200,$9.225,$9.2668,$8.8388
06/15/2020,$9.1738,400002000,$8.8153,$9.1823,$8.7438
06/12/2020,$8.9325,570908000,$9.1625,$9.1873,$8.7033
06/11/2020,$8.7963,583650400,$9.15,$9.2613,$8.786
06/10/2020,$9.3668,632181600,$9.1677,$9.50,$9.1535
06/09/2020,$9.046,468488800,$8.80,$9.1097,$8.7513
06/08/2020,$8.805,387737240,$8.8773,$8.8896,$8.6858
06/05/2020,$8.92,481746000,$8.7945,$8.997,$8.708
06/04/2020,$8.7665,424278400,$8.728,$8.9433,$8.6775
06/03/2020,$8.7695,365438880,$8.8223,$8.8662,$8.70
06/02/2020,$8.8253,391320560,$8.7963,$8.8373,$8.658
06/01/2020,$8.8063,390511000,$8.8332,$8.8407,$8.6895
05/29/2020,$8.8755,745919600,$8.5545,$8.8755,$8.485
05/28/2020,$8.487,736128000,$8.4123,$8.7605,$8.3793
05/27/2020,$8.5252,1175892400,$8.625,$8.6327,$7.9968
05/26/2020,$8.7178,770779200,$9.1568,$9.1817,$8.672
05/22/2020,$9.0263,1038765200,$8.8253,$9.093,$8.7133
05/21/2020,$8.7752,761069600,$9.0515,$9.0524,$8.7375
05/20/2020,$8.97,587536400,$8.991,$9.043,$8.8887
05/19/2020,$8.8055,717322000,$8.7903,$9.0875,$8.7628
05/18/2020,$8.7502,776403600,$8.7605,$8.9165,$8.6805
05/15/2020,$8.4908,987661600,$7.8897,$8.5005,$7.874
05/14/2020,$8.0305,602312400,$7.8416,$8.036,$7.6875
05/13/2020,$7.78,625850000,$7.9175,$8.0785,$7.5948
05/12/2020,$7.8025,493059200,$8.1235,$8.1725,$7.7927
05/11/2020,$8.0655,469060000,$7.8075,$8.1125,$7.7787
05/08/2020,$7.8125,339907120,$7.6938,$7.8188,$7.6597
05/07/2020,$7.6218,373730520,$7.5845,$7.6853,$7.5331
05/06/2020,$7.4448,323465560,$7.4233,$7.55,$7.3853
05/05/2020,$7.3435,368895640,$7.3868,$7.5068,$7.2823
05/04/2020,$7.2821,317555200,$7.022,$7.296,$7.022
05/01/2020,$7.0695,342097800,$7.1088,$7.2225,$7.0211
04/30/2020,$7.307,375917720,$7.4073,$7.4615,$7.293
04/29/2020,$7.4615,379161880,$7.4192,$7.5145,$7.3438
04/28/2020,$7.284,442904000,$7.575,$7.605,$7.2785
04/27/2020,$7.427,479388000,$7.3748,$7.5875,$7.35
04/24/2020,$7.2397,352645480,$7.09,$7.2418,$7.015
04/23/2020,$7.1003,424159600,$7.196,$7.3284,$7.075
04/22/2020,$7.1537,484729200,$6.9308,$7.1968,$6.885
04/21/2020,$6.7378,735160000,$7.0578,$7.1193,$6.6778
04/20/2020,$7.1763,449388400,$7.181,$7.3375,$7.1318
04/17/2020,$7.308,539122000,$7.45,$7.4715,$7.1735
04/16/2020,$7.3675,745620400,$7.177,$7.475,$7.1638
04/15/2020,$7.021,366148840,$6.93,$7.1042,$6.8845
04/14/2020,$7.0987,530946800,$6.875,$7.133,$6.8472
04/13/2020,$6.7463,398407280,$6.5138,$6.755,$6.425
04/09/2020,$6.5738,526248000,$6.80,$6.823,$6.5105
04/08/2020,$6.6738,542444400,$6.5853,$6.6988,$6.515
04/07/2020,$6.4757,784522000,$6.9325,$6.9563,$6.4325
04/06/2020,$6.71,727882400,$6.381,$6.747,$6.3233
04/03/2020,$6.0978,663214000,$6.349,$6.3908,$5.9597
04/02/2020,$6.3868,675764400,$6.106,$6.40,$6.0578
04/01/2020,$6.0768,656913200,$6.3913,$6.5382,$6.032
03/31/2020,$6.59,949960400,$6.68,$6.885,$6.4438
03/30/2020,$6.6397,602250000,$6.384,$6.649,$6.3398
03/27/2020,$6.3182,638829600,$6.25,$6.5779,$6.217
03/26/2020,$6.431,697587600,$6.3485,$6.5555,$6.25
03/25/2020,$6.1405,793430800,$6.345,$6.5455,$6.0915
03/24/2020,$6.2295,1101644000,$5.725,$6.3165,$5.7013
03/23/2020,$5.3173,643874800,$5.1428,$5.412,$4.963
03/20/2020,$5.1438,804634000,$5.475,$5.758,$5.1283
03/19/2020,$5.3243,765514000,$5.049,$5.4183,$4.8347
03/18/2020,$5.0705,874266400,$5.0024,$5.2485,$4.517
03/17/2020,$5.4318,833632000,$5.0228,$5.5215,$4.775
03/16/2020,$4.91,726972000,$5.3102,$5.6525,$4.85
03/13/2020,$6.021,634837600,$5.7625,$6.0255,$5.4903
03/12/2020,$5.4078,816541600,$5.6365,$5.903,$5.395
03/11/2020,$6.1618,502067600,$6.3864,$6.415,$6.0643
03/10/2020,$6.527,580648800,$6.4135,$6.527,$6.1498
03/09/2020,$6.136,614158400,$5.9975,$6.485,$5.9545
03/06/2020,$6.651,515412400,$6.652,$6.7097,$6.45
03/05/2020,$6.8323,540327600,$6.9125,$7.08,$6.7875
03/04/2020,$7.1128,597407200,$6.755,$7.1223,$6.68
03/03/2020,$6.6472,652793200,$6.9667,$7.0267,$6.5615
03/02/2020,$6.9108,890745600,$6.9225,$6.9398,$6.525
02/28/2020,$6.7518,1134675200,$6.0614,$6.8115,$6.0448
02/27/2020,$6.315,906414800,$6.3725,$6.675,$6.2222
02/26/2020,$6.6913,749661600,$6.5515,$6.8863,$6.55
02/25/2020,$6.5513,1055497600,$6.9076,$6.9698,$6.449
02/24/2020,$6.832,856914800,$6.7548,$7.0468,$6.70
02/21/2020,$7.3518,769293200,$7.6048,$7.63,$7.2665
02/20/2020,$7.7175,810050400,$7.8191,$7.908,$7.4088
02/19/2020,$7.8675,694331200,$7.5373,$7.8853,$7.5371
02/18/2020,$7.4143,621881200,$7.1411,$7.4328,$7.1215
02/14/2020,$7.2448,1041923600,$7.1815,$7.3743,$7.15
02/13/2020,$6.7695,528015200,$6.7553,$6.837,$6.7278
02/12/2020,$6.8135,374644720,$6.7503,$6.82,$6.7112
02/11/2020,$6.6973,638556800,$6.683,$6.8125,$6.6208
02/10/2020,$6.5743,529607600,$6.3125,$6.575,$6.3075
02/07/2020,$6.2898,189752120,$6.316,$6.3383,$6.2643
02/06/2020,$6.3561,218282040,$6.3035,$6.3563,$6.222
02/05/2020,$6.269,208220080,$6.2998,$6.31,$6.1852
02/04/2020,$6.1783,271543560,$6.1508,$6.1975,$6.1005
02/03/2020,$6.0083,255928200,$5.8925,$6.0278,$5.8863
01/31/2020,$5.9108,370419720,$6.0993,$6.1113,$5.8688
01/30/2020,$6.1453,290503600,$6.0403,$6.1588,$5.985
01/29/2020,$6.1385,259451160,$6.1848,$6.221,$6.0985
01/28/2020,$6.1993,310976040,$6.0713,$6.2318,$6.0179
01/27/2020,$6.005,470534000,$5.956,$6.0563,$5.8057
01/24/2020,$6.262,373513560,$6.4375,$6.4875,$6.2075
01/23/2020,$6.3215,244514440,$6.293,$6.33,$6.2038
01/22/2020,$6.2513,239238680,$6.244,$6.3398,$6.225
01/21/2020,$6.1985,217917000,$6.1951,$6.2323,$6.1643
01/17/2020,$6.232,253790560,$6.2425,$6.25,$6.1843
01/16/2020,$6.2233,284191640,$6.193,$6.2293,$6.1694
01/15/2020,$6.1393,263105440,$6.1948,$6.2172,$6.1133
01/14/2020,$6.182,359579320,$6.2565,$6.282,$6.1688
01/13/2020,$6.2995,320338040,$6.1915,$6.3247,$6.1688
01/10/2020,$6.108,316462400,$6.1833,$6.2138,$6.0938
01/09/2020,$6.0755,255442120,$6.0963,$6.1482,$6.0214
01/08/2020,$6.0095,277240680,$5.994,$6.051,$5.9537
01/07/2020,$5.9983,319205760,$5.955,$6.0443,$5.9097
01/06/2020,$5.9265,262912480,$5.808,$5.9318,$5.7818
01/03/2020,$5.9017,205772320,$5.8775,$5.9458,$5.8525
01/02/2020,$5.9977,237678760,$5.9688,$5.9977,$5.918
12/31/2019,$5.8825,231211320,$5.7725,$5.8919,$5.7533
12/30/2019,$5.808,258247120,$5.8998,$5.905,$5.7765
12/27/2019,$5.9218,254810040,$5.995,$6.0085,$5.8953
12/26/2019,$5.9798,183218040,$5.969,$6.008,$5.95
12/24/2019,$5.9655,138863880,$5.955,$5.9828,$5.9205
12/23/2019,$5.9705,355392600,$6.013,$6.0453,$5.9597
12/20/2019,$5.9843,603384400,$5.9533,$6.0098,$5.9339
12/19/2019,$5.8865,453106800,$5.7725,$5.90,$5.7675
12/18/2019,$5.7378,344278760,$5.7423,$5.7985,$5.7338
12/17/2019,$5.7073,323263920,$5.6475,$5.73,$5.638
12/16/2019,$5.6288,321307360,$5.6475,$5.7016,$5.6193
12/13/2019,$5.5998,454967200,$5.6048,$5.7245,$5.5455
12/12/2019,$5.6018,406083200,$5.4045,$5.62,$5.3955
12/11/2019,$5.4335,234009880,$5.36,$5.439,$5.3575
12/10/2019,$5.3495,256689120,$5.3345,$5.4015,$5.2815
12/09/2019,$5.3042,215132800,$5.2813,$5.3593,$5.2725
12/06/2019,$5.3042,232418280,$5.288,$5.3373,$5.278
12/05/2019,$5.2185,185137760,$5.2575,$5.2733,$5.1877
12/04/2019,$5.2355,273618360,$5.2755,$5.298,$5.2068
12/03/2019,$5.1915,474146000,$5.0468,$5.1955,$5.0093
12/02/2019,$5.2313,373869680,$5.4115,$5.425,$5.216
11/29/2019,$5.4185,141556960,$5.425,$5.4535,$5.3945
11/27/2019,$5.456,216428720,$5.4668,$5.5013,$5.4295
11/26/2019,$5.425,385680920,$5.5125,$5.5172,$5.4185
11/25/2019,$5.5303,507347600,$5.401,$5.5353,$5.388
11/22/2019,$5.2722,224098800,$5.2773,$5.3241,$5.2485
11/21/2019,$5.2545,288389200,$5.275,$5.331,$5.2328
11/20/2019,$5.2795,473017600,$5.1768,$5.3638,$5.1641
11/19/2019,$5.1998,415380400,$5.2758,$5.2995,$5.1413
11/18/2019,$5.307,575318400,$5.0972,$5.3338,$5.0943
11/15/2019,$5.1048,1054216400,$5.2425,$5.2945,$5.0159
11/14/2019,$5.2447,527006800,$5.2233,$5.247,$5.1629
11/13/2019,$5.2142,302364960,$5.2088,$5.2365,$5.1475
11/12/2019,$5.2403,283838840,$5.243,$5.2965,$5.2078
11/11/2019,$5.2045,243789440,$5.1938,$5.2278,$5.107
11/08/2019,$5.1945,189407480,$5.1915,$5.2263,$5.1538
11/07/2019,$5.2085,280339920,$5.2777,$5.2925,$5.1635
11/06/2019,$5.1908,269013400,$5.216,$5.2417,$5.1028
11/05/2019,$5.2403,300868480,$5.2623,$5.2885,$5.192
11/04/2019,$5.2625,376716200,$5.1463,$5.275,$5.123
11/01/2019,$5.0648,283638240,$4.99,$5.0972,$4.9648
10/31/2019,$5.0255,209732600,$5.054,$5.075,$4.9453
10/30/2019,$5.075,205961520,$5.10,$5.1058,$5.0065
10/29/2019,$5.073,211236800,$5.1558,$5.1623,$5.0535
10/28/2019,$5.1698,330791640,$5.1575,$5.2225,$5.1279
10/25/2019,$5.1135,423091600,$5.0025,$5.1345,$4.9947
10/24/2019,$4.9215,239037320,$4.9188,$4.9553,$4.8845
10/23/2019,$4.8773,285770000,$4.8078,$4.8915,$4.7758
10/22/2019,$4.8903,337369120,$4.9575,$5.0633,$4.8825
10/21/2019,$4.9002,266967240,$4.824,$4.9138,$4.805
10/18/2019,$4.7623,307624200,$4.8578,$4.8905,$4.6875
10/17/2019,$4.8573,264316960,$4.90,$4.9454,$4.8025
10/16/2019,$4.8553,432753200,$4.875,$4.9805,$4.8438
10/15/2019,$4.9093,667985200,$4.754,$4.9823,$4.74
10/14/2019,$4.6633,210335760,$4.641,$4.6843,$4.6096
10/11/2019,$4.6498,450866800,$4.6603,$4.7335,$4.6413
10/10/2019,$4.5758,327515560,$4.5155,$4.627,$4.5103
10/09/2019,$4.5178,307883280,$4.508,$4.5675,$4.479
10/08/2019,$4.4307,449342800,$4.516,$4.516,$4.4125
10/07/2019,$4.6083,488313600,$4.6145,$4.7085,$4.6057
10/04/2019,$4.5492,267960200,$4.535,$4.5788,$4.4695
10/03/2019,$4.5328,462730800,$4.3305,$4.539,$4.30
10/02/2019,$4.326,295661760,$4.328,$4.34,$4.2533
10/01/2019,$4.35,367566000,$4.375,$4.525,$4.3453
09/30/2019,$4.3518,193199080,$4.32,$4.362,$4.2885
09/27/2019,$4.294,365958960,$4.3915,$4.4425,$4.233
09/26/2019,$4.4335,237825920,$4.446,$4.4547,$4.3823
09/25/2019,$4.4558,313106880,$4.3128,$4.4755,$4.2678
09/24/2019,$4.3133,321241800,$4.4025,$4.4322,$4.2775
09/23/2019,$4.371,255825880,$4.3175,$4.4167,$4.3138
09/20/2019,$4.3173,357251800,$4.4225,$4.4463,$4.307
09/19/2019,$4.4235,256342760,$4.5055,$4.524,$4.4128
09/18/2019,$4.4995,264037680,$4.5198,$4.5355,$4.4125
09/17/2019,$4.5267,228473120,$4.512,$4.5309,$4.4653
09/16/2019,$4.5053,231831840,$4.473,$4.54,$4.4625
09/13/2019,$4.5485,324591480,$4.5398,$4.577,$4.5045
09/12/2019,$4.6068,327841000,$4.655,$4.71,$4.5987
09/11/2019,$4.6083,361511280,$4.5943,$4.6568,$4.565
09/10/2019,$4.5795,352812200,$4.4795,$4.6063,$4.4698
09/09/2019,$4.5125,417525200,$4.4975,$4.5995,$4.496
09/06/2019,$4.4663,376976760,$4.47,$4.5273,$4.428
09/05/2019,$4.4935,696485200,$4.3216,$4.4998,$4.32
09/04/2019,$4.219,228120360,$4.1653,$4.2265,$4.1653
09/03/2019,$4.1042,296510800,$4.1145,$4.1478,$4.0813
08/30/2019,$4.1878,290908480,$4.2215,$4.2715,$4.1695
08/29/2019,$4.175,358373040,$4.1225,$4.2075,$4.119
08/28/2019,$4.0305,255828120,$4.0145,$4.0835,$3.975
08/27/2019,$4.045,291549560,$4.1748,$4.1775,$4.0155
08/26/2019,$4.1362,318594160,$4.1403,$4.1645,$4.0978
08/23/2019,$4.061,569497200,$4.21,$4.2648,$4.041
08/22/2019,$4.287,303756720,$4.2905,$4.3333,$4.2476
08/21/2019,$4.2808,427910800,$4.2633,$4.3362,$4.2415
08/20/2019,$4.1968,463521600,$4.264,$4.2645,$4.1755
08/19/2019,$4.2695,816322400,$4.103,$4.2855,$4.0868
08/16/2019,$3.989,1015385200,$3.9838,$4.0385,$3.922
08/15/2019,$3.7193,554462000,$3.7708,$3.7908,$3.6849
08/14/2019,$3.7517,419881200,$3.8126,$3.8238,$3.7078
08/13/2019,$3.9013,360512440,$3.7847,$3.9475,$3.7455
08/12/2019,$3.7862,279200480,$3.802,$3.8545,$3.7643
08/09/2019,$3.8545,341816720,$3.9153,$3.9188,$3.8038
08/08/2019,$3.9565,309298880,$3.9053,$3.9578,$3.8475
08/07/2019,$3.8472,372561800,$3.7475,$3.8593,$3.73
08/06/2019,$3.8087,361270680,$3.845,$3.8908,$3.7608
08/05/2019,$3.7698,589157600,$3.845,$3.8462,$3.7225
08/02/2019,$4.0297,428349200,$4.0297,$4.0995,$3.982
08/01/2019,$4.123,421212400,$4.2285,$4.3195,$4.0705
07/31/2019,$4.218,359415640,$4.3545,$4.3554,$4.1755
07/30/2019,$4.3862,197770440,$4.3237,$4.3985,$4.3093
07/29/2019,$4.3705,248161960,$4.3695,$4.3867,$4.2818
07/26/2019,$4.3768,274159880,$4.3617,$4.4238,$4.3617
07/25/2019,$4.3345,392698120,$4.4248,$4.4375,$4.311
07/24/2019,$4.4665,366237480,$4.435,$4.4722,$4.3585
07/23/2019,$4.3915,428176400,$4.3225,$4.3935,$4.3068
07/22/2019,$4.283,315939920,$4.2325,$4.296,$4.225
07/19/2019,$4.211,344895800,$4.293,$4.2995,$4.205
07/18/2019,$4.2545,443178800,$4.2531,$4.3178,$4.1963
07/17/2019,$4.2428,348204280,$4.1788,$4.2498,$4.1494
07/16/2019,$4.177,341443920,$4.1667,$4.2043,$4.1211
07/15/2019,$4.1818,289839720,$4.2115,$4.2276,$4.1532
07/12/2019,$4.1903,506392800,$4.185,$4.2618,$4.185
07/11/2019,$4.157,682558400,$4.075,$4.198,$4.0375
07/10/2019,$4.0015,452076000,$3.9765,$4.0592,$3.9625
07/09/2019,$3.9328,342860480,$3.8878,$3.961,$3.875
07/08/2019,$3.9303,329786760,$3.9458,$3.9648,$3.90
07/05/2019,$4.0057,396553880,$4.01,$4.0145,$3.942
07/03/2019,$4.0688,246634240,$4.0793,$4.085,$4.0085
07/02/2019,$4.0557,400227600,$4.1375,$4.1587,$4.0425
07/01/2019,$4.1543,711533200,$4.3143,$4.3487,$4.1165
06/28/2019,$4.1057,397666360,$4.125,$4.1343,$4.0587
06/27/2019,$4.0808,445441600,$4.0678,$4.10,$4.0315
06/26/2019,$3.9815,584073200,$3.9153,$4.043,$3.9023
06/25/2019,$3.787,311866440,$3.8215,$3.897,$3.7843
06/24/2019,$3.8165,282948720,$3.8155,$3.8462,$3.768
06/21/2019,$3.794,434426800,$3.8375,$3.887,$3.7875
06/20/2019,$3.8525,350167280,$3.9193,$3.9333,$3.8379
06/19/2019,$3.828,331643960,$3.8575,$3.8689,$3.8018
06/18/2019,$3.822,581918000,$3.6875,$3.8778,$3.6765
06/17/2019,$3.6258,276041480,$3.6143,$3.663,$3.5913
06/14/2019,$3.616,394426240,$3.6128,$3.6373,$3.5709
06/13/2019,$3.7065,308081080,$3.6773,$3.725,$3.6595
06/12/2019,$3.655,358891920,$3.725,$3.7313,$3.6398
06/11/2019,$3.7688,383870040,$3.771,$3.809,$3.729
06/10/2019,$3.7108,402780800,$3.694,$3.7797,$3.694
06/07/2019,$3.6375,348857520,$3.6005,$3.672,$3.5813
06/06/2019,$3.5945,408138400,$3.5362,$3.6193,$3.5337
06/05/2019,$3.532,511615600,$3.6493,$3.6547,$3.4955
06/04/2019,$3.575,641835600,$3.409,$3.5803,$3.3867
06/03/2019,$3.3445,478643200,$3.3978,$3.4368,$3.315
05/31/2019,$3.3865,389719680,$3.4285,$3.4612,$3.3847
05/30/2019,$3.4778,394299600,$3.5078,$3.5437,$3.4392
05/29/2019,$3.5085,559801600,$3.5353,$3.5705,$3.4735
05/28/2019,$3.5833,428354000,$3.6465,$3.6795,$3.5813
05/24/2019,$3.6288,357585280,$3.702,$3.7375,$3.622
05/23/2019,$3.683,591844400,$3.7423,$3.7423,$3.6228
05/22/2019,$3.805,325869600,$3.8375,$3.8638,$3.794
05/21/2019,$3.8765,361849880,$3.855,$3.8925,$3.816
05/20/2019,$3.7938,572065200,$3.8138,$3.8693,$3.7688
05/17/2019,$3.9133,1022068000,$3.9625,$4.0928,$3.8735
05/16/2019,$4.0048,781088000,$3.984,$4.0476,$3.9413
05/15/2019,$3.9895,502320000,$3.995,$4.0263,$3.9352
05/14/2019,$4.051,524878800,$4.0013,$4.0865,$3.9623
05/13/2019,$3.9612,656912800,$4.0875,$4.1108,$3.9453
05/10/2019,$4.2205,569498000,$4.2237,$4.2898,$4.10
05/09/2019,$4.2548,660246400,$4.2785,$4.2883,$4.135
05/08/2019,$4.348,419166000,$4.30,$4.4288,$4.288
05/07/2019,$4.3278,555218400,$4.4475,$4.4475,$4.2793
05/06/2019,$4.4962,422178000,$4.3875,$4.5085,$4.35
05/03/2019,$4.5752,336823480,$4.5883,$4.5983,$4.5133
05/02/2019,$4.5797,394685400,$4.5215,$4.6218,$4.4779
05/01/2019,$4.5118,354281240,$4.5778,$4.6203,$4.5115
04/30/2019,$4.525,361609600,$4.4508,$4.5507,$4.4315
04/29/2019,$4.4833,391022760,$4.4603,$4.5112,$4.3875
04/26/2019,$4.4523,868412400,$4.5178,$4.5222,$4.3325
04/25/2019,$4.6727,491298800,$4.7388,$4.7612,$4.5925
04/24/2019,$4.7793,309274440,$4.7773,$4.8203,$4.716
04/23/2019,$4.7668,331115600,$4.725,$4.7983,$4.7153
04/22/2019,$4.7118,279323440,$4.6338,$4.7275,$4.602
04/18/2019,$4.6575,351344520,$4.689,$4.7233,$4.6295
04/17/2019,$4.6822,315738000,$4.7405,$4.7615,$4.6597
04/16/2019,$4.7053,394251280,$4.657,$4.7243,$4.6241
04/15/2019,$4.6175,439496000,$4.7425,$4.7475,$4.5775
04/12/2019,$4.7503,471254800,$4.8275,$4.8315,$4.7415
04/11/2019,$4.7885,373866600,$4.805,$4.8368,$4.7388
04/10/2019,$4.8025,440293200,$4.7307,$4.8285,$4.7263
04/09/2019,$4.7315,436346800,$4.761,$4.7722,$4.689
04/08/2019,$4.7947,423474400,$4.743,$4.82,$4.7188
04/05/2019,$4.7737,480972000,$4.75,$4.7913,$4.7133
04/04/2019,$4.7065,452506800,$4.70,$4.7493,$4.6433
04/03/2019,$4.7155,783255600,$4.625,$4.775,$4.62
04/02/2019,$4.575,439288400,$4.5812,$4.6197,$4.538
04/01/2019,$4.557,480444000,$4.5815,$4.5875,$4.5094
03/29/2019,$4.489,456280800,$4.4985,$4.5135,$4.4478
03/28/2019,$4.4313,450775600,$4.4388,$4.4975,$4.3778
03/27/2019,$4.4125,473328800,$4.4475,$4.4943,$4.3425
03/26/2019,$4.4218,699764800,$4.4872,$4.5438,$4.3649
03/25/2019,$4.3445,523344000,$4.3965,$4.4612,$4.2778
03/22/2019,$4.4375,746024800,$4.571,$4.62,$4.4235
03/21/2019,$4.5985,821669600,$4.3833,$4.625,$4.3783
03/20/2019,$4.36,716504400,$4.422,$4.4758,$4.325
03/19/2019,$4.3928,849578400,$4.319,$4.4375,$4.302
03/18/2019,$4.2237,483638000,$4.277,$4.3312,$4.1964
03/15/2019,$4.2453,660200800,$4.1825,$4.2883,$4.179
03/14/2019,$4.139,518512400,$4.2248,$4.2367,$4.1313
03/13/2019,$4.2155,761446400,$4.1008,$4.245,$4.0933
03/12/2019,$4.063,576456400,$4.0565,$4.1098,$3.9798
03/11/2019,$4.0285,851726800,$3.7898,$4.0515,$3.7423
03/08/2019,$3.766,408304400,$3.6415,$3.7767,$3.62
03/07/2019,$3.7315,445632000,$3.7775,$3.7873,$3.685
03/06/2019,$3.8013,372919880,$3.904,$3.9125,$3.7985
03/05/2019,$3.913,362023000,$3.9038,$3.9514,$3.849
03/04/2019,$3.9195,409050000,$3.95,$3.973,$3.8625
03/01/2019,$3.9112,344491600,$3.9068,$3.9537,$3.848
02/28/2019,$3.8565,323930960,$3.875,$3.8975,$3.834
02/27/2019,$3.8853,499740800,$3.913,$3.9398,$3.8278
02/26/2019,$3.9275,487596800,$3.9625,$4.019,$3.8938
02/25/2019,$3.9672,649702800,$4.064,$4.132,$3.9585
02/22/2019,$3.9798,400436800,$3.9465,$3.9987,$3.9328
02/21/2019,$3.8943,435746400,$3.9765,$4.0013,$3.8795
02/20/2019,$3.9638,529127600,$3.9455,$4.0315,$3.9343
02/19/2019,$3.916,550796400,$3.9228,$3.9972,$3.9035
02/15/2019,$3.9335,1515186800,$4.0737,$4.0968,$3.9105
02/14/2019,$3.8633,779676400,$3.821,$3.8916,$3.7775
02/13/2019,$3.822,602596400,$3.809,$3.8958,$3.7953
02/12/2019,$3.7792,588768000,$3.70,$3.795,$3.6855
02/11/2019,$3.6612,493203200,$3.6597,$3.7145,$3.6125
02/08/2019,$3.7043,460099600,$3.6178,$3.715,$3.6033
02/07/2019,$3.6855,635802000,$3.7782,$3.7805,$3.6423
02/06/2019,$3.825,701740800,$3.7822,$3.89,$3.7767
02/05/2019,$3.7487,541231600,$3.7415,$3.7858,$3.7075
02/04/2019,$3.7295,527104800,$3.6343,$3.767,$3.612
02/01/2019,$3.6182,623660000,$3.6125,$3.6698,$3.5645
01/31/2019,$3.5938,840365600,$3.4315,$3.6298,$3.4096
01/30/2019,$3.4347,968438800,$3.3667,$3.4493,$3.2865
01/29/2019,$3.29,1131961600,$3.4038,$3.4525,$3.2752
01/28/2019,$3.4503,2509201600,$3.4138,$3.541,$3.275
01/25/2019,$4.0038,1153882000,$3.886,$4.022,$3.7825
01/24/2019,$3.946,703780800,$3.8175,$3.9638,$3.8127
01/23/2019,$3.7323,587553600,$3.775,$3.8645,$3.7008
01/22/2019,$3.7193,660230000,$3.8928,$3.9045,$3.6888
01/18/2019,$3.9233,650003600,$3.8432,$3.9495,$3.7913
01/17/2019,$3.793,491685600,$3.6877,$3.8333,$3.6603
01/16/2019,$3.721,468988400,$3.7743,$3.8075,$3.7154
01/15/2019,$3.7468,616048000,$3.794,$3.8338,$3.7283
01/14/2019,$3.761,728811600,$3.668,$3.7865,$3.6443
01/11/2019,$3.7208,874064400,$3.6083,$3.7438,$3.5803
01/10/2019,$3.6307,522263200,$3.545,$3.6395,$3.484
01/09/2019,$3.5645,614864800,$3.5475,$3.6123,$3.4965
01/08/2019,$3.4958,782858400,$3.6673,$3.6695,$3.4225
01/07/2019,$3.585,704975200,$3.4625,$3.6222,$3.4108
01/04/2019,$3.4047,584818000,$3.2735,$3.4432,$3.2425
01/03/2019,$3.1997,694202000,$3.3447,$3.379,$3.1923
01/02/2019,$3.4055,499251600,$3.266,$3.462,$3.2513
12/31/2018,$3.3375,464421600,$3.385,$3.4178,$3.3065
12/28/2018,$3.3413,627854800,$3.30,$3.4347,$3.2578
12/27/2018,$3.2792,636201200,$3.2748,$3.3095,$3.1295
12/26/2018,$3.3275,693765200,$3.2235,$3.3285,$3.1115
12/24/2018,$3.177,463839200,$3.1623,$3.2495,$3.1125
12/21/2018,$3.2393,862610000,$3.4042,$3.4375,$3.2115
12/20/2018,$3.3775,748392400,$3.4543,$3.545,$3.3172
12/19/2018,$3.4627,743577600,$3.6395,$3.6936,$3.4108
12/18/2018,$3.6735,562392800,$3.6338,$3.7583,$3.6063
12/17/2018,$3.5895,649458400,$3.631,$3.7038,$3.531
12/14/2018,$3.6612,471333600,$3.6803,$3.7648,$3.6375
12/13/2018,$3.7222,470752400,$3.7698,$3.8345,$3.686
12/12/2018,$3.7225,653276000,$3.7105,$3.8195,$3.6205
12/11/2018,$3.7048,669636400,$3.889,$3.8972,$3.625
12/10/2018,$3.7965,615193600,$3.645,$3.8215,$3.6413
12/07/2018,$3.6903,680880400,$3.9615,$3.9718,$3.6404
12/06/2018,$3.9573,685843200,$3.786,$3.9623,$3.7703
12/04/2018,$3.9278,809523600,$4.206,$4.211,$3.9125
12/03/2018,$4.251,889212800,$4.315,$4.367,$4.1835
11/30/2018,$4.0858,727762800,$3.9438,$4.0965,$3.893
11/29/2018,$3.934,544599600,$4.00,$4.0375,$3.9035
11/28/2018,$4.0018,801822800,$3.962,$4.007,$3.8281
11/27/2018,$3.8432,733957200,$3.80,$3.9253,$3.7638
11/26/2018,$3.8263,812612000,$3.7472,$3.8368,$3.664
11/23/2018,$3.625,411968400,$3.5828,$3.7398,$3.5697
11/21/2018,$3.6178,1024592000,$3.8655,$3.8825,$3.5903
11/20/2018,$3.727,1689650400,$3.3515,$3.8565,$3.3328
11/19/2018,$3.6175,1692718400,$4.0447,$4.0455,$3.6158
11/16/2018,$4.1108,1961628800,$4.083,$4.2665,$4.0403
11/15/2018,$5.0598,742249200,$4.9238,$5.1325,$4.8875
11/14/2018,$4.9298,523933200,$5.1575,$5.172,$4.8208
11/13/2018,$4.9828,641403200,$4.8373,$5.1053,$4.8309
11/12/2018,$4.7385,614868000,$5.0495,$5.0718,$4.7165
11/09/2018,$5.1418,411964000,$5.06,$5.233,$5.026
11/08/2018,$5.1498,510309200,$5.285,$5.2858,$5.0958
11/07/2018,$5.3448,482196800,$5.3438,$5.4352,$5.2795
11/06/2018,$5.2765,298161440,$5.2862,$5.3712,$5.2391
11/05/2018,$5.2943,378904600,$5.3598,$5.3833,$5.132
11/02/2018,$5.373,444566000,$5.4432,$5.55,$5.2553
11/01/2018,$5.4528,561972400,$5.3075,$5.4623,$5.1798
10/31/2018,$5.2708,740618800,$5.2413,$5.3148,$5.1003
10/30/2018,$5.075,804383200,$4.6638,$5.085,$4.6405
10/29/2018,$4.6405,756426800,$5.0998,$5.1033,$4.4002
10/26/2018,$4.9573,664386400,$4.9578,$5.1211,$4.828
10/25/2018,$5.196,948296800,$4.8868,$5.2438,$4.842
10/24/2018,$4.9853,876650800,$5.4878,$5.5347,$4.9713
10/23/2018,$5.5265,623486000,$5.5108,$5.6048,$5.4178
10/22/2018,$5.7805,368224480,$5.782,$5.883,$5.6768
10/19/2018,$5.7293,612928400,$6.044,$6.0638,$5.6925
10/18/2018,$5.9883,522657600,$6.1465,$6.1852,$5.9273
10/17/2018,$6.0765,329028120,$6.2085,$6.247,$6.027
10/16/2018,$6.1458,407229600,$5.9983,$6.157,$5.9485
10/15/2018,$5.8845,448469600,$6.15,$6.15,$5.8835
10/12/2018,$6.1635,604842400,$6.1377,$6.2385,$5.9913
10/11/2018,$5.8783,722552400,$6.0542,$6.189,$5.8565
10/10/2018,$6.1423,678831600,$6.5315,$6.5778,$6.14
10/09/2018,$6.6385,273296440,$6.6235,$6.719,$6.57
10/08/2018,$6.6442,407880000,$6.6625,$6.779,$6.502
10/05/2018,$6.7465,425938800,$6.9573,$7.02,$6.6885
10/04/2018,$6.9823,390620240,$7.1318,$7.1563,$6.9045
10/03/2018,$7.1683,320290560,$7.233,$7.2405,$7.0633
10/02/2018,$7.162,383142800,$7.2063,$7.319,$7.1395
10/01/2018,$7.234,617984800,$7.104,$7.3015,$7.065
09/28/2018,$7.0255,708377600,$6.8183,$7.0479,$6.79
09/27/2018,$6.685,214229360,$6.7085,$6.73,$6.6532
09/26/2018,$6.673,268137600,$6.7153,$6.756,$6.657
09/25/2018,$6.7103,279284200,$6.7093,$6.7355,$6.6228
09/24/2018,$6.6425,293553840,$6.555,$6.646,$6.467
09/21/2018,$6.5862,432433600,$6.669,$6.715,$6.5528
09/20/2018,$6.657,429932000,$6.6763,$6.719,$6.6025
09/19/2018,$6.7995,223477280,$6.7568,$6.8175,$6.7063
09/18/2018,$6.7755,299206000,$6.8522,$6.956,$6.7688
09/17/2018,$6.8483,204583360,$6.885,$6.9345,$6.8287
09/14/2018,$6.9108,385745640,$6.8748,$6.9775,$6.8375
09/13/2018,$6.7835,304825840,$6.7715,$6.875,$6.754
09/12/2018,$6.705,418591600,$6.7797,$6.7995,$6.548
09/11/2018,$6.82,242773760,$6.8215,$6.91,$6.8005
09/10/2018,$6.8683,219992400,$6.8193,$6.8983,$6.775
09/07/2018,$6.7965,295212800,$6.725,$6.9233,$6.6798
09/06/2018,$6.818,322503480,$6.944,$6.9465,$6.7848
09/05/2018,$6.9605,392839640,$7.0748,$7.1105,$6.8788
09/04/2018,$7.0925,391460120,$7.0038,$7.1305,$6.975
08/31/2018,$7.017,306094840,$6.925,$7.03,$6.915
08/30/2018,$6.9453,345464720,$6.9308,$7.0429,$6.908
08/29/2018,$6.9623,418914000,$6.848,$6.9875,$6.827
08/28/2018,$6.8595,474635200,$6.8915,$6.9145,$6.7382
08/27/2018,$6.8975,504232000,$6.8355,$6.9725,$6.8036
08/24/2018,$6.8055,530982000,$6.6795,$6.8203,$6.675
08/23/2018,$6.671,719315200,$6.5315,$6.737,$6.5175
08/22/2018,$6.5705,747114800,$6.30,$6.5755,$6.2965
08/21/2018,$6.333,668346800,$6.2125,$6.3375,$6.1925
08/20/2018,$6.196,853098400,$6.0795,$6.33,$5.968
08/17/2018,$6.1205,1141377600,$6.3235,$6.3243,$6.0933
08/16/2018,$6.436,771376400,$6.5475,$6.55,$6.3753
08/15/2018,$6.477,589018800,$6.5568,$6.591,$6.3975
08/14/2018,$6.5358,458238400,$6.5095,$6.55,$6.4255
08/13/2018,$6.403,373639560,$6.3785,$6.525,$6.3768
08/10/2018,$6.3697,255463280,$6.3288,$6.4025,$6.3175
08/09/2018,$6.4115,202156160,$6.4785,$6.4813,$6.4037
08/08/2018,$6.4605,261589680,$6.425,$6.506,$6.3898
08/07/2018,$6.4238,257782040,$6.40,$6.4425,$6.373
08/06/2018,$6.3508,207218240,$6.2898,$6.3543,$6.2426
08/03/2018,$6.3025,214083840,$6.2903,$6.3265,$6.2733
08/02/2018,$6.2655,268673720,$6.0898,$6.2695,$6.0303
08/01/2018,$6.1618,281357240,$6.1532,$6.209,$6.0972
07/31/2018,$6.1215,282751680,$6.0928,$6.197,$6.0535
07/30/2018,$6.1033,339541880,$6.3148,$6.3208,$6.068
07/27/2018,$6.3005,295194440,$6.408,$6.415,$6.246
07/26/2018,$6.371,323130200,$6.2765,$6.4082,$6.2595
07/25/2018,$6.2968,316893080,$6.2273,$6.3095,$6.1688
07/24/2018,$6.2178,354344280,$6.2838,$6.3712,$6.20
07/23/2018,$6.2353,300709560,$6.2455,$6.2473,$6.082
07/20/2018,$6.2722,222282640,$6.2983,$6.3375,$6.2613
07/19/2018,$6.3008,233745640,$6.2735,$6.3347,$6.2583
07/18/2018,$6.2925,277068400,$6.3347,$6.3487,$6.241
07/17/2018,$6.3422,360988040,$6.1553,$6.3575,$6.1295
07/16/2018,$6.205,195798560,$6.205,$6.2585,$6.1925
07/13/2018,$6.233,246845720,$6.2995,$6.2995,$6.1905
07/12/2018,$6.2808,345102840,$6.234,$6.3293,$6.224
07/11/2018,$6.1883,366532360,$6.2375,$6.2725,$6.1775
07/10/2018,$6.3313,357048320,$6.2438,$6.3535,$6.203
07/09/2018,$6.2313,302933440,$6.2582,$6.268,$6.1518
07/06/2018,$6.1833,296096360,$6.0435,$6.1916,$6.022
07/05/2018,$6.0682,302411160,$5.9768,$6.0733,$5.9375
07/03/2018,$5.921,222733000,$6.091,$6.097,$5.9125
07/02/2018,$6.056,353591600,$5.8523,$6.0598,$5.8316
06/29/2018,$5.9225,391658480,$6.0873,$6.10,$5.9213
06/28/2018,$6.0215,337510320,$5.883,$6.0335,$5.8753
06/27/2018,$5.893,453088000,$6.0938,$6.1608,$5.8875
06/26/2018,$6.0498,478085600,$6.0925,$6.1413,$5.9978
06/25/2018,$5.978,665027600,$6.1663,$6.17,$5.8885
06/22/2018,$6.2737,433515200,$6.4488,$6.4623,$6.2583
06/21/2018,$6.4278,358657480,$6.59,$6.6085,$6.42
06/20/2018,$6.5578,369280240,$6.5458,$6.6113,$6.507
06/19/2018,$6.5043,594052800,$6.523,$6.591,$6.3755
06/18/2018,$6.6273,355540800,$6.587,$6.645,$6.5595
06/15/2018,$6.6315,431550000,$6.615,$6.687,$6.5837
06/14/2018,$6.6728,429142400,$6.6055,$6.73,$6.5905
06/13/2018,$6.56,333666200,$6.566,$6.6418,$6.5508
06/12/2018,$6.5645,317914840,$6.5423,$6.5768,$6.4915
06/11/2018,$6.5155,264379480,$6.5442,$6.5862,$6.5025
06/08/2018,$6.557,360224000,$6.499,$6.60,$6.48
06/07/2018,$6.5725,368979200,$6.625,$6.637,$6.4813
06/06/2018,$6.6288,371143520,$6.5358,$6.632,$6.5192
06/05/2018,$6.6268,390974760,$6.6245,$6.6647,$6.5793
06/04/2018,$6.6213,640728400,$6.475,$6.6435,$6.4425
06/01/2018,$6.4405,420930400,$6.35,$6.4468,$6.3413
05/31/2018,$6.3048,493357600,$6.2925,$6.38,$6.2818
05/30/2018,$6.3248,389699080,$6.2488,$6.3335,$6.2238
05/29/2018,$6.2148,351707080,$6.2138,$6.2835,$6.1675
05/25/2018,$6.232,291732640,$6.205,$6.2485,$6.169
05/24/2018,$6.1923,435648400,$6.1848,$6.235,$6.131
05/23/2018,$6.1885,441956800,$6.007,$6.1898,$6.0063
05/22/2018,$6.0675,517826400,$6.1195,$6.145,$6.0063
05/21/2018,$6.106,637669600,$6.247,$6.2508,$6.0123
05/18/2018,$6.1485,482614000,$6.2453,$6.3093,$6.1435
05/17/2018,$6.1928,518860400,$6.1521,$6.2875,$6.1358
05/16/2018,$6.1502,551934000,$6.10,$6.213,$6.0628
05/15/2018,$6.139,961097200,$6.3198,$6.3225,$6.0375
05/14/2018,$6.384,522313600,$6.4017,$6.4623,$6.36
05/11/2018,$6.3633,1212743600,$6.3195,$6.4948,$6.2635
05/10/2018,$6.5033,955839200,$6.448,$6.5125,$6.43
05/09/2018,$6.3945,593166000,$6.2803,$6.3968,$6.2528
05/08/2018,$6.26,503458800,$6.2172,$6.2628,$6.1678
05/07/2018,$6.217,686239200,$6.0824,$6.2748,$6.0723
05/04/2018,$5.9765,399261840,$5.7958,$5.9797,$5.7782
05/03/2018,$5.8248,440990000,$5.69,$5.8513,$5.6443
05/02/2018,$5.6578,267552080,$5.675,$5.72,$5.6313
05/01/2018,$5.6785,252120280,$5.6143,$5.6813,$5.555
04/30/2018,$5.6225,327382080,$5.6748,$5.725,$5.603
04/27/2018,$5.6583,400201200,$5.7375,$5.7575,$5.6155
04/26/2018,$5.6305,371928520,$5.58,$5.6388,$5.5133
04/25/2018,$5.4165,584937600,$5.50,$5.5394,$5.2575
04/24/2018,$5.53,413033200,$5.623,$5.72,$5.464
04/23/2018,$5.597,412544400,$5.7358,$5.7875,$5.5708
04/20/2018,$5.7178,383596680,$5.7172,$5.8025,$5.6863
04/19/2018,$5.726,470520800,$5.7936,$5.8275,$5.67
04/18/2018,$5.9093,390362120,$5.8875,$5.9813,$5.8193
04/17/2018,$5.9385,445952400,$5.84,$5.96,$5.7838
04/16/2018,$5.7873,349789400,$5.7943,$5.821,$5.692
04/13/2018,$5.7875,502307200,$5.9292,$5.9378,$5.7388
04/12/2018,$5.865,591184000,$5.75,$5.883,$5.7054
04/11/2018,$5.656,459072800,$5.6828,$5.7244,$5.623
04/10/2018,$5.6978,762287600,$5.618,$5.725,$5.5602
04/09/2018,$5.3853,497429200,$5.42,$5.5493,$5.365
04/06/2018,$5.3563,662185600,$5.4307,$5.54,$5.3268
04/05/2018,$5.5345,696111600,$5.715,$5.7283,$5.4623
04/04/2018,$5.656,787701600,$5.3753,$5.6665,$5.35
04/03/2018,$5.6338,665658800,$5.695,$5.7588,$5.5338
04/02/2018,$5.5263,917894000,$5.7185,$5.8663,$5.4375
03/29/2018,$5.7898,912398400,$5.6026,$5.8875,$5.5175
03/28/2018,$5.5338,944154000,$5.6033,$5.7348,$5.425
03/27/2018,$5.638,1404797600,$6.1938,$6.25,$5.4961
03/26/2018,$6.112,610198400,$5.95,$6.1133,$5.8975
03/23/2018,$5.8243,734842800,$6.06,$6.0667,$5.813
03/22/2018,$6.0463,548585200,$6.15,$6.197,$6.0085
03/21/2018,$6.214,437881600,$6.233,$6.30,$6.1833
03/20/2018,$6.2395,553021200,$6.028,$6.2788,$6.028
03/19/2018,$6.025,708196800,$6.2045,$6.2338,$5.925
03/16/2018,$6.262,398908400,$6.25,$6.2813,$6.212
03/15/2018,$6.2335,401052800,$6.2323,$6.3155,$6.191
03/14/2018,$6.2185,504429200,$6.2363,$6.2638,$6.1555
03/13/2018,$6.1928,618155600,$6.2873,$6.3625,$6.151
03/12/2018,$6.244,603751600,$6.175,$6.325,$6.1668
03/09/2018,$6.1333,504826800,$6.0775,$6.1463,$6.0613
03/08/2018,$6.0295,413719200,$6.0738,$6.0738,$5.9848
03/07/2018,$6.046,580688800,$5.95,$6.0987,$5.9488
03/06/2018,$6.054,625332000,$5.9775,$6.0735,$5.934
03/05/2018,$5.8913,619560800,$5.8628,$5.9313,$5.738
03/02/2018,$5.9135,912355200,$5.6965,$5.92,$5.5463
03/01/2018,$5.8053,1039240400,$6.0478,$6.1023,$5.7031
02/28/2018,$6.05,520740400,$6.1625,$6.2025,$6.0383
02/27/2018,$6.1515,454387200,$6.1375,$6.2228,$6.1283
02/26/2018,$6.1645,467110000,$6.195,$6.1995,$6.1015
02/23/2018,$6.1483,413810400,$6.1143,$6.1483,$6.063
02/22/2018,$6.0538,533359600,$6.0682,$6.1408,$5.9875
02/21/2018,$6.0378,844258800,$6.2923,$6.2992,$6.034
02/20/2018,$6.227,684706800,$6.1188,$6.2968,$6.115
02/16/2018,$6.096,637041600,$6.135,$6.25,$6.0868
02/15/2018,$6.1625,697124400,$6.1196,$6.2093,$6.038
02/14/2018,$6.0355,742697600,$5.775,$6.0648,$5.7638
02/13/2018,$5.8158,624606400,$5.664,$5.8625,$5.6313
02/12/2018,$5.7008,1090154400,$5.8839,$5.887,$5.6258
02/09/2018,$5.802,1672675200,$5.9563,$5.9722,$5.438
02/08/2018,$5.438,1083742400,$5.847,$5.8805,$5.4378
02/07/2018,$5.72,801190400,$5.7395,$5.8743,$5.6675
02/06/2018,$5.6395,1105827200,$5.11,$5.6425,$5.10
02/05/2018,$5.3425,1159056800,$5.675,$5.8308,$5.125
02/02/2018,$5.838,715603200,$5.925,$5.9493,$5.7793
02/01/2018,$6.0125,515634000,$5.963,$6.1725,$5.9515
01/31/2018,$6.145,476284000,$6.1443,$6.2318,$6.1113
01/30/2018,$6.068,569105600,$6.0278,$6.1605,$5.9603
01/29/2018,$6.1713,454428400,$6.0685,$6.2028,$6.0153
01/26/2018,$6.0833,514973200,$5.953,$6.0835,$5.94
01/25/2018,$5.9088,408777600,$5.95,$5.9938,$5.8938
01/24/2018,$5.895,579881600,$5.976,$6.0123,$5.8388
01/23/2018,$5.9728,471858400,$5.8963,$5.9958,$5.8775
01/22/2018,$5.8422,549363600,$5.7608,$5.844,$5.7025
01/19/2018,$5.7528,589673200,$5.7023,$5.7773,$5.675
01/18/2018,$5.611,407370800,$5.5985,$5.666,$5.567
01/17/2018,$5.618,537172800,$5.5175,$5.628,$5.4225
01/16/2018,$5.5028,689998000,$5.6013,$5.6878,$5.4173
01/12/2018,$5.5745,359369560,$5.59,$5.6248,$5.5335
01/11/2018,$5.602,397997280,$5.625,$5.6568,$5.5803
01/10/2018,$5.592,578704400,$5.455,$5.5955,$5.40
01/09/2018,$5.5485,496250000,$5.5555,$5.5955,$5.466
01/08/2018,$5.55,870543600,$5.51,$5.625,$5.4645
01/05/2018,$5.385,577080000,$5.3548,$5.4228,$5.277
01/04/2018,$5.3398,582055600,$5.394,$5.4513,$5.3173
01/03/2018,$5.3118,909991200,$5.1025,$5.3425,$5.0938
01/02/2018,$4.9838,348606240,$4.8945,$4.9875,$4.8625
12/29/2017,$4.8375,279084080,$4.9615,$4.9615,$4.8375
12/28/2017,$4.935,239918560,$4.9533,$4.9845,$4.9288
12/27/2017,$4.9292,328834760,$4.9225,$4.9993,$4.9078
12/26/2017,$4.936,354360360,$4.8258,$4.9438,$4.7955
12/22/2017,$4.8818,465805600,$4.86,$4.8913,$4.7813
12/21/2017,$4.8972,300408000,$4.9235,$4.9488,$4.8888
12/20/2017,$4.92,288516400,$4.9425,$4.9518,$4.8638
12/19/2017,$4.9028,371318040,$4.938,$4.9432,$4.874
12/18/2017,$4.9475,475582800,$4.83,$4.9505,$4.80
12/15/2017,$4.789,668722400,$4.7063,$4.8095,$4.6405
12/14/2017,$4.6618,436903600,$4.648,$4.7335,$4.615
12/13/2017,$4.6545,552925600,$4.8125,$4.8138,$4.647
12/12/2017,$4.771,453590400,$4.8225,$4.846,$4.7473
12/11/2017,$4.8665,370746680,$4.8015,$4.8695,$4.7855
12/08/2017,$4.7873,461277200,$4.8503,$4.8695,$4.7788
12/07/2017,$4.7998,535755600,$4.799,$4.84,$4.753
12/06/2017,$4.7315,463839200,$4.6425,$4.7535,$4.621
12/05/2017,$4.6935,980487200,$4.56,$4.8175,$4.5145
12/04/2017,$4.6665,1238404000,$5.0013,$5.0075,$4.6125
12/01/2017,$4.942,810054000,$4.9828,$5.0033,$4.8118
11/30/2017,$5.0178,822706400,$4.98,$5.067,$4.9163
11/29/2017,$4.9105,1394702800,$5.2503,$5.2531,$4.7808
11/28/2017,$5.2678,511811600,$5.3588,$5.3682,$5.206
11/27/2017,$5.3535,422309200,$5.4328,$5.434,$5.3503
11/24/2017,$5.424,180752000,$5.3898,$5.425,$5.365
11/22/2017,$5.3733,356378440,$5.425,$5.425,$5.3403
11/21/2017,$5.4013,398213240,$5.3923,$5.413,$5.36
11/20/2017,$5.352,394888760,$5.2998,$5.3643,$5.2625
11/17/2017,$5.284,514540400,$5.348,$5.3838,$5.2688
11/16/2017,$5.2903,439412800,$5.3245,$5.355,$5.2813
11/15/2017,$5.2495,500521200,$5.2988,$5.30,$5.195
11/14/2017,$5.3545,527898400,$5.325,$5.37,$5.2808
11/13/2017,$5.3158,581084400,$5.4035,$5.4292,$5.3003
11/10/2017,$5.4035,1251824800,$5.327,$5.4668,$5.2908
11/09/2017,$5.133,950681200,$5.1318,$5.1583,$5.0093
11/08/2017,$5.229,521287600,$5.2963,$5.30,$5.181
11/07/2017,$5.3008,426748400,$5.2638,$5.3225,$5.2514
11/06/2017,$5.2408,389195640,$5.18,$5.2495,$5.1675
11/03/2017,$5.2172,352464280,$5.18,$5.2172,$5.1335
11/02/2017,$5.1485,341299040,$5.15,$5.1953,$5.0913
11/01/2017,$5.18,498600400,$5.2338,$5.2493,$5.115
10/31/2017,$5.1703,410306400,$5.1283,$5.1973,$5.1225
10/30/2017,$5.096,503296400,$5.0465,$5.1522,$5.0305
10/27/2017,$5.0465,571349200,$4.945,$5.0468,$4.9188
10/26/2017,$4.8923,320483720,$4.8695,$4.904,$4.8453
10/25/2017,$4.8415,827138800,$4.927,$4.9805,$4.7793
10/24/2017,$4.967,403790000,$4.9248,$4.9688,$4.8985
10/23/2017,$4.9155,427634800,$4.9445,$4.9713,$4.895
10/20/2017,$4.9225,450200400,$4.9623,$4.9898,$4.9135
10/19/2017,$4.945,567063600,$4.861,$4.95,$4.8113
10/18/2017,$4.9395,566326400,$4.9528,$4.9535,$4.833
10/17/2017,$4.9438,465173200,$4.9273,$4.9725,$4.9088
10/16/2017,$4.9483,574099200,$4.895,$4.9512,$4.831
10/13/2017,$4.8648,627334000,$4.8388,$4.875,$4.7913
10/12/2017,$4.7758,524979600,$4.777,$4.8273,$4.7483
10/11/2017,$4.7735,528302000,$4.74,$4.775,$4.6935
10/10/2017,$4.7233,972713600,$4.7858,$4.8238,$4.6815
10/09/2017,$4.6347,560982400,$4.5698,$4.6682,$4.5507
10/06/2017,$4.5325,318029240,$4.4913,$4.546,$4.475
10/05/2017,$4.5193,436433200,$4.5465,$4.55,$4.489
10/04/2017,$4.5217,427230000,$4.4905,$4.5443,$4.4535
10/03/2017,$4.4843,389268040,$4.4813,$4.5145,$4.4395
10/02/2017,$4.475,502680400,$4.52,$4.5495,$4.425
09/29/2017,$4.4693,617886400,$4.477,$4.4932,$4.4313
09/28/2017,$4.392,434497600,$4.4005,$4.4045,$4.344
09/27/2017,$4.3933,710247600,$4.3905,$4.4068,$4.3188
09/26/2017,$4.299,1112039200,$4.4112,$4.467,$4.2588
09/25/2017,$4.275,872800400,$4.4438,$4.445,$4.254
09/22/2017,$4.475,490400000,$4.5075,$4.5578,$4.465
09/21/2017,$4.519,1074519600,$4.541,$4.5675,$4.4403
09/20/2017,$4.646,690225200,$4.6875,$4.7355,$4.6053
09/19/2017,$4.6837,871582000,$4.6377,$4.7462,$4.6154
09/18/2017,$4.6888,1675567600,$4.6285,$4.78,$4.6215
09/15/2017,$4.5028,1358162000,$4.3215,$4.5028,$4.3163
09/14/2017,$4.235,511613200,$4.2198,$4.314,$4.195
09/13/2017,$4.2593,580151600,$4.2148,$4.2885,$4.182
09/12/2017,$4.2403,410541600,$4.25,$4.25,$4.1742
09/11/2017,$4.225,566496400,$4.1385,$4.2358,$4.133
09/08/2017,$4.0922,496604000,$4.1528,$4.1678,$4.0678
09/07/2017,$4.1645,352447480,$4.1623,$4.1972,$4.1238
09/06/2017,$4.1452,395845360,$4.181,$4.195,$4.11
09/05/2017,$4.1478,695721200,$4.2095,$4.2146,$4.0891
09/01/2017,$4.2615,445173200,$4.2488,$4.2975,$4.24
08/31/2017,$4.236,611851200,$4.1625,$4.24,$4.155
08/30/2017,$4.142,382661560,$4.1375,$4.1532,$4.1068
08/29/2017,$4.1175,322970400,$4.0648,$4.1395,$4.0565
08/28/2017,$4.1243,385285280,$4.1145,$4.1275,$4.0583
08/25/2017,$4.0953,356393560,$4.1543,$4.1645,$4.0888
08/24/2017,$4.1298,468862000,$4.1775,$4.182,$4.103
08/23/2017,$4.145,578455600,$4.03,$4.1563,$4.0213
08/22/2017,$4.0638,449238400,$4.0123,$4.0698,$3.9928
08/21/2017,$3.9788,622507200,$4.0623,$4.0737,$3.9343
08/18/2017,$4.0375,600218000,$4.0918,$4.109,$3.991
08/17/2017,$4.0368,521602000,$4.1203,$4.1375,$4.0345
08/16/2017,$4.1288,595094000,$4.1898,$4.2135,$4.096
08/15/2017,$4.1745,763153200,$4.2153,$4.2417,$4.1398
08/14/2017,$4.21,1275318400,$3.9917,$4.2138,$3.98
08/11/2017,$3.899,1495234800,$3.9285,$3.975,$3.8228
08/10/2017,$4.1185,1262090400,$4.304,$4.3165,$4.1083
08/09/2017,$4.3028,527282400,$4.2108,$4.3053,$4.1917
08/08/2017,$4.2575,751742000,$4.3472,$4.364,$4.2178
08/07/2017,$4.3087,714261200,$4.2097,$4.3093,$4.20
08/04/2017,$4.1803,588218400,$4.185,$4.2518,$4.162
08/03/2017,$4.162,439770800,$4.1093,$4.1658,$4.092
08/02/2017,$4.1098,465636400,$4.1437,$4.1478,$4.0318
08/01/2017,$4.1123,429118400,$4.0531,$4.114,$4.025
07/31/2017,$4.0628,558067600,$4.1235,$4.16,$4.0155
07/28/2017,$4.1098,512818800,$4.0073,$4.1345,$3.982
07/27/2017,$4.0435,762868800,$4.2068,$4.2185,$3.939
07/26/2017,$4.1815,635716800,$4.192,$4.2482,$4.1463
07/25/2017,$4.1338,493171600,$4.1305,$4.1483,$4.0895
07/24/2017,$4.1538,648303600,$4.2097,$4.2195,$4.143
07/21/2017,$4.2025,638212800,$4.1667,$4.2325,$4.1523
07/20/2017,$4.1875,696166000,$4.1483,$4.1878,$4.0978
07/19/2017,$4.1275,684421600,$4.1583,$4.185,$4.1153
07/18/2017,$4.149,775474800,$4.0445,$4.1638,$4.0325
07/17/2017,$4.1063,925540400,$4.1583,$4.1875,$4.0438
07/14/2017,$4.1238,940298400,$4.0323,$4.1253,$4.0252
07/13/2017,$4.0157,1367380400,$4.075,$4.1575,$3.9688
07/12/2017,$4.0628,1139252000,$3.9575,$4.075,$3.914
07/11/2017,$3.897,756666400,$3.8462,$3.9047,$3.8038
07/10/2017,$3.8425,955203600,$3.7435,$3.85,$3.7171
07/07/2017,$3.669,651173200,$3.6445,$3.6875,$3.6212
07/06/2017,$3.587,744865600,$3.5468,$3.6345,$3.494
07/05/2017,$3.5763,818977600,$3.5475,$3.6055,$3.5282
07/03/2017,$3.4833,709072800,$3.6263,$3.6413,$3.4645
06/30/2017,$3.614,729376800,$3.6845,$3.6983,$3.5875
06/29/2017,$3.667,1060790400,$3.765,$3.768,$3.602
06/28/2017,$3.7938,993159200,$3.733,$3.7985,$3.6438
06/27/2017,$3.6645,997923200,$3.786,$3.7948,$3.6587
06/26/2017,$3.8038,1063088400,$3.879,$3.915,$3.7083
06/23/2017,$3.8458,1086852400,$3.967,$3.983,$3.8305
06/22/2017,$3.9593,468352400,$3.995,$4.0085,$3.935
06/21/2017,$3.9868,680172000,$3.9553,$3.9905,$3.8925
06/20/2017,$3.9273,1093952800,$3.9758,$4.0435,$3.923
06/19/2017,$3.933,773330000,$3.8353,$3.9383,$3.8315
06/16/2017,$3.7905,920794000,$3.819,$3.8675,$3.756
06/15/2017,$3.8093,959752800,$3.674,$3.84,$3.6625
06/14/2017,$3.793,1180596400,$3.788,$3.8515,$3.7125
06/13/2017,$3.785,1669565200,$3.86,$3.8693,$3.6413
06/12/2017,$3.7493,1690752000,$3.647,$3.7925,$3.5528
06/09/2017,$3.74,3688131600,$4.1185,$4.2125,$3.5688
06/08/2017,$3.9985,1150445200,$3.8365,$4.00,$3.7948
06/07/2017,$3.728,606603600,$3.7083,$3.747,$3.6925
06/06/2017,$3.6835,757306000,$3.6955,$3.7423,$3.67
06/05/2017,$3.7003,815980800,$3.5745,$3.7133,$3.5627
06/02/2017,$3.591,486954800,$3.606,$3.6325,$3.585
06/01/2017,$3.609,500362800,$3.6248,$3.6258,$3.563
05/31/2017,$3.6088,883767200,$3.6673,$3.675,$3.5513
05/30/2017,$3.6218,987585600,$3.5925,$3.6573,$3.5763
05/26/2017,$3.546,777984800,$3.4483,$3.632,$3.4278
05/25/2017,$3.4565,607364800,$3.50,$3.5008,$3.411
05/24/2017,$3.4642,816618800,$3.524,$3.5267,$3.452
05/23/2017,$3.4258,680527600,$3.4925,$3.4947,$3.3928
05/22/2017,$3.4725,835341200,$3.4443,$3.487,$3.4333
05/19/2017,$3.40,1011706800,$3.4256,$3.4555,$3.3805
05/18/2017,$3.3268,1153264400,$3.2375,$3.3358,$3.1763
05/17/2017,$3.193,1268239200,$3.3525,$3.3715,$3.1888
05/16/2017,$3.4203,1118888800,$3.4095,$3.436,$3.3341
05/15/2017,$3.3578,1083581600,$3.239,$3.3603,$3.2345
05/12/2017,$3.1973,961710000,$3.1658,$3.24,$3.1445
05/11/2017,$3.1625,1935210000,$3.0013,$3.2608,$2.9977
05/10/2017,$3.0323,2125258800,$2.8573,$3.0455,$2.8505
05/09/2017,$2.5735,746988000,$2.575,$2.6233,$2.5665
05/08/2017,$2.5693,364509960,$2.6085,$2.61,$2.5578
05/05/2017,$2.5965,227820360,$2.5845,$2.6038,$2.5688
05/04/2017,$2.5962,209569880,$2.6125,$2.6238,$2.5883
05/03/2017,$2.6063,336044520,$2.58,$2.616,$2.565
05/02/2017,$2.587,624564000,$2.6387,$2.6399,$2.564
05/01/2017,$2.666,306800400,$2.6185,$2.6713,$2.6113
04/28/2017,$2.6075,347432200,$2.634,$2.641,$2.6018
04/27/2017,$2.641,319371840,$2.608,$2.6495,$2.5898
04/26/2017,$2.6005,326575080,$2.6323,$2.6348,$2.5985
04/25/2017,$2.6185,388094520,$2.5885,$2.6333,$2.5668
04/24/2017,$2.5738,371474040,$2.574,$2.587,$2.5528
04/21/2017,$2.542,341578200,$2.521,$2.5448,$2.509
04/20/2017,$2.5315,403748800,$2.5068,$2.5362,$2.4853
04/19/2017,$2.492,380632240,$2.50,$2.5245,$2.4853
04/18/2017,$2.4823,369628000,$2.4663,$2.4885,$2.44
04/17/2017,$2.4808,496577200,$2.4003,$2.481,$2.395
04/13/2017,$2.3872,506226000,$2.4083,$2.4303,$2.3872
04/12/2017,$2.4328,413634400,$2.453,$2.4675,$2.4275
04/11/2017,$2.453,617295600,$2.4138,$2.4725,$2.4087
04/10/2017,$2.4443,755156400,$2.509,$2.5158,$2.44
04/07/2017,$2.5083,425212000,$2.5255,$2.5433,$2.493
04/06/2017,$2.519,634443600,$2.506,$2.5313,$2.4603
04/05/2017,$2.5008,746040000,$2.5004,$2.5593,$2.4875
04/04/2017,$2.5195,1267350000,$2.585,$2.6105,$2.5085
04/03/2017,$2.7095,444970800,$2.7238,$2.7413,$2.6855
03/31/2017,$2.7233,440503600,$2.7253,$2.7473,$2.7101
03/30/2017,$2.735,524211600,$2.6908,$2.75,$2.685
03/29/2017,$2.6835,349618960,$2.6997,$2.7123,$2.6813
03/28/2017,$2.6923,432277200,$2.7075,$2.7223,$2.6818
03/27/2017,$2.7063,506190800,$2.6395,$2.7101,$2.5894
03/24/2017,$2.6868,439087200,$2.7243,$2.7323,$2.6605
03/23/2017,$2.6773,532621600,$2.6938,$2.7139,$2.6675
03/22/2017,$2.7018,615117200,$2.6365,$2.7065,$2.6325
03/21/2017,$2.6478,912345600,$2.7188,$2.749,$2.6396
03/20/2017,$2.7363,746958800,$2.6695,$2.7403,$2.6532
03/17/2017,$2.6517,1117862000,$2.613,$2.653,$2.5953
03/16/2017,$2.5953,519460000,$2.5745,$2.5958,$2.5602
03/15/2017,$2.5638,614077600,$2.5563,$2.5747,$2.508
03/14/2017,$2.5445,519920400,$2.5593,$2.5688,$2.5118
03/13/2017,$2.5463,772441600,$2.4885,$2.5563,$2.4878
03/10/2017,$2.478,499212800,$2.4903,$2.5023,$2.4595
03/09/2017,$2.4635,477566400,$2.4478,$2.4863,$2.435
03/08/2017,$2.464,621000000,$2.5175,$2.5325,$2.4618
03/07/2017,$2.4685,602774000,$2.4418,$2.4883,$2.4288
03/06/2017,$2.4418,883084400,$2.424,$2.4525,$2.3793
03/03/2017,$2.4608,864976400,$2.4642,$2.4693,$2.4055
03/02/2017,$2.475,753194800,$2.5568,$2.571,$2.4723
03/01/2017,$2.5698,504284400,$2.5948,$2.6093,$2.5278
02/28/2017,$2.537,624838800,$2.62,$2.63,$2.5194
02/27/2017,$2.6103,714968400,$2.555,$2.6255,$2.539
02/24/2017,$2.5365,1028804800,$2.4268,$2.55,$2.3925
02/23/2017,$2.5122,1582206800,$2.6375,$2.6598,$2.492
02/22/2017,$2.769,426390000,$2.7855,$2.795,$2.7498
02/21/2017,$2.7767,551456800,$2.7058,$2.7808,$2.7055
02/17/2017,$2.6808,562992400,$2.6675,$2.6852,$2.6198
02/16/2017,$2.6813,646143200,$2.7348,$2.736,$2.6415
02/15/2017,$2.725,372517080,$2.7225,$2.745,$2.694
02/14/2017,$2.7195,850258400,$2.6997,$2.7538,$2.6573
02/13/2017,$2.7095,1178219600,$2.8348,$2.8495,$2.705
02/10/2017,$2.8405,1649957600,$2.9983,$3.0175,$2.815
02/09/2017,$2.9095,798053600,$2.9715,$2.9765,$2.89
02/08/2017,$2.9653,448946400,$2.96,$2.9828,$2.9095
02/07/2017,$2.9783,745228000,$2.9675,$3.023,$2.9475
02/06/2017,$2.9328,506008400,$2.85,$2.9332,$2.85
02/03/2017,$2.8595,372509880,$2.8863,$2.8975,$2.8475
02/02/2017,$2.8848,482667200,$2.8325,$2.8935,$2.8015
02/01/2017,$2.8488,588456000,$2.7645,$2.853,$2.7465
01/31/2017,$2.7295,362046600,$2.7238,$2.7513,$2.705
01/30/2017,$2.7505,495664000,$2.773,$2.7753,$2.6978
01/27/2017,$2.7942,471272400,$2.7483,$2.7973,$2.7212
01/26/2017,$2.7413,458380400,$2.6975,$2.7488,$2.6675
01/25/2017,$2.6948,522978400,$2.7263,$2.7325,$2.6584
01/24/2017,$2.6833,426666800,$2.6375,$2.6895,$2.6225
01/23/2017,$2.6273,366186000,$2.595,$2.6475,$2.5925
01/20/2017,$2.6003,490685200,$2.652,$2.67,$2.578
01/19/2017,$2.629,644242400,$2.5768,$2.6615,$2.5745
01/18/2017,$2.5738,653419200,$2.506,$2.5808,$2.4778
01/17/2017,$2.5278,580340400,$2.575,$2.58,$2.5143
01/13/2017,$2.5858,457503200,$2.59,$2.625,$2.5765
01/12/2017,$2.586,625074400,$2.6058,$2.6175,$2.5405
01/11/2017,$2.629,525130000,$2.65,$2.655,$2.6038
01/10/2017,$2.6618,879494400,$2.6953,$2.7298,$2.6408
01/09/2017,$2.682,915216800,$2.5875,$2.70,$2.5875
01/06/2017,$2.5775,822479600,$2.5713,$2.6063,$2.53
01/05/2017,$2.5435,983486400,$2.6133,$2.6455,$2.5263
01/04/2017,$2.6098,1197514400,$2.585,$2.6375,$2.5383
01/03/2017,$2.5503,1500352800,$2.61,$2.6593,$2.4845
12/30/2016,$2.6685,1211225600,$2.7837,$2.798,$2.6575
12/29/2016,$2.7858,2165589200,$2.6225,$2.7873,$2.57
12/28/2016,$2.7313,2285030400,$2.99,$2.9983,$2.7172
12/27/2016,$2.933,1189433600,$2.8015,$2.934,$2.7805
12/23/2016,$2.7445,647251600,$2.6595,$2.7459,$2.6568
12/22/2016,$2.6778,718192800,$2.6705,$2.7218,$2.6633
12/21/2016,$2.6458,575669200,$2.641,$2.6488,$2.5928
12/20/2016,$2.6293,846926400,$2.6145,$2.6532,$2.603
12/19/2016,$2.5408,744264800,$2.4925,$2.5612,$2.475
12/16/2016,$2.5103,1088590000,$2.4958,$2.5175,$2.4432
12/15/2016,$2.4678,746226800,$2.4225,$2.4985,$2.415
12/14/2016,$2.4113,983130800,$2.3135,$2.4278,$2.2893
12/13/2016,$2.2793,386145880,$2.2523,$2.3073,$2.2513
12/12/2016,$2.2398,600807600,$2.2462,$2.2488,$2.1885
12/09/2016,$2.2955,382199840,$2.355,$2.3567,$2.2677
12/08/2016,$2.337,381320360,$2.3798,$2.4155,$2.3263
12/07/2016,$2.3767,480332800,$2.321,$2.3825,$2.3025
12/06/2016,$2.3348,498296000,$2.3053,$2.3433,$2.2893
12/05/2016,$2.297,601664800,$2.2498,$2.3153,$2.225
12/02/2016,$2.2113,477808000,$2.1563,$2.22,$2.128
12/01/2016,$2.191,1034954000,$2.3025,$2.3043,$2.1193
11/30/2016,$2.305,439998400,$2.34,$2.354,$2.3025
11/29/2016,$2.3313,444179600,$2.35,$2.361,$2.3133
11/28/2016,$2.3527,278450760,$2.3468,$2.3685,$2.34
11/25/2016,$2.354,195563120,$2.3605,$2.3775,$2.3352
11/23/2016,$2.3493,442994800,$2.343,$2.3812,$2.3192
11/22/2016,$2.3413,329997560,$2.3325,$2.3435,$2.3095
11/21/2016,$2.3245,436182400,$2.3523,$2.3588,$2.31
11/18/2016,$2.334,575472800,$2.3098,$2.3583,$2.295
11/17/2016,$2.3098,832428000,$2.3078,$2.3698,$2.2663
11/16/2016,$2.2908,987376000,$2.1835,$2.3139,$2.1586
11/15/2016,$2.1547,623836000,$2.1073,$2.1863,$2.0983
11/14/2016,$2.091,1348280000,$2.2023,$2.2048,$2.0905
11/11/2016,$2.1993,2174498000,$1.9878,$2.2193,$1.9625
11/10/2016,$1.6943,827492400,$1.7873,$1.7875,$1.669
11/09/2016,$1.749,456131200,$1.7308,$1.7725,$1.718
11/08/2016,$1.779,428953200,$1.7885,$1.7942,$1.7625
11/07/2016,$1.7817,487434000,$1.7388,$1.793,$1.7375
11/04/2016,$1.6892,328421800,$1.6878,$1.7183,$1.6644
11/03/2016,$1.699,309141120,$1.727,$1.7285,$1.666
11/02/2016,$1.719,295586240,$1.7395,$1.763,$1.7159
11/01/2016,$1.7263,472846400,$1.7855,$1.7953,$1.7073
10/31/2016,$1.779,252206960,$1.7698,$1.7906,$1.7688
10/28/2016,$1.764,290520640,$1.7755,$1.8025,$1.7608
10/27/2016,$1.767,388540040,$1.8178,$1.8213,$1.7596
10/26/2016,$1.804,333669160,$1.7817,$1.8238,$1.78
10/25/2016,$1.7968,396779040,$1.7648,$1.8075,$1.7563
10/24/2016,$1.7677,339648240,$1.70,$1.7698,$1.6997
10/21/2016,$1.6885,279477280,$1.6872,$1.6915,$1.6725
10/20/2016,$1.6933,311884640,$1.6813,$1.6988,$1.6575
10/19/2016,$1.6618,198538080,$1.654,$1.6695,$1.6455
10/18/2016,$1.6653,268906160,$1.663,$1.6748,$1.6563
10/17/2016,$1.6403,195062440,$1.6495,$1.665,$1.638
10/14/2016,$1.6498,330593480,$1.6538,$1.665,$1.64
10/13/2016,$1.6338,390021400,$1.6413,$1.645,$1.5925
10/12/2016,$1.6608,419636400,$1.6465,$1.6695,$1.6328
10/11/2016,$1.6532,388124520,$1.672,$1.6745,$1.6405
10/10/2016,$1.6775,287355400,$1.68,$1.689,$1.6618
10/07/2016,$1.6712,286129320,$1.6948,$1.6993,$1.6665
10/06/2016,$1.6835,359658920,$1.6852,$1.6958,$1.6565
10/05/2016,$1.7058,301787600,$1.722,$1.7395,$1.7005
10/04/2016,$1.7075,281487200,$1.7138,$1.7425,$1.6948
10/03/2016,$1.7113,242498640,$1.713,$1.7378,$1.7083
09/30/2016,$1.713,429813200,$1.6943,$1.7298,$1.6843
09/29/2016,$1.685,336448000,$1.6668,$1.6903,$1.6513
09/28/2016,$1.6695,319770240,$1.666,$1.6708,$1.6483
09/27/2016,$1.6635,402508800,$1.6023,$1.666,$1.6015
09/26/2016,$1.6085,229837400,$1.6052,$1.615,$1.5883
09/23/2016,$1.6238,276122440,$1.6275,$1.6323,$1.6165
09/22/2016,$1.6255,308002560,$1.631,$1.636,$1.6163
09/21/2016,$1.6215,336104120,$1.582,$1.6245,$1.5818
09/20/2016,$1.5773,330649200,$1.61,$1.61,$1.5685
09/19/2016,$1.5918,416356000,$1.5875,$1.6315,$1.5803
09/16/2016,$1.571,902392400,$1.5728,$1.5813,$1.553
09/15/2016,$1.5673,515260800,$1.5125,$1.569,$1.509
09/14/2016,$1.51,319212480,$1.5003,$1.515,$1.4878
09/13/2016,$1.4968,470934400,$1.515,$1.5325,$1.4883
09/12/2016,$1.5188,597549600,$1.4683,$1.5216,$1.4329
09/09/2016,$1.488,697500000,$1.5488,$1.5575,$1.475
09/08/2016,$1.566,314982120,$1.5533,$1.5685,$1.5355
09/07/2016,$1.5548,397687120,$1.573,$1.5807,$1.5458
09/06/2016,$1.578,305878440,$1.5688,$1.578,$1.5607
09/02/2016,$1.5633,323088200,$1.582,$1.5838,$1.5455
09/01/2016,$1.5788,428318400,$1.5348,$1.5845,$1.5335
08/31/2016,$1.5335,388270440,$1.5438,$1.548,$1.529
08/30/2016,$1.5408,285426800,$1.5478,$1.5561,$1.5365
08/29/2016,$1.5498,274446240,$1.557,$1.5633,$1.5471
08/26/2016,$1.5508,299846480,$1.5423,$1.5595,$1.53
08/25/2016,$1.5383,405703600,$1.549,$1.5498,$1.519
08/24/2016,$1.5485,298275200,$1.5783,$1.579,$1.5413
08/23/2016,$1.5728,339426760,$1.576,$1.583,$1.5682
08/22/2016,$1.563,244679960,$1.5613,$1.5653,$1.5428
08/19/2016,$1.5565,291273280,$1.5518,$1.5682,$1.545
08/18/2016,$1.5525,331401240,$1.5265,$1.555,$1.5205
08/17/2016,$1.5288,595052400,$1.565,$1.5685,$1.5164
08/16/2016,$1.565,287623520,$1.5723,$1.5748,$1.5602
08/15/2016,$1.5745,573091600,$1.5778,$1.5874,$1.5533
08/12/2016,$1.576,1424811200,$1.5475,$1.5845,$1.5158
08/11/2016,$1.4925,668833600,$1.4705,$1.4988,$1.4675
08/10/2016,$1.4628,375080280,$1.4853,$1.4875,$1.4581
08/09/2016,$1.4723,372087920,$1.4758,$1.4865,$1.4685
08/08/2016,$1.4685,304786280,$1.475,$1.4785,$1.453
08/05/2016,$1.455,371490000,$1.4473,$1.4558,$1.4403
08/04/2016,$1.4308,272056280,$1.4115,$1.4373,$1.4088
08/03/2016,$1.4047,298863400,$1.3993,$1.4075,$1.3915
08/02/2016,$1.401,281514320,$1.425,$1.4258,$1.3875
08/01/2016,$1.4183,299344280,$1.4335,$1.4388,$1.409
07/29/2016,$1.4275,409525200,$1.4098,$1.4313,$1.3845
07/28/2016,$1.4045,220847800,$1.4047,$1.415,$1.4003
07/27/2016,$1.4015,445951200,$1.428,$1.4305,$1.393
07/26/2016,$1.4158,514057200,$1.4043,$1.423,$1.4023
07/25/2016,$1.392,312445120,$1.375,$1.3953,$1.369
07/22/2016,$1.3668,315720680,$1.3353,$1.3668,$1.3255
07/21/2016,$1.3305,361239800,$1.3525,$1.3568,$1.326
07/20/2016,$1.3555,296307480,$1.3425,$1.3626,$1.337
07/19/2016,$1.338,382604280,$1.3235,$1.3432,$1.321
07/18/2016,$1.3243,252293640,$1.3338,$1.3358,$1.3193
07/15/2016,$1.3175,428349600,$1.316,$1.3234,$1.296
07/14/2016,$1.333,316635280,$1.3265,$1.345,$1.3155
07/13/2016,$1.3195,324430520,$1.3225,$1.33,$1.3175
07/12/2016,$1.32,436657200,$1.315,$1.332,$1.2985
07/11/2016,$1.3005,448664000,$1.2895,$1.31,$1.288
07/08/2016,$1.2713,481846800,$1.2353,$1.2773,$1.2305
07/07/2016,$1.2223,395044800,$1.1992,$1.2265,$1.1938
07/06/2016,$1.1912,272378960,$1.1755,$1.1981,$1.1695
07/05/2016,$1.1838,370533800,$1.16,$1.1858,$1.1508
07/01/2016,$1.1665,218481920,$1.1688,$1.184,$1.1625
06/30/2016,$1.1752,429868800,$1.1683,$1.1825,$1.1588
06/29/2016,$1.1663,318621520,$1.1575,$1.1752,$1.1545
06/28/2016,$1.1475,381402040,$1.1525,$1.1537,$1.1318
06/27/2016,$1.131,449714800,$1.1338,$1.1425,$1.1143
06/24/2016,$1.1432,1017500400,$1.1625,$1.184,$1.1325
06/23/2016,$1.2123,297520800,$1.192,$1.2135,$1.1912
06/22/2016,$1.1808,201752640,$1.1843,$1.192,$1.1788
06/21/2016,$1.1818,211690640,$1.194,$1.1973,$1.18
06/20/2016,$1.189,292967840,$1.1868,$1.2043,$1.186
06/17/2016,$1.168,470838000,$1.1903,$1.1905,$1.1633
06/16/2016,$1.1888,246260720,$1.1752,$1.1908,$1.1638
06/15/2016,$1.184,300156720,$1.1818,$1.1943,$1.1688
06/14/2016,$1.172,297884440,$1.167,$1.1775,$1.1539
06/13/2016,$1.1698,475530000,$1.1563,$1.1925,$1.1563
06/10/2016,$1.155,399957680,$1.1705,$1.181,$1.1535
06/09/2016,$1.1845,471942800,$1.1505,$1.1863,$1.148
06/08/2016,$1.1545,234317240,$1.1585,$1.1628,$1.145
06/07/2016,$1.1583,193164480,$1.163,$1.1695,$1.1578
06/06/2016,$1.156,321602640,$1.165,$1.174,$1.15
06/03/2016,$1.162,461023200,$1.167,$1.1685,$1.1415
06/02/2016,$1.1785,328007080,$1.1765,$1.1885,$1.165
06/01/2016,$1.1703,386584440,$1.1625,$1.1815,$1.159
05/31/2016,$1.168,411656000,$1.1525,$1.1704,$1.1518
05/27/2016,$1.1475,277363680,$1.1425,$1.1493,$1.1387
05/26/2016,$1.1413,309343640,$1.1313,$1.1495,$1.128
05/25/2016,$1.1293,458253200,$1.1375,$1.1423,$1.1203
05/24/2016,$1.134,415691200,$1.1105,$1.1375,$1.1075
05/23/2016,$1.11,413439600,$1.113,$1.1173,$1.1033
05/20/2016,$1.1083,390710880,$1.0955,$1.1127,$1.0938
05/19/2016,$1.0887,398869400,$1.0798,$1.0965,$1.0783
05/18/2016,$1.084,540958800,$1.05,$1.0963,$1.05
05/17/2016,$1.057,628142400,$1.05,$1.0645,$1.0365
05/16/2016,$1.0548,972378000,$1.0168,$1.07,$1.0135
05/13/2016,$1.0245,2109569600,$0.9798,$1.025,$0.975
05/12/2016,$0.8893,659067600,$0.908,$0.912,$0.8733
05/11/2016,$0.9015,327161160,$0.9018,$0.9115,$0.8967
05/10/2016,$0.899,268863560,$0.8875,$0.9005,$0.879
05/09/2016,$0.882,332696760,$0.8855,$0.8893,$0.8748
05/06/2016,$0.8832,183169120,$0.8727,$0.8856,$0.871
05/05/2016,$0.8742,246680520,$0.8762,$0.8845,$0.8678
05/04/2016,$0.869,525756400,$0.8785,$0.8793,$0.86
05/03/2016,$0.8893,224023400,$0.8898,$0.8935,$0.8815
05/02/2016,$0.90,256073520,$0.8967,$0.9055,$0.8925
04/29/2016,$0.8883,321873280,$0.9013,$0.9033,$0.8785
04/28/2016,$0.905,381208120,$0.927,$0.9325,$0.9028
04/27/2016,$0.9328,352288600,$0.9098,$0.9333,$0.9081
04/26/2016,$0.912,214453920,$0.9168,$0.9273,$0.908
04/25/2016,$0.9113,191989560,$0.907,$0.9163,$0.9045
04/22/2016,$0.9068,223491920,$0.9133,$0.9195,$0.9036
04/21/2016,$0.9103,178074000,$0.9115,$0.9158,$0.9063
04/20/2016,$0.9113,200176320,$0.9063,$0.9168,$0.9053
04/19/2016,$0.9078,308952520,$0.9278,$0.9295,$0.902
04/18/2016,$0.9243,307310320,$0.9265,$0.9265,$0.9153
04/15/2016,$0.9283,436962800,$0.9207,$0.9365,$0.9178
04/14/2016,$0.921,416445200,$0.916,$0.925,$0.9123
04/13/2016,$0.9185,350699440,$0.90,$0.9188,$0.90
04/12/2016,$0.896,292615640,$0.90,$0.9013,$0.8785
04/11/2016,$0.897,387421760,$0.8967,$0.9118,$0.894
04/08/2016,$0.8915,255934920,$0.893,$0.8988,$0.8826
04/07/2016,$0.8858,378082760,$0.8893,$0.8973,$0.882
04/06/2016,$0.895,453261600,$0.8825,$0.8955,$0.8658
04/05/2016,$0.8938,339313880,$0.887,$0.902,$0.8835
04/04/2016,$0.895,393941640,$0.9113,$0.916,$0.8915
04/01/2016,$0.9038,348040840,$0.8852,$0.9043,$0.8785
03/31/2016,$0.8908,379809880,$0.898,$0.90,$0.8838
03/30/2016,$0.894,376477680,$0.888,$0.9063,$0.8875
03/29/2016,$0.8848,261799720,$0.867,$0.8868,$0.865
03/28/2016,$0.8708,251080600,$0.8605,$0.8745,$0.8595
03/24/2016,$0.862,244944160,$0.853,$0.8635,$0.8502
03/23/2016,$0.8608,428984800,$0.85,$0.867,$0.8463
03/22/2016,$0.8463,241974640,$0.845,$0.8521,$0.8357
03/21/2016,$0.8478,337773560,$0.8377,$0.848,$0.8287
03/18/2016,$0.8453,545504400,$0.8303,$0.8563,$0.825
03/17/2016,$0.8205,353645400,$0.8245,$0.8285,$0.8093
03/16/2016,$0.8275,363546800,$0.7975,$0.8303,$0.7938
03/15/2016,$0.8035,226200200,$0.8033,$0.8085,$0.7893
03/14/2016,$0.8075,190310560,$0.8018,$0.8108,$0.798
03/11/2016,$0.8055,277386040,$0.8037,$0.8057,$0.7943
03/10/2016,$0.792,286079080,$0.798,$0.8025,$0.776
03/09/2016,$0.7933,222784120,$0.8008,$0.8019,$0.783
03/08/2016,$0.7938,274935120,$0.8003,$0.805,$0.7911
03/07/2016,$0.8085,240209240,$0.8093,$0.8148,$0.7979
03/04/2016,$0.8137,175303360,$0.8225,$0.8233,$0.8075
03/03/2016,$0.8163,301856680,$0.8225,$0.826,$0.8053
03/02/2016,$0.8235,233868280,$0.8143,$0.8265,$0.8127
03/01/2016,$0.8188,348600480,$0.786,$0.8188,$0.7848
02/29/2016,$0.784,323339960,$0.7903,$0.8005,$0.7835
02/26/2016,$0.792,361923920,$0.801,$0.8029,$0.784
02/25/2016,$0.7973,349610680,$0.7985,$0.8013,$0.783
02/24/2016,$0.7955,336827200,$0.7868,$0.7967,$0.765
02/23/2016,$0.79,369333200,$0.7818,$0.7975,$0.778
02/22/2016,$0.788,449652800,$0.772,$0.7968,$0.7705
02/19/2016,$0.761,525441200,$0.747,$0.7678,$0.7412
02/18/2016,$0.751,1068628000,$0.7483,$0.7744,$0.7475
02/17/2016,$0.6915,766285600,$0.6833,$0.698,$0.6805
02/16/2016,$0.6747,484881200,$0.6525,$0.6758,$0.6505
02/12/2016,$0.6433,340814200,$0.6425,$0.6445,$0.6188
02/11/2016,$0.6325,340139880,$0.6195,$0.639,$0.6195
02/10/2016,$0.6358,335799200,$0.6412,$0.6598,$0.6322
02/09/2016,$0.6372,425359600,$0.623,$0.6638,$0.62
02/08/2016,$0.6305,608819600,$0.6508,$0.654,$0.6213
02/05/2016,$0.6608,600364400,$0.7005,$0.7083,$0.6588
02/04/2016,$0.7053,348137280,$0.706,$0.7213,$0.6983
02/03/2016,$0.705,326774040,$0.707,$0.7113,$0.6888
02/02/2016,$0.7015,341908400,$0.725,$0.7288,$0.6965
02/01/2016,$0.7325,289875960,$0.7315,$0.7363,$0.7253
01/29/2016,$0.7323,310447480,$0.7073,$0.7336,$0.7045
01/28/2016,$0.7013,276778040,$0.7148,$0.7173,$0.6875
01/27/2016,$0.709,231675120,$0.7165,$0.7186,$0.6954
01/26/2016,$0.7175,227967280,$0.712,$0.7205,$0.7046
01/25/2016,$0.7105,270608120,$0.711,$0.7191,$0.7089
01/22/2016,$0.7113,257994400,$0.7083,$0.716,$0.7067
01/21/2016,$0.695,481456400,$0.6945,$0.7058,$0.6803
01/20/2016,$0.687,481177600,$0.6703,$0.6957,$0.6613
01/19/2016,$0.6833,453725200,$0.6918,$0.7113,$0.6804
01/15/2016,$0.6778,841364000,$0.688,$0.6963,$0.666
01/14/2016,$0.7168,600097600,$0.7165,$0.725,$0.6955
01/13/2016,$0.7315,481667200,$0.7603,$0.7652,$0.7308
01/12/2016,$0.7545,469243600,$0.7553,$0.7655,$0.7492
01/11/2016,$0.742,409383600,$0.7415,$0.7473,$0.7288
01/08/2016,$0.7408,398389280,$0.7668,$0.7675,$0.7391
01/07/2016,$0.757,645182000,$0.7685,$0.7738,$0.747
01/06/2016,$0.7883,449208000,$0.8088,$0.8125,$0.779
01/05/2016,$0.8223,489483200,$0.8245,$0.836,$0.8125
01/04/2016,$0.8093,358017560,$0.8073,$0.8145,$0.801
12/31/2015,$0.824,148527920,$0.8335,$0.8373,$0.824
12/30/2015,$0.8348,180219520,$0.8413,$0.8485,$0.8345
12/29/2015,$0.842,203633880,$0.829,$0.8445,$0.8268
12/28/2015,$0.8285,142025800,$0.8205,$0.8285,$0.809
12/24/2015,$0.8293,52449240,$0.824,$0.8313,$0.8227
12/23/2015,$0.8264,122517480,$0.8245,$0.8296,$0.823
12/22/2015,$0.8233,129435440,$0.825,$0.8315,$0.8182
12/21/2015,$0.8224,284210920,$0.8123,$0.8233,$0.805
12/18/2015,$0.8035,390438400,$0.811,$0.8193,$0.8025
12/17/2015,$0.8168,254145760,$0.8305,$0.839,$0.8163
12/16/2015,$0.8293,236245640,$0.826,$0.832,$0.8188
12/15/2015,$0.8243,306978320,$0.8235,$0.83,$0.819
12/14/2015,$0.8143,276209760,$0.813,$0.8188,$0.8045
12/11/2015,$0.8123,227301520,$0.8163,$0.822,$0.8105
12/10/2015,$0.8245,236515080,$0.8203,$0.829,$0.8175
12/09/2015,$0.8178,372674840,$0.8388,$0.8438,$0.8093
12/08/2015,$0.839,314481160,$0.8175,$0.8425,$0.8123
12/07/2015,$0.8277,333503760,$0.8435,$0.8435,$0.8253
12/04/2015,$0.8438,458681600,$0.8108,$0.8453,$0.8108
12/03/2015,$0.8108,246649000,$0.819,$0.8275,$0.8068
12/02/2015,$0.8125,294209520,$0.82,$0.8285,$0.8108
12/01/2015,$0.8188,409489600,$0.80,$0.8195,$0.7993
11/30/2015,$0.793,317733080,$0.7855,$0.7965,$0.7848
11/27/2015,$0.7848,87008080,$0.7798,$0.7873,$0.7758
11/25/2015,$0.7783,138299040,$0.7778,$0.787,$0.7755
11/24/2015,$0.7793,195422440,$0.773,$0.786,$0.7695
11/23/2015,$0.773,242544040,$0.7913,$0.7913,$0.7701
11/20/2015,$0.7848,239741240,$0.7838,$0.7893,$0.779
11/19/2015,$0.778,254056120,$0.7785,$0.7858,$0.7722
11/18/2015,$0.7758,350178480,$0.7603,$0.7768,$0.7519
11/17/2015,$0.76,257046520,$0.762,$0.7665,$0.7568
11/16/2015,$0.76,344213520,$0.7548,$0.7605,$0.7488
11/13/2015,$0.745,292870680,$0.7608,$0.764,$0.7412
11/12/2015,$0.76,291057800,$0.761,$0.768,$0.7568
11/11/2015,$0.7628,619958400,$0.7708,$0.7763,$0.76
11/10/2015,$0.7702,552215600,$0.775,$0.7793,$0.7538
11/09/2015,$0.7853,492563600,$0.781,$0.7875,$0.7742
11/06/2015,$0.7888,1172137600,$0.7612,$0.7985,$0.7455
11/05/2015,$0.6928,477219200,$0.7043,$0.7061,$0.6907
11/04/2015,$0.7008,442260800,$0.7105,$0.7158,$0.6975
11/03/2015,$0.7125,376749200,$0.7133,$0.7173,$0.7045
11/02/2015,$0.7175,190087880,$0.7115,$0.7183,$0.7073
10/30/2015,$0.7093,301158600,$0.6995,$0.7143,$0.6943
10/29/2015,$0.692,327164680,$0.7053,$0.7125,$0.6907
10/28/2015,$0.7168,217034080,$0.7155,$0.7168,$0.705
10/27/2015,$0.711,208267120,$0.708,$0.7154,$0.7075
10/26/2015,$0.7115,243917840,$0.7153,$0.717,$0.705
10/23/2015,$0.7148,381743080,$0.7163,$0.7195,$0.7055
10/22/2015,$0.71,306727520,$0.6933,$0.7123,$0.6923
10/21/2015,$0.6853,386395760,$0.6985,$0.7027,$0.684
10/20/2015,$0.6943,264796520,$0.6923,$0.6975,$0.687
10/19/2015,$0.6953,294631200,$0.6987,$0.7019,$0.6873
10/16/2015,$0.6965,448372400,$0.688,$0.703,$0.6863
10/15/2015,$0.6858,526038000,$0.6853,$0.6997,$0.6783
10/14/2015,$0.684,612148000,$0.6608,$0.6946,$0.66
10/13/2015,$0.66,298432840,$0.6535,$0.6639,$0.6513
10/12/2015,$0.6588,227501080,$0.6525,$0.6625,$0.6476
10/09/2015,$0.6518,423248400,$0.6508,$0.657,$0.6395
10/08/2015,$0.6543,460009600,$0.6478,$0.656,$0.6368
10/07/2015,$0.6505,310151960,$0.6452,$0.657,$0.6348
10/06/2015,$0.6438,454420000,$0.6288,$0.6465,$0.6263
10/05/2015,$0.6355,482000800,$0.624,$0.6433,$0.6208
10/02/2015,$0.62,386115200,$0.601,$0.62,$0.5948
10/01/2015,$0.6043,488321200,$0.6162,$0.618,$0.5867
09/30/2015,$0.6162,556344400,$0.5983,$0.617,$0.5948
09/29/2015,$0.5928,380678920,$0.5888,$0.5938,$0.5805
09/28/2015,$0.5825,392753080,$0.5903,$0.5939,$0.5787
09/25/2015,$0.5903,369682720,$0.5933,$0.6018,$0.5845
09/24/2015,$0.586,382425240,$0.5715,$0.592,$0.5625
09/23/2015,$0.575,161633960,$0.5727,$0.5785,$0.5705
09/22/2015,$0.5723,226417120,$0.5755,$0.5795,$0.5691
09/21/2015,$0.5883,281862640,$0.583,$0.5895,$0.58
09/18/2015,$0.5823,326073920,$0.5747,$0.5872,$0.5713
09/17/2015,$0.5827,267681640,$0.5875,$0.5928,$0.5815
09/16/2015,$0.5775,173493720,$0.5725,$0.5807,$0.5681
09/15/2015,$0.5735,327976480,$0.5675,$0.5765,$0.5657
09/14/2015,$0.5673,192465440,$0.569,$0.5707,$0.5643
09/11/2015,$0.5663,301577320,$0.5583,$0.57,$0.5559
09/10/2015,$0.5645,357075840,$0.5525,$0.5715,$0.5499
09/09/2015,$0.5558,289385960,$0.5687,$0.5735,$0.5545
09/08/2015,$0.567,238338720,$0.557,$0.5693,$0.5548
09/04/2015,$0.5438,287957800,$0.5473,$0.556,$0.5435
09/03/2015,$0.5567,262557520,$0.5635,$0.5663,$0.5558
09/02/2015,$0.5553,344038320,$0.5537,$0.5555,$0.5445
09/01/2015,$0.539,353408800,$0.5457,$0.555,$0.535
08/31/2015,$0.562,219346440,$0.5655,$0.5695,$0.5596
08/28/2015,$0.5683,320924880,$0.5657,$0.5718,$0.5616
08/27/2015,$0.5657,463691200,$0.551,$0.566,$0.5478
08/26/2015,$0.5453,614832400,$0.5235,$0.5457,$0.5195
08/25/2015,$0.507,622610800,$0.5405,$0.5425,$0.507
08/24/2015,$0.5178,681868000,$0.5068,$0.5457,$0.50
08/21/2015,$0.5367,382572240,$0.55,$0.5593,$0.5363
08/20/2015,$0.554,426928400,$0.5683,$0.571,$0.5513
08/19/2015,$0.5747,249248280,$0.5763,$0.5826,$0.5685
08/18/2015,$0.577,287078000,$0.5805,$0.5845,$0.5725
08/17/2015,$0.5847,273874920,$0.5875,$0.5875,$0.5775
08/14/2015,$0.5885,214592440,$0.5875,$0.592,$0.584
08/13/2015,$0.588,276841840,$0.5938,$0.595,$0.5865
08/12/2015,$0.593,384068480,$0.582,$0.5973,$0.582
08/11/2015,$0.5915,434966800,$0.5857,$0.5973,$0.5857
08/10/2015,$0.5945,662247600,$0.5705,$0.5988,$0.567
08/07/2015,$0.5745,1405060800,$0.5615,$0.5843,$0.547
08/06/2015,$0.5112,645698400,$0.5133,$0.517,$0.5028
08/05/2015,$0.5145,234577680,$0.5218,$0.5222,$0.5134
08/04/2015,$0.5093,260048360,$0.5055,$0.5108,$0.5035
08/03/2015,$0.5072,397008400,$0.5028,$0.5078,$0.4963
07/31/2015,$0.4988,218368440,$0.5025,$0.5028,$0.4957
07/30/2015,$0.5005,190165160,$0.498,$0.5055,$0.498
07/29/2015,$0.4992,232637320,$0.4923,$0.5032,$0.4903
07/28/2015,$0.4933,198309320,$0.484,$0.4965,$0.479
07/27/2015,$0.4828,192412800,$0.4813,$0.4883,$0.4773
07/24/2015,$0.4855,188812880,$0.4948,$0.4952,$0.4835
07/23/2015,$0.4912,169854600,$0.4863,$0.4985,$0.4853
07/22/2015,$0.4851,356442760,$0.4912,$0.4912,$0.4793
07/21/2015,$0.4948,149183800,$0.4915,$0.5018,$0.4915
07/20/2015,$0.4925,188406360,$0.5018,$0.5038,$0.4912
07/17/2015,$0.5018,220352320,$0.503,$0.5035,$0.4952
07/16/2015,$0.5048,282881840,$0.4968,$0.5048,$0.495
07/15/2015,$0.4938,265678920,$0.496,$0.4992,$0.4893
07/14/2015,$0.4973,249217160,$0.4978,$0.4983,$0.4908
07/13/2015,$0.497,212470760,$0.4988,$0.4997,$0.4936
07/10/2015,$0.4938,216715680,$0.4915,$0.4983,$0.4903
07/09/2015,$0.4853,357589800,$0.499,$0.5013,$0.4823
07/08/2015,$0.4912,332491480,$0.492,$0.495,$0.4872
07/07/2015,$0.4948,594228400,$0.5013,$0.5032,$0.479
07/06/2015,$0.5043,214768520,$0.5062,$0.5133,$0.5004
07/02/2015,$0.5105,145738600,$0.5098,$0.5138,$0.5072
07/01/2015,$0.51,302920040,$0.5152,$0.5225,$0.5055
06/30/2015,$0.5028,315125920,$0.506,$0.5082,$0.4992
06/29/2015,$0.503,391723840,$0.5125,$0.5178,$0.5022
06/26/2015,$0.5185,421220800,$0.525,$0.5293,$0.5162
06/25/2015,$0.5293,348417880,$0.5253,$0.5325,$0.5253
06/24/2015,$0.5253,253362160,$0.5298,$0.5325,$0.5228
06/23/2015,$0.5305,414022400,$0.5455,$0.5497,$0.5263
06/22/2015,$0.5444,514153200,$0.5478,$0.5508,$0.5363
06/19/2015,$0.5468,355556080,$0.5485,$0.553,$0.5418
06/18/2015,$0.5485,299331960,$0.544,$0.552,$0.5425
06/17/2015,$0.5395,233497920,$0.533,$0.5425,$0.5318
06/16/2015,$0.5333,256890120,$0.5258,$0.534,$0.5205
06/15/2015,$0.5268,306426920,$0.525,$0.5291,$0.521
06/12/2015,$0.5278,323724960,$0.539,$0.5423,$0.5265
06/11/2015,$0.5425,283037840,$0.5367,$0.5463,$0.5367
06/10/2015,$0.5367,529425200,$0.54,$0.5435,$0.5338
06/09/2015,$0.5465,256807280,$0.5443,$0.5505,$0.5433
06/08/2015,$0.5438,342809040,$0.5548,$0.5585,$0.5375
06/05/2015,$0.5565,313320040,$0.5505,$0.559,$0.5447
06/04/2015,$0.5523,323636600,$0.5393,$0.554,$0.5393
06/03/2015,$0.5425,250647680,$0.55,$0.5543,$0.5415
06/02/2015,$0.5484,223457880,$0.556,$0.559,$0.548
06/01/2015,$0.5595,372608960,$0.5567,$0.565,$0.5533
05/29/2015,$0.5533,335116960,$0.5535,$0.557,$0.5525
05/28/2015,$0.5535,327617240,$0.546,$0.5553,$0.545
05/27/2015,$0.546,432320000,$0.5218,$0.5484,$0.52
05/26/2015,$0.5182,259714280,$0.519,$0.5225,$0.5144
05/22/2015,$0.5215,212591280,$0.5235,$0.5254,$0.5202
05/21/2015,$0.5222,239690000,$0.5263,$0.5285,$0.5218
05/20/2015,$0.526,196821360,$0.5263,$0.5325,$0.5255
05/19/2015,$0.526,250340880,$0.53,$0.5318,$0.525
05/18/2015,$0.5318,324963680,$0.5313,$0.535,$0.5287
05/15/2015,$0.5325,215824760,$0.5345,$0.537,$0.5293
05/14/2015,$0.5323,293050600,$0.5253,$0.535,$0.524
05/13/2015,$0.5238,308522800,$0.5245,$0.5285,$0.5188
05/12/2015,$0.5207,388674040,$0.512,$0.525,$0.5118
05/11/2015,$0.5158,544117600,$0.5135,$0.521,$0.5095
05/08/2015,$0.5206,1146444400,$0.5253,$0.546,$0.5122
05/07/2015,$0.5623,533244000,$0.5503,$0.564,$0.5485
05/06/2015,$0.5525,316443400,$0.5537,$0.559,$0.5453
05/05/2015,$0.5508,292927800,$0.5633,$0.564,$0.5483
05/04/2015,$0.5653,199328160,$0.5683,$0.572,$0.5635
05/01/2015,$0.5687,254757840,$0.5595,$0.5705,$0.557
04/30/2015,$0.5549,215158080,$0.5508,$0.5576,$0.5495
04/29/2015,$0.5535,190722000,$0.5537,$0.5593,$0.5513
04/28/2015,$0.5576,231700600,$0.554,$0.5596,$0.5487
04/27/2015,$0.555,244312880,$0.5525,$0.5647,$0.5478
04/24/2015,$0.5508,236208040,$0.5553,$0.5555,$0.5445
04/23/2015,$0.5555,254653680,$0.5475,$0.5607,$0.5413
04/22/2015,$0.5577,207200480,$0.5548,$0.5585,$0.5463
04/21/2015,$0.5514,229783640,$0.559,$0.559,$0.5487
04/20/2015,$0.5523,229581680,$0.5575,$0.561,$0.5513
04/17/2015,$0.555,289740760,$0.5505,$0.5605,$0.5503
04/16/2015,$0.5623,153237720,$0.5625,$0.5673,$0.5583
04/15/2015,$0.5657,239550440,$0.5605,$0.5699,$0.5577
04/14/2015,$0.559,217749080,$0.5615,$0.5638,$0.5536
04/13/2015,$0.5638,233992680,$0.5678,$0.571,$0.5613
04/10/2015,$0.569,255158480,$0.5638,$0.5693,$0.5617
04/09/2015,$0.5631,379409080,$0.5463,$0.565,$0.546
04/08/2015,$0.5505,364253960,$0.547,$0.5525,$0.5418
04/07/2015,$0.5465,413944400,$0.5418,$0.5525,$0.5388
04/06/2015,$0.5416,513730000,$0.5242,$0.5435,$0.5188
04/02/2015,$0.5265,192191440,$0.5283,$0.5298,$0.522
04/01/2015,$0.5253,329899360,$0.5253,$0.527,$0.5162
03/31/2015,$0.5231,356999960,$0.5353,$0.5358,$0.5228
03/30/2015,$0.5367,252344680,$0.537,$0.5395,$0.53
03/27/2015,$0.5345,317702400,$0.5273,$0.5365,$0.5188
03/26/2015,$0.5241,311911880,$0.5152,$0.5264,$0.5115
03/25/2015,$0.526,542426800,$0.5598,$0.5598,$0.5242
03/24/2015,$0.56,329514440,$0.566,$0.57,$0.5575
03/23/2015,$0.5678,424854400,$0.5693,$0.5767,$0.5675
03/20/2015,$0.5867,461996800,$0.5853,$0.5901,$0.5798
03/19/2015,$0.5804,309864280,$0.5737,$0.5825,$0.5695
03/18/2015,$0.5718,413822800,$0.5813,$0.5843,$0.5665
03/17/2015,$0.5813,299939920,$0.573,$0.5815,$0.569
03/16/2015,$0.5743,236949320,$0.572,$0.5777,$0.5683
03/13/2015,$0.5675,359287520,$0.564,$0.569,$0.5563
03/12/2015,$0.5668,406932800,$0.5665,$0.5707,$0.556
03/11/2015,$0.572,262118600,$0.575,$0.5825,$0.5704
03/10/2015,$0.5749,527190800,$0.5678,$0.5787,$0.5668
03/09/2015,$0.5653,222387720,$0.564,$0.5695,$0.5628
03/06/2015,$0.5638,257312280,$0.5683,$0.571,$0.5631
03/05/2015,$0.5715,323054520,$0.5607,$0.5725,$0.5593
03/04/2015,$0.5607,226837880,$0.5525,$0.562,$0.5503
03/03/2015,$0.5545,160345520,$0.5607,$0.5635,$0.5527
03/02/2015,$0.5649,301461240,$0.55,$0.568,$0.5493
02/27/2015,$0.5515,157490920,$0.5535,$0.5548,$0.5495
02/26/2015,$0.555,152835880,$0.554,$0.5581,$0.5505
02/25/2015,$0.5535,123789040,$0.5555,$0.558,$0.5509
02/24/2015,$0.5577,149330720,$0.554,$0.5577,$0.549
02/23/2015,$0.554,125009320,$0.5583,$0.5583,$0.5513
02/20/2015,$0.5584,157688720,$0.554,$0.5588,$0.55
02/19/2015,$0.5544,169414360,$0.56,$0.561,$0.552
02/18/2015,$0.553,170948160,$0.5588,$0.5598,$0.552
02/17/2015,$0.5594,203334640,$0.5567,$0.5623,$0.5533
02/13/2015,$0.5577,310085960,$0.5563,$0.5585,$0.5478
02/12/2015,$0.5575,676881600,$0.55,$0.5625,$0.5468
02/11/2015,$0.5202,319807280,$0.525,$0.525,$0.5168
02/10/2015,$0.5238,226196640,$0.51,$0.524,$0.5078
02/09/2015,$0.5095,27396772,$0.5070,$0.5110,$0.5037
02/06/2015,$0.5100,21052292,$0.5117,$0.5178,$0.5077
02/05/2015,$0.5121,14043740,$0.5045,$0.5125,$0.5040
02/04/2015,$0.5040,18149488,$0.5012,$0.5096,$0.4996
02/03/2015,$0.5028,18346680,$0.4940,$0.5032,$0.4915
02/02/2015,$0.4905,25960356,$0.4830,$0.4925,$0.4735
01/30/2015,$0.4801,29819072,$0.4910,$0.4967,$0.4793
01/29/2015,$0.4945,23534124,$0.4830,$0.4973,$0.4808
01/28/2015,$0.4827,27270656,$0.4968,$0.4987,$0.4825
01/27/2015,$0.4907,35788484,$0.5075,$0.5080,$0.4898
01/26/2015,$0.5154,13322232,$0.5155,$0.5180,$0.5122
01/23/2015,$0.5178,12041060,$0.5168,$0.5186,$0.5125
01/22/2015,$0.5162,15971240,$0.5085,$0.5176,$0.5032
01/21/2015,$0.5075,14477976,$0.4978,$0.5088,$0.4942
01/20/2015,$0.5005,14030676,$0.5025,$0.5052,$0.4942
01/16/2015,$0.4990,18151200,$0.4893,$0.4995,$0.4878
01/15/2015,$0.4900,18893248,$0.4970,$0.5000,$0.4898
01/14/2015,$0.4935,15526124,$0.4862,$0.4950,$0.4850
01/13/2015,$0.4914,23671840,$0.4960,$0.5060,$0.4881
01/12/2015,$0.4923,19073228,$0.4997,$0.4999,$0.4878
01/09/2015,$0.4985,20954004,$0.4982,$0.5022,$0.4914
01/08/2015,$0.4965,28378136,$0.4840,$0.4995,$0.4838
01/07/2015,$0.4784,32179944,$0.4832,$0.4875,$0.4770
01/06/2015,$0.4798,19776244,$0.4955,$0.4960,$0.4793
01/05/2015,$0.4947,19687796,$0.5032,$0.5048,$0.4925
01/02/2015,$0.5032,11366048,$0.5032,$0.5070,$0.4953
12/31/2014,$0.5012,16631832,$0.5100,$0.5128,$0.4997
12/30/2014,$0.5092,11211240,$0.5105,$0.5130,$0.5085
12/29/2014,$0.5140,8332112,$0.5132,$0.5175,$0.5108
12/26/2014,$0.5148,5264400,$0.5142,$0.5175,$0.5130
12/24/2014,$0.5142,4564512,$0.5175,$0.5181,$0.5138
12/23/2014,$0.5162,10927932,$0.5235,$0.5260,$0.5156
12/22/2014,$0.5195,14897428,$0.5100,$0.5195,$0.5082
12/19/2014,$0.5105,32514084,$0.5090,$0.5125,$0.5043
12/18/2014,$0.5055,22532628,$0.5098,$0.5157,$0.5008
12/17/2014,$0.5035,34559740,$0.4935,$0.5043,$0.4775
12/16/2014,$0.4836,18528904,$0.4888,$0.4965,$0.4835
12/15/2014,$0.4893,25337956,$0.4965,$0.5055,$0.4878
12/12/2014,$0.4907,32413848,$0.4997,$0.5043,$0.4902
12/11/2014,$0.5065,13565208,$0.5098,$0.5132,$0.5055
12/10/2014,$0.5068,20470332,$0.5168,$0.5188,$0.5061
12/09/2014,$0.5182,23944752,$0.5168,$0.5195,$0.5090
12/08/2014,$0.5200,22706840,$0.5260,$0.5312,$0.5157
12/05/2014,$0.5268,16568112,$0.5240,$0.5295,$0.5237
12/04/2014,$0.5237,18663108,$0.5277,$0.5298,$0.5202
12/03/2014,$0.5285,28445704,$0.5178,$0.5287,$0.5162
12/02/2014,$0.5152,24595192,$0.5140,$0.5175,$0.5092
12/01/2014,$0.5145,19004028,$0.5220,$0.5250,$0.5138
11/28/2014,$0.5242,12483124,$0.5247,$0.5272,$0.5201
11/26/2014,$0.5229,21926536,$0.5112,$0.5235,$0.5110
11/25/2014,$0.5142,18993440,$0.5135,$0.5180,$0.5125
11/24/2014,$0.5145,13600500,$0.5125,$0.5168,$0.5105
11/21/2014,$0.5114,19897764,$0.5130,$0.5138,$0.5070
11/20/2014,$0.5085,22093948,$0.4968,$0.5090,$0.4952
11/19/2014,$0.5003,24029768,$0.5025,$0.5040,$0.4950
11/18/2014,$0.5043,20777248,$0.4928,$0.5055,$0.4915
11/17/2014,$0.4924,15873180,$0.4925,$0.4978,$0.4893
11/14/2014,$0.4946,16021720,$0.4893,$0.4947,$0.4844
11/13/2014,$0.4888,22529756,$0.4930,$0.4937,$0.4848
11/12/2014,$0.4911,20394728,$0.4928,$0.4940,$0.4845
11/11/2014,$0.4945,21287016,$0.4975,$0.5003,$0.4901
11/10/2014,$0.5005,29323512,$0.4942,$0.5037,$0.4930
11/07/2014,$0.4947,45076240,$0.5112,$0.5171,$0.4898
11/06/2014,$0.5055,39329936,$0.5043,$0.5062,$0.4965
11/05/2014,$0.5032,33562028,$0.5062,$0.5064,$0.4995
11/04/2014,$0.5032,36009744,$0.5000,$0.5050,$0.4918
11/03/2014,$0.4968,30624760,$0.4997,$0.5015,$0.4942
10/31/2014,$0.4885,25630064,$0.4780,$0.4888,$0.4755
10/30/2014,$0.4673,17025804,$0.4690,$0.4710,$0.4612
10/29/2014,$0.4701,16834016,$0.4713,$0.4740,$0.4660
10/28/2014,$0.4733,19257812,$0.4610,$0.4739,$0.4605
10/27/2014,$0.4622,14509128,$0.4617,$0.4640,$0.4567
10/24/2014,$0.4620,21015408,$0.4600,$0.4647,$0.4571
10/23/2014,$0.4571,21447468,$0.4550,$0.4605,$0.4517
10/22/2014,$0.4473,23951284,$0.4572,$0.4588,$0.4473
10/21/2014,$0.4580,35109088,$0.4425,$0.4585,$0.4412
10/20/2014,$0.4393,20022816,$0.4355,$0.4431,$0.4325
10/17/2014,$0.4355,29071608,$0.4415,$0.4466,$0.4338
10/16/2014,$0.4362,35109372,$0.4282,$0.4412,$0.4273
10/15/2014,$0.4360,40441720,$0.4233,$0.4383,$0.4204
10/14/2014,$0.4294,37661952,$0.4255,$0.4412,$0.4230
10/13/2014,$0.4196,39762920,$0.4240,$0.4325,$0.4193
10/10/2014,$0.4211,69137240,$0.4442,$0.4457,$0.4210
10/09/2014,$0.4477,30695528,$0.4545,$0.4549,$0.4440
10/08/2014,$0.4565,26011536,$0.4477,$0.4588,$0.4442
10/07/2014,$0.4481,30189756,$0.4510,$0.4554,$0.4476
10/06/2014,$0.4530,19880412,$0.4575,$0.4612,$0.4500
10/03/2014,$0.4557,23913896,$0.4575,$0.4637,$0.4557
10/02/2014,$0.4548,28946964,$0.4560,$0.4582,$0.4442
10/01/2014,$0.4567,35097684,$0.4620,$0.4652,$0.4555
09/30/2014,$0.4612,27720264,$0.4610,$0.4645,$0.4557
09/29/2014,$0.4629,20854080,$0.4600,$0.4662,$0.4556
09/26/2014,$0.4636,24118808,$0.4642,$0.4673,$0.4622
09/25/2014,$0.4628,29825004,$0.4725,$0.4738,$0.4617
09/24/2014,$0.4730,15959176,$0.4700,$0.4745,$0.4695
09/23/2014,$0.4702,19610940,$0.4698,$0.4755,$0.4680
09/22/2014,$0.4723,22146392,$0.4867,$0.4867,$0.4718
09/19/2014,$0.4770,60131680,$0.4875,$0.4880,$0.4763
09/18/2014,$0.4860,21958604,$0.4818,$0.4865,$0.4803
09/17/2014,$0.4787,17358004,$0.4773,$0.4832,$0.4750
09/16/2014,$0.4784,21993428,$0.4702,$0.4810,$0.4688
09/15/2014,$0.4715,29415332,$0.4795,$0.4803,$0.4695
09/12/2014,$0.4780,26253052,$0.4883,$0.4883,$0.4774
09/11/2014,$0.4853,25071656,$0.4867,$0.4885,$0.4800
09/10/2014,$0.4902,17237448,$0.4912,$0.4921,$0.4856
09/09/2014,$0.4885,19858724,$0.4925,$0.4957,$0.4880
09/08/2014,$0.4947,31928980,$0.4987,$0.4997,$0.4928
09/05/2014,$0.4992,25378456,$0.5003,$0.5025,$0.4960
09/04/2014,$0.5008,49183240,$0.4912,$0.5037,$0.4910
09/03/2014,$0.4921,25945716,$0.4900,$0.4938,$0.4867
09/02/2014,$0.4874,19263452,$0.4875,$0.4875,$0.4829
08/29/2014,$0.4862,20793044,$0.4865,$0.4872,$0.4813
08/28/2014,$0.4848,17970512,$0.4798,$0.4858,$0.4782
08/27/2014,$0.4808,18204304,$0.4832,$0.4869,$0.4800
08/26/2014,$0.4864,26961820,$0.4790,$0.4872,$0.4773
08/25/2014,$0.4778,15335816,$0.4790,$0.4822,$0.4768
08/22/2014,$0.4770,25122328,$0.4763,$0.4810,$0.4733
08/21/2014,$0.4768,27279528,$0.4800,$0.4825,$0.4760
08/20/2014,$0.4813,22146984,$0.4825,$0.4848,$0.4801
08/19/2014,$0.4843,24825996,$0.4805,$0.4867,$0.4787
08/18/2014,$0.4825,28400460,$0.4780,$0.4830,$0.4733
08/15/2014,$0.4760,36979488,$0.4715,$0.4786,$0.4670
08/14/2014,$0.4700,25598784,$0.4770,$0.4770,$0.4680
08/13/2014,$0.4753,25659496,$0.4733,$0.4793,$0.4702
08/12/2014,$0.4725,29611136,$0.4723,$0.4750,$0.4673
08/11/2014,$0.4725,34462228,$0.4755,$0.4775,$0.4713
08/08/2014,$0.4750,89434480,$0.4555,$0.4775,$0.4555
08/07/2014,$0.4365,40649000,$0.4447,$0.4487,$0.4335
08/06/2014,$0.4410,22344160,$0.4385,$0.4465,$0.4353
08/05/2014,$0.4415,29833488,$0.4400,$0.4480,$0.4362
08/04/2014,$0.4412,24172216,$0.4418,$0.4455,$0.4390
08/01/2014,$0.4423,21986916,$0.4375,$0.4447,$0.4360
07/31/2014,$0.4375,40188120,$0.4465,$0.4500,$0.4366
07/30/2014,$0.4520,24618292,$0.4473,$0.4532,$0.4460
07/29/2014,$0.4445,21797308,$0.4433,$0.4505,$0.4430
07/28/2014,$0.4430,32979652,$0.4468,$0.4468,$0.4354
07/25/2014,$0.4447,26613380,$0.4513,$0.4522,$0.4440
07/24/2014,$0.4527,25452424,$0.4545,$0.4557,$0.4495
07/23/2014,$0.4520,29732760,$0.4620,$0.4622,$0.4515
07/22/2014,$0.4617,29880820,$0.4673,$0.4698,$0.4607
07/21/2014,$0.4637,24334492,$0.4593,$0.4670,$0.4593
07/18/2014,$0.4610,56781680,$0.4725,$0.4763,$0.4602
07/17/2014,$0.4825,32483076,$0.4782,$0.4875,$0.4782
07/16/2014,$0.4838,31972840,$0.4862,$0.4900,$0.4810
07/15/2014,$0.4843,39543876,$0.4830,$0.4855,$0.4798
07/14/2014,$0.4822,27263468,$0.4782,$0.4835,$0.4765
07/11/2014,$0.4763,19118872,$0.4758,$0.4778,$0.4740
07/10/2014,$0.4751,26629936,$0.4688,$0.4773,$0.4650
07/09/2014,$0.4778,38766860,$0.4677,$0.4798,$0.4642
07/08/2014,$0.4637,22194140,$0.4662,$0.4682,$0.4593
07/07/2014,$0.4675,12735468,$0.4720,$0.4723,$0.4668
07/03/2014,$0.4713,13689024,$0.4628,$0.4725,$0.4628
07/02/2014,$0.4671,17928384,$0.4670,$0.4690,$0.4642
07/01/2014,$0.4688,32117900,$0.4630,$0.4714,$0.4615
06/30/2014,$0.4635,18051340,$0.4577,$0.4647,$0.4577
06/27/2014,$0.4595,29643848,$0.4585,$0.4622,$0.4557
06/26/2014,$0.4590,25690684,$0.4652,$0.4655,$0.4575
06/25/2014,$0.4652,21541956,$0.4617,$0.4655,$0.4575
06/24/2014,$0.4605,27577520,$0.4670,$0.4707,$0.4585
06/23/2014,$0.4677,41419320,$0.4670,$0.4680,$0.4615
06/20/2014,$0.4733,35314632,$0.4798,$0.4814,$0.4695
06/19/2014,$0.4785,47459080,$0.4808,$0.4832,$0.4750
06/18/2014,$0.4898,21553524,$0.4890,$0.4920,$0.4845
06/17/2014,$0.4902,15760812,$0.4875,$0.4923,$0.4850
06/16/2014,$0.4870,19859488,$0.4862,$0.4902,$0.4827
06/13/2014,$0.4885,22784324,$0.4930,$0.4933,$0.4838
06/12/2014,$0.4880,33705788,$0.4850,$0.4902,$0.4808
06/11/2014,$0.4850,26622892,$0.4770,$0.4861,$0.4770
06/10/2014,$0.4787,21760648,$0.4745,$0.4810,$0.4725
06/09/2014,$0.4763,24745424,$0.4753,$0.4808,$0.4720
06/06/2014,$0.4758,16104836,$0.4763,$0.4800,$0.4745
06/05/2014,$0.4740,18869496,$0.4728,$0.4755,$0.4700
06/04/2014,$0.4720,16090560,$0.4702,$0.4755,$0.4700
06/03/2014,$0.4715,24321036,$0.4745,$0.4750,$0.4652
06/02/2014,$0.4735,18149884,$0.4765,$0.4795,$0.4695
05/30/2014,$0.4750,23912680,$0.4738,$0.4763,$0.4713
05/29/2014,$0.4738,17188016,$0.4742,$0.4782,$0.4728
05/28/2014,$0.4745,22467408,$0.4723,$0.4775,$0.4677
05/27/2014,$0.4705,20961620,$0.4650,$0.4705,$0.4635
05/23/2014,$0.4622,18265752,$0.4605,$0.4645,$0.4577
05/22/2014,$0.4580,13036352,$0.4550,$0.4605,$0.4550
05/21/2014,$0.4560,21646420,$0.4577,$0.4616,$0.4531
05/20/2014,$0.4560,25619920,$0.4615,$0.4628,$0.4537
05/19/2014,$0.4635,36007704,$0.4537,$0.4660,$0.4517
05/16/2014,$0.4490,28395832,$0.4465,$0.4522,$0.4465
05/15/2014,$0.4500,32572180,$0.4515,$0.4540,$0.4455
05/14/2014,$0.4525,21432136,$0.4572,$0.4590,$0.4522
05/13/2014,$0.4570,22110388,$0.4582,$0.4657,$0.4555
05/12/2014,$0.4645,29985412,$0.4522,$0.4655,$0.4520
05/09/2014,$0.4513,53953040,$0.4485,$0.4527,$0.4428
05/08/2014,$0.4625,43255160,$0.4550,$0.4698,$0.4527
05/07/2014,$0.4569,29383360,$0.4562,$0.4605,$0.4517
05/06/2014,$0.4562,41609880,$0.4702,$0.4742,$0.4550
05/05/2014,$0.4657,23925828,$0.4602,$0.4693,$0.4597
05/02/2014,$0.4607,15637512,$0.4665,$0.4665,$0.4580
05/01/2014,$0.4642,19810356,$0.4688,$0.4698,$0.4605
04/30/2014,$0.4617,30549368,$0.4665,$0.4670,$0.4607
04/29/2014,$0.4673,17102896,$0.4680,$0.4689,$0.4620
04/28/2014,$0.4662,22678796,$0.4720,$0.4745,$0.4605
04/25/2014,$0.4682,31360004,$0.4805,$0.4850,$0.4673
04/24/2014,$0.4815,39135036,$0.4805,$0.4865,$0.4805
04/23/2014,$0.4773,26158032,$0.4725,$0.4785,$0.4718
04/22/2014,$0.4718,25506440,$0.4685,$0.4747,$0.4660
04/21/2014,$0.4677,11700340,$0.4642,$0.4690,$0.4612
04/17/2014,$0.4640,15353300,$0.4605,$0.4682,$0.4595
04/16/2014,$0.4622,23513732,$0.4635,$0.4640,$0.4564
04/15/2014,$0.4612,30463684,$0.4585,$0.4637,$0.4540
04/14/2014,$0.4580,29018476,$0.4560,$0.4597,$0.4530
04/11/2014,$0.4530,35311164,$0.4560,$0.4630,$0.4470
04/10/2014,$0.4595,37274960,$0.4690,$0.4755,$0.4580
04/09/2014,$0.4710,42196760,$0.4738,$0.4778,$0.4673
04/08/2014,$0.4715,46996520,$0.4553,$0.4728,$0.4545
04/07/2014,$0.4553,42793960,$0.4540,$0.4640,$0.4515
04/04/2014,$0.4537,36803304,$0.4707,$0.4735,$0.4516
04/03/2014,$0.4682,59915640,$0.4642,$0.4796,$0.4640
04/02/2014,$0.4633,23994664,$0.4662,$0.4673,$0.4612
04/01/2014,$0.4662,65627040,$0.4620,$0.4718,$0.4565
03/31/2014,$0.4477,27340232,$0.4482,$0.4522,$0.4451
03/28/2014,$0.4475,39881748,$0.4440,$0.4503,$0.4428
03/27/2014,$0.4447,53801560,$0.4497,$0.4535,$0.4396
03/26/2014,$0.4508,55739760,$0.4655,$0.4742,$0.4468
03/25/2014,$0.4612,30442420,$0.4662,$0.4668,$0.4577
03/24/2014,$0.4612,30609544,$0.4637,$0.4675,$0.4545
03/21/2014,$0.4635,56611720,$0.4682,$0.4720,$0.4610
03/20/2014,$0.4642,19180140,$0.4615,$0.4682,$0.4595
03/19/2014,$0.4639,36616436,$0.4595,$0.4728,$0.4582
03/18/2014,$0.4560,29366692,$0.4473,$0.4590,$0.4452
03/17/2014,$0.4455,29948812,$0.4468,$0.4500,$0.4450
03/14/2014,$0.4455,46003400,$0.4390,$0.4495,$0.4390
03/13/2014,$0.4435,38517212,$0.4590,$0.4607,$0.4412
03/12/2014,$0.4580,23942900,$0.4545,$0.4607,$0.4527
03/11/2014,$0.4567,29721028,$0.4545,$0.4607,$0.4530
03/10/2014,$0.4522,30087396,$0.4575,$0.4595,$0.4503
03/07/2014,$0.4590,26845124,$0.4615,$0.4622,$0.4554
03/06/2014,$0.4595,29014372,$0.4668,$0.4693,$0.4588
03/05/2014,$0.4660,24147392,$0.4615,$0.4662,$0.4595
03/04/2014,$0.4620,26034216,$0.4595,$0.4650,$0.4588
03/03/2014,$0.4572,37594692,$0.4492,$0.4572,$0.4452
02/28/2014,$0.4595,32169072,$0.4600,$0.4645,$0.4529
02/27/2014,$0.4625,38884672,$0.4677,$0.4725,$0.4612
02/26/2014,$0.4677,36088464,$0.4675,$0.4745,$0.4662
02/25/2014,$0.4685,24218344,$0.4700,$0.4720,$0.4635
02/24/2014,$0.4728,40311080,$0.4650,$0.4763,$0.4607
02/21/2014,$0.4660,45105320,$0.4688,$0.4747,$0.4630
02/20/2014,$0.4695,39804860,$0.4545,$0.4704,$0.4537
02/19/2014,$0.4535,45034200,$0.4475,$0.4575,$0.4455
02/18/2014,$0.4475,42898720,$0.4480,$0.4495,$0.4437
02/14/2014,$0.4477,81764720,$0.4300,$0.4487,$0.4298
02/13/2014,$0.4340,90283640,$0.4313,$0.4365,$0.4237
02/12/2014,$0.4207,74388560,$0.4075,$0.4237,$0.4075
02/11/2014,$0.4062,23536752,$0.4003,$0.4073,$0.3982
02/10/2014,$0.3980,32428640,$0.3962,$0.4032,$0.3959
02/07/2014,$0.3967,15736624,$0.3920,$0.3972,$0.3885
02/06/2014,$0.3910,16838164,$0.3865,$0.3920,$0.3860
02/05/2014,$0.3860,21467728,$0.3868,$0.3880,$0.3830
