18.3068 3.31 17.3225 21.98 28.874 23.52 62.19 35.82 57.7743 0.386 72.37 35.245 11.628
18.3039 3.41 17.7295 22.49 29.2973 23.99 62.16 36.18 58.2728 0.391 73.24 36.18 11.892
18.56 3.47 18.054 22.67 29.7388 24.205 64.32 36.56 61.4257 0.3967 74.41 37.0175 12.4353
18.8925 3.63 18.0435 22.83 29.6249 24.29 63.548 36.8 61.4914 0.398 74.69 37.4 13.104
19.1414 3.7 18.0895 22.71 30.0606 24.47 64.851 37.175 61.9986 0.4062 75.62 37.25 13.108
19.14 3.69 17.4625 22.85 29.9725 24.55 64.45 37.47 61.2757 0.4207 76.42 36.955 13.0213
19.4439 3.7 17.86 22.27 30.3061 24.7 67.33 37.61 62.3643 0.434 76.44 37.345 13.3087
19.4282 3.69 17.8675 22.56 30.3794 24.755 67.09 37.62 62.2157 0.4477 76.28 37.515 13.2153
19.4997 3.7 17.6825 22.41 30.5834 24.76 67.3 37.42 62.4071 0.4475 75.6 36.985 13.58
19.1918 3.72 17.369 22.28 30.3677 24.5 68.06 37.51 61.1757 0.4535 75.77 36.66 12.9093
18.9697 3.69 17.49 22.3 30.4124 24.74 69.63 37.75 62.1357 0.4695 75.95 36.775 13.998
18.7589 3.69 17.338 22.13 30.4044 24.42 68.59 37.98 61.7471 0.466 75.61 36.28 13.9733
18.8411 3.71 17.589 22.12 30.6246 24.63 70.78 37.69 63.8571 0.4728 75.43 36.28 14.51
18.645 3.69 17.916 21.84 30.8138 24.62 69.85 37.54 64.7186 0.4685 74.91 35.275 16.5333
18.4768 3.7 17.99 21.93 30.8181 24.8 69.26 37.47 64.1128 0.4677 75.05 35.89 16.8667
18.8454 3.71 18.0065 21.92 30.7938 24.76 68.94 37.86 64.6043 0.4625 75.19 36.095 16.836
18.7943 3.71 18.105 21.8 30.7039 24.76 68.46 38.31 63.6614 0.4595 75.29 35.48 16.3207
18.8486 3.67 17.989 21.57 30.3766 24.5 67.41 37.78 63.6557 0.4572 73.63 35.235 16.704
18.9729 3.7 18.195 21.82 30.6852 24.61 68.8 38.41 64.9971 0.462 76.11 35.83 16.9893
19.0129 3.71 18.6185 21.87 30.7698 24.5 71.57 38.11 64.7857 0.466 76.67 35.65 16.844
18.9554 3.73 18.608 21.82 30.8039 24.63 70.84 38.15 64.3586 0.4595 77.0 36.345 16.8627
18.9443 3.95 18.603 21.73 30.6822 24.64 69.8 37.9 64.0528 0.459 76.79 36.535 16.414
18.9614 3.81 18.5265 21.69 30.6009 24.84 72.03 37.82 62.85 0.4522 77.07 36.78 15.9227
19.1461 3.85 18.441 21.61 30.3084 24.73 70.1 38.02 62.4971 0.4567 76.71 37.515 15.6273
19.1647 3.91 18.532 21.82 30.493 24.76 70.8799 38.27 62.3686 0.458 76.97 37.815 16.0993
18.9518 3.86 18.5755 21.52 30.0323 24.57 68.83 37.89 61.4371 0.4435 75.63 37.215 15.8527
18.7389 3.85 18.687 21.3499 29.6216 24.5 67.72 37.7 60.6414 0.4455 74.74 37.135 15.398
18.8122 3.8 18.752 21.51 30.1091 24.7 68.7399 38.05 60.3886 0.4455 77.02 37.09 15.5987
18.9786 3.89 18.9385 21.63 30.593 24.82 69.19 39.55 60.0357 0.456 77.45 37.3 16.0027
18.9736 3.98 18.6615 21.63 30.2897 25.02 68.24 39.27 60.0128 0.4639 76.805 37.955 15.7227
18.8822 4.05 18.4485 21.83 30.2369 25.425 66.97 40.33 60.61 0.4642 78.1 38.4775 15.6607
19.0311 4.04 18.031 21.64 29.8803 25.17 67.24 40.16 57.9986 0.4635 78.19 38.355 15.2593
19.2568 4.05 17.5925 21.57 29.2461 25.12 64.1 40.5 54.1286 0.4612 77.74 37.885 14.678
19.4639 4.05 17.7355 22.34 29.266 25.46 64.89 40.34 52.9771 0.4612 78.56 37.305 14.696
19.2779 4.05 17.1705 22.32 28.5904 25.3772 60.385 39.79 53.1828 0.4508 78.31 36.77 14.1973
19.195 3.91 16.9235 22.02 28.1436 25.31 60.97 39.36 52.0257 0.4447 79.05 36.7 13.8213
19.1736 3.88 16.9145 22.33 28.2919 25.62 60.01 40.3 51.2671 0.4475 79.28 36.85 14.158
19.1693 4.01 16.8183 22.415 28.1494 25.814 60.24 40.99 50.29 0.4477 78.86 36.69 13.8967
19.3447 4.07 17.1495 23.1 28.6641 25.99 62.62 41.42 52.0986 0.4662 80.1 37.005 14.4647
19.3768 4.06 17.098 22.99 28.6694 25.89 62.72 41.35 51.84 0.4633 80.14 36.835 15.3527
19.2425 4.0 16.681 23.09 28.575 26.41 59.49 41.01 50.67 0.4682 80.55 36.545 15.0267
18.9936 4.01 16.15 22.7117 27.2625 26.16 56.749 39.87 48.1871 0.4537 78.53 35.775 14.1483
18.6954 3.88 15.888 22.85 27.0315 26.485 56.95 39.8 48.2857 0.4553 78.08 35.215 13.8347
18.6943 3.99 16.3535 22.94 27.8755 26.91 58.1901 39.82 49.8414 0.4715 78.89 35.74 14.364
18.94 3.98 16.5903 23.12 28.352 26.98 62.41 40.47 50.4328 0.471 79.93 36.24 14.462
18.6957 3.85 15.8555 22.65 27.3345 26.425 59.16 39.36 47.8186 0.4595 78.07 35.11 13.6127
18.5575 3.65 15.5865 22.46 26.888 26.1799 58.53 39.209 46.6728 0.453 78.01 34.365 13.5853
18.6314 3.71 15.7955 22.85 27.26 26.56 58.89 39.18 47.3686 0.458 79.14 34.655 13.206
18.4986 3.79 15.804 22.89 27.435 26.77 59.09 39.75 46.61 0.4612 79.49 34.445 12.9273
18.5361 3.76 16.184 23.03 28.195 26.93 59.72 40.4 47.3443 0.4622 80.18 35.395 13.274
18.7479 3.69 16.2455 23.21 27.167 27.04 58.94 40.01 49.3914 0.464 81.32 35.075 13.208
18.9704 4.12 16.5435 23.4 26.9685 26.95 61.24 39.94 49.7843 0.4677 80.93 35.24 13.6253
18.9893 4.3 16.466 23.52 27.275 26.84 63.0301 39.99 53.2714 0.4718 80.61 35.5745 14.576
18.7411 4.25 16.229 23.5 26.8755 26.75 61.36 39.69 50.5 0.4773 80.71 35.195 13.866
20.2775 4.28 16.8575 23.33 26.722 26.75 60.87 39.86 49.1528 0.4815 77.87 35.545 13.8573
20.4264 4.05 15.1915 23.0 26.155 26.26 57.71 39.91 46.0114 0.4682 77.61 35.725 13.3233
21.2175 3.96 14.829 23.02 26.149 26.33 56.14 40.87 44.8871 0.4662 78.05 35.465 13.234
21.1547 4.03 15.019 23.16 26.8165 26.48 58.15 40.51 45.6957 0.4673 78.52 35.32 13.7947
21.0747 4.09 15.2065 23.11 26.744 26.69 59.78 40.4 46.0057 0.4617 78.71 35.31 13.8593
21.1243 4.2 15.3945 23.01 26.9265 26.45 61.15 40.0 48.0741 0.4642 78.99 35.56 13.8487
21.1636 4.12 15.4005 22.94 26.6935 26.41 60.46 39.69 48.6643 0.4607 78.99 35.3 14.0607
21.4629 4.09 15.5025 22.955 26.7665 26.17 61.22 39.43 49.1971 0.4657 79.56 35.46 14.4407
21.2289 4.01 14.869 22.72 26.1285 26.2 58.53 39.06 46.5986 0.4562 79.31 34.79 13.8187
21.1547 3.97 14.6355 22.87 25.9 26.37 57.39 39.425 45.7914 0.4569 79.325 34.87 13.4233
20.9997 3.93 14.416 23.018 26.0085 26.34 56.76 39.64 45.9514 0.4625 79.5 34.79 11.906
20.9122 3.87 14.612 23.02 26.331 26.3 57.24 39.54 46.9357 0.4513 79.5 35.145 12.1507
21.1725 3.97 15.143 23.19 26.9215 26.37 59.83 39.97 49.35 0.4645 79.97 35.575 12.3113
21.2057 4.03 15.232 22.86 27.077 26.45 59.83 40.42 49.5914 0.457 80.37 35.58 12.6773
21.2097 3.98 14.881 22.8099 26.7205 26.33 59.23 40.24 50.2686 0.4525 80.41 35.085 12.708
21.0293 3.96 14.7595 24.18 26.456 26.01 57.919 39.6 49.17 0.45 79.78 34.925 12.5727
21.3397 4.02 14.885 24.37 26.415 25.82 58.0199 39.83 49.9828 0.449 79.42 35.47 12.7707
21.5925 4.09 14.8378 24.35 26.9415 26.04 59.21 39.75 52.0714 0.4635 79.81 35.51 13.0727
21.5968 4.05 15.0595 24.12 27.0195 26.04 58.56 39.68 53.0957 0.456 79.86 35.115 13.02
21.6539 4.1 15.2505 24.48 27.485 26.2 60.49 40.35 55.8 0.456 79.67 35.2 13.2967
21.6882 4.01 15.2455 24.38 27.7725 26.15 60.52 40.1 55.9714 0.458 79.56 35.7 13.6587
21.9332 4.02 15.612 24.52 28.19 26.289 61.351 40.12 57.4786 0.4622 79.88 35.99 13.82
22.3439 4.04 15.541 24.71 28.7435 26.71 63.48 40.19 56.9728 0.4705 80.46 36.83 14.104
22.2861 4.0 15.508 24.82 28.5225 26.88 63.51 40.01 57.32 0.4745 80.22 36.635 14.016
22.6922 4.03 15.689 24.68 28.528 26.96 63.83 40.34 59.3143 0.4738 80.19 36.555 14.016
22.6072 4.0 15.6275 24.62 28.5825 27.32 63.3 40.94 59.69 0.475 80.45 36.62 13.8513
22.4518 3.97 15.442 24.78 28.217 27.26 63.08 40.79 60.2943 0.4735 80.48 36.925 13.6467
22.7693 3.94 15.3595 24.675 27.7255 27.66 62.87 40.29 59.6528 0.4715 80.4 37.09 13.6627
23.0293 4.04 15.339 24.5 27.688 27.6 63.34 40.32 60.4586 0.472 79.92 37.335 13.5993
23.1197 4.08 16.1785 24.7 28.2465 27.66 63.186 41.21 61.1928 0.474 79.66 37.36 13.7933
23.0561 4.06 16.4835 24.83 28.3015 28.17 62.5 41.48 61.4471 0.4758 80.38 37.665 13.8781
23.425 4.07 16.375 24.8 28.5365 27.91 62.88 41.27 60.4414 0.4763 79.95 37.59 13.6873
23.5625 4.2 16.6205 25.0 28.415 28.24 65.77 41.11 61.1843 0.4787 79.18 37.3 13.4867
23.465 4.29 16.76 25.04 28.375 27.93 65.781 40.86 61.4286 0.485 79.21 37.4 13.6313
23.0725 4.29 16.2955 24.66 27.975 27.96 64.2901 40.58 60.35 0.488 79.34 36.98 13.568
22.82 4.28 16.3135 24.7 28.0175 29.87 64.5 41.23 61.1014 0.4885 79.11 37.345 13.7613
23.05 4.44 16.381 24.53 27.615 30.01 64.19 41.5 61.4657 0.487 78.65 37.545 14.974
23.02 4.47 16.281 24.5 27.5308 29.95 64.4 41.68 63.3786 0.4902 79.16 37.655 15.4447
23.045 4.4 16.719 24.63 28.033 29.93 65.6 41.65 64.0971 0.4898 79.19 37.78 15.1413
22.965 4.36 16.35 24.71 28.2495 30.09 64.3415 41.51 63.0557 0.4785 79.75 38.615 15.186
22.7275 4.1 16.21 24.83 28.326 30.2 64.5 41.68 62.8828 0.4733 79.86 38.3 15.306
22.7075 4.01 16.362 24.7 28.7145 30.23 65.37 41.99 62.7886 0.4677 79.43 38.365 15.8147
22.57 3.94 16.208 24.53 28.627 30.5 65.72 41.745 62.3371 0.4605 78.78 38.715 15.5
22.59 3.96 16.372 24.72 29.2965 30.88 67.44 42.03 63.4586 0.4652 78.05 39.06 15.7927
22.725 4.03 16.2845 24.65 29.2385 30.78 67.13 41.72 62.8014 0.459 78.77 39.03 15.7067
22.995 4.11 16.2285 24.7 29.2845 30.93 67.6 42.25 63.1543 0.4595 78.99 38.97 15.9373
23.2325 4.19 16.239 24.85 29.2335 30.9 67.29 41.7 62.9428 0.4635 79.2 38.69 16.004
23.38 4.22 16.6195 25.08 29.5745 30.98 68.06 41.87 67.5857 0.4688 79.73 39.04 15.9813
23.37 4.34 16.6425 25.03 29.539 30.98 66.45 41.9 66.6771 0.4671 80.17 39.095 15.295
23.5075 4.24 16.8746 25.19 29.654 31.14 66.29 41.8 67.4786 0.4713 80.99 39.53 15.2833
23.992 4.26 16.6775 25.23 29.538 31.03 65.29 41.99 65.8028 0.4675 80.82 39.345 14.844
23.8375 4.22 16.1905 25.07 28.92 30.79 62.76 41.78 63.5786 0.4637 80.65 39.28 14.6047
23.8475 4.23 16.4985 25.44 29.168 30.89 64.97 41.67 63.2857 0.4778 80.77 39.725 14.8707
23.7587 4.29 16.396 25.44 29.002 31.26 64.8725 41.685 62.65 0.4751 80.43 39.425 14.6307
23.805 4.37 17.31 25.52 29.3325 31.25 66.34 42.09 62.8514 0.4763 79.6 39.3 14.542
24.1125 4.64 17.766 25.44 29.713 31.49 67.9 42.14 64.6543 0.4822 79.52 39.28 15.1133
23.83 4.53 17.722 25.67 29.653 31.71 67.165 42.45 64.1557 0.4843 79.44 39.445 14.6387
23.695 4.66 17.795 25.98 29.531 34.65 67.66 44.08 63.4914 0.4838 79.62 39.365 14.4773
23.2725 4.57 17.6227 25.63 29.041 33.7 66.4099 44.53 62.7657 0.4825 78.11 38.62 14.36
23.6075 3.83 17.933 25.91 30.2555 33.7 68.4199 44.69 63.4528 0.461 79.39 38.97 14.668
23.4847 3.78 17.988 25.85 29.922 34.06 69.4 44.835 64.5643 0.4637 79.67 38.805 14.7027
23.68 3.8 18.042 25.95 30.1785 34.7901 69.27 44.83 61.5843 0.4617 81.53 39.37 14.6387
24.2975 3.76 17.907 25.68 30.2595 34.5 71.29 44.87 61.1286 0.452 81.6 39.57 14.8327
24.2575 3.73 17.9305 25.83 30.1505 34.25 74.98 44.4 60.7686 0.4527 76.172 40.225 14.9027
24.4178 3.76 16.2005 25.97 29.904 34.25 75.19 44.5 60.2657 0.4447 76.1 39.37 14.9047
24.755 3.73 16.0205 25.92 29.951 34.23 74.92 43.97 60.6657 0.443 75.83 39.18 14.988
24.595 3.79 16.0 25.71 29.6975 34.19 73.71 43.885 60.6114 0.4445 75.31 39.325 15.0007
24.5375 3.82 16.1255 25.63 29.772 34.35 74.677 43.5785 62.0514 0.452 76.04 39.45 15.2613
23.9 3.91 15.6495 25.23 28.9775 33.89 72.65 43.16 60.3886 0.4375 73.72 38.84 14.8867
24.0325 3.97 15.353 25.0 28.68 33.745 72.36 42.86 60.7714 0.4423 72.55 38.49 15.5513
23.8975 4.0 15.6825 25.165 29.1135 34.05 73.51 43.37 60.3857 0.4412 73.26 38.765 15.9013
23.78 4.08 15.616 24.97 28.657 32.82 72.69 43.08 60.4071 0.4415 72.75 38.395 15.8993
23.74 4.12 15.6945 24.93 28.7245 32.845 72.47 42.74 61.4714 0.441 72.89 38.565 16.5953
23.62 4.1 15.5725 24.86 28.5905 32.68 73.17 43.23 64.2386 0.4365 72.49 38.355 16.826
23.685 4.12 15.84 25.03 28.897 32.6 73.06 43.2 63.6928 0.475 73.88 38.81 16.542
23.9975 4.14 15.9165 25.23 28.8625 33.02 73.44 43.2 64.5057 0.4725 74.73 38.935 17.288
23.9925 4.08 15.966 25.15 28.606 33.13 72.83 43.52 63.7728 0.4725 74.14 38.91 17.3307
24.31 4.11 16.314 25.2 29.228 34.1 73.77 44.08 64.5043 0.4753 74.5 38.62 17.354
24.375 4.08 16.6605 24.54 29.2325 33.94 74.296 44.27 64.41 0.47 74.76 38.31 17.4253
24.495 4.13 16.6815 24.43 29.1855 34.17 73.63 44.79 65.5843 0.476 74.41 38.455 17.4673
24.79 4.21 16.7265 24.63 29.635 34.41 74.59 45.11 66.5714 0.4825 75.03 38.795 17.3293
25.1325 4.27 16.7565 24.64 29.8555 34.34 75.29 45.33 66.8786 0.4843 75.13 39.06 17.1173
25.1425 4.28 16.789 24.71 29.7705 34.5 74.81 44.95 67.4557 0.4813 76.439 39.015 17.0473
25.145 4.24 16.6455 24.89 29.621 35.15 74.57 45.22 67.4357 0.4768 76.77 38.735 16.956
25.33 4.25 16.5795 24.65 29.627 34.94 74.57 45.15 68.4557 0.477 76.82 38.64 17.1187
25.385 4.18 16.701 24.7 29.5285 34.81 75.02 45.17 68.7043 0.4778 76.59 38.985 17.5033
25.2222 4.19 17.0915 24.81 29.406 34.8 75.9601 45.005 68.48 0.4864 77.01 38.895 17.4493
25.5325 4.16 17.159 24.8 29.15 34.79 74.63 44.87 67.8143 0.4808 76.97 38.96 17.55
25.5625 4.14 17.001 24.85 29.016 34.65 73.855 44.88 67.8871 0.4848 76.34 38.905 17.5907
25.625 4.17 16.952 24.99 29.118 34.92 74.82 45.43 68.2343 0.4862 76.1 38.905 17.98
25.825 4.16 17.119 24.88 29.4315 34.57 76.68 45.09 68.0857 0.4874 75.06 38.74 18.9413
24.735 4.19 16.95 25.04 29.476 34.57 75.83 44.96 68.1986 0.4921 74.89 38.395 18.746
24.53 4.15 17.2975 24.91 29.657 34.905 75.95 45.26 67.5243 0.5008 75.11 38.58 19.0693
24.7425 4.15 17.319 25.0 29.889 35.0 77.26 45.91 67.9543 0.4992 75.81 38.975 18.4927
24.59 4.13 17.117 24.95 30.0815 35.33 77.89 46.47 68.4757 0.4947 75.9 38.835 18.8073
24.4975 4.08 16.4875 24.86 29.5985 34.91 76.67 46.76 68.43 0.4885 75.84 38.56 18.5653
25.25 4.08 16.5665 24.93 29.671 35.02 77.43 46.84 69.1986 0.4902 75.93 38.605 18.74
25.3575 4.08 16.526 25.18 29.5555 35.02 77.92 47.0 68.7943 0.4853 76.11 38.06 18.6873
25.415 3.96 16.5595 25.16 29.245 34.62 77.48 46.695 68.0786 0.478 75.33 37.735 18.6133
25.4075 3.91 16.1945 25.06 29.082 34.54 74.58 46.24 65.3928 0.4715 75.08 37.46 16.924
25.215 3.81 16.388 25.22 29.439 34.93 76.08 46.76 65.2728 0.4784 75.71 37.545 17.3827
25.395 3.82 16.2 25.205 29.6645 34.98 76.43 46.52 64.9328 0.4787 75.83 37.67 17.4253
25.4475 3.88 16.25 25.22 29.8635 35.17 77.0 46.68 65.5728 0.486 76.44 37.865 17.588
25.24 3.81 16.566 25.2 30.27 34.82 77.91 47.52 65.36 0.477 75.53 38.035 17.288
25.265 3.76 16.225 24.97 29.8635 34.71 76.8 47.06 63.2543 0.4723 76.29 37.3 16.6687
25.66 3.69 16.1815 24.7 29.559 34.42 78.29 46.56 63.4143 0.4702 75.83 36.9775 16.694
25.4375 3.7 16.4105 24.98 29.921 34.75 78.535 47.08 64.3657 0.473 76.24 37.66 16.8093
24.4675 3.63 16.0965 24.54 29.2625 34.14 77.22 46.04 63.3557 0.4628 74.81 37.06 16.4633
25.1875 3.6 16.1605 25.0 29.395 34.26 78.79 46.41 64.1071 0.4636 75.06 37.585 16.44
25.0275 3.55 16.091 25.12 29.3905 34.9 79.0 46.44 64.2228 0.4629 74.82 37.635 16.3507
25.1875 3.41 16.122 25.17 29.4205 34.82 79.04 46.36 64.4543 0.4612 74.77 37.73 16.1787
24.795 3.35 15.873 25.03 28.9815 33.99 76.55 45.9 62.6857 0.4567 73.88 37.305 16.016
24.975 3.39 15.9205 25.06 29.044 33.52 77.08 45.76 64.2828 0.4548 73.655 37.225 16.7613
24.905 3.4 16.137 25.31 29.3125 34.03 77.44 46.09 65.6486 0.4557 74.86 37.945 17.014
24.905 3.36 16.11 25.01 29.389 34.11 77.555 46.09 66.2114 0.453 74.725 37.5725 17.3747
24.6875 3.28 15.849 24.635 28.705 33.47 76.29 45.53 65.1786 0.4481 73.51 37.025 17.3047
25.2 3.28 16.135 24.66 29.187 34.27 77.52 46.78 66.6943 0.4565 75.19 37.63 17.2853
25.255 2.95 15.7685 24.19 28.5405 33.62 75.91 45.85 65.9457 0.4477 74.08 37.24 17.134
25.1825 2.72 15.5695 23.34 27.7595 31.91 72.91 44.03 64.5828 0.4211 71.22 37.23 15.794
24.9525 2.74 15.3225 22.93 27.2375 31.47 72.99 43.65 62.6543 0.4196 70.71 36.095 14.9727
24.6875 2.62 15.4155 23.055 27.4345 32.14 73.59 43.73 64.16 0.4294 71.86 36.37 15.1373
24.385 2.61 15.2985 22.96 27.0365 31.275 73.21 43.22 64.0843 0.436 71.2 36.19 15.3133
24.065 2.64 15.143 22.82 26.846 30.85 72.63 42.74 51.6714 0.4362 71.14 36.32 15.09
24.4175 2.72 15.182 23.25 26.1485 31.38 75.95 43.63 51.0128 0.4355 72.43 36.77 15.1653
24.94 2.67 15.3105 22.93 26.619 31.58 76.95 44.08 51.3171 0.4393 73.27 37.35 15.3647
25.6175 2.77 15.7665 23.51 26.9015 32.61 78.69 44.88 52.2843 0.458 74.995 37.18 15.6893
25.7475 2.64 15.6485 23.26 27.1345 32.27 78.37 44.38 53.5214 0.4473 74.3 37.3 15.4067
26.2075 2.69 15.659 23.565 27.6825 32.69 80.04 45.02 54.72 0.4571 75.14 37.42 15.686
26.305 2.68 14.353 23.78 27.445 33.18 80.67 46.13 55.0028 0.462 76.0 37.905 15.6827
26.2775 2.66 14.4985 23.76 27.494 33.2 80.28 45.91 54.2 0.4622 75.84 37.985 14.778
26.685 2.72 14.7795 24.065 27.947 33.74 80.77 46.49 55.1743 0.4733 76.57 38.525 16.1847
26.835 2.77 14.706 24.1 27.9225 33.92 75.86 46.62 54.0143 0.4701 76.89 38.27 15.8733
26.745 2.75 14.9535 24.08 28.0135 32.58 74.11 46.05 54.1443 0.4673 77.37 38.66 15.9107
27.0 2.8 15.273 24.47 28.3935 34.01 74.99 46.95 56.11 0.4885 78.51 37.78 16.1133
27.35 2.87 15.286 24.58 28.1885 34.31 73.88 47.44 55.4871 0.4968 78.24 38.05 16.1727
27.15 2.83 15.1405 24.88 28.2095 34.54 75.76 47.57 54.6828 0.5032 77.11 38.355 15.9287
27.215 2.8 14.826 25.15 27.7975 33.76 74.83 47.86 54.34 0.5032 77.2 38.33 15.398
27.175 2.76 14.832 25.26 27.5845 33.82 75.26 48.7 54.7571 0.5055 70.58 38.725 16.0813
27.2525 2.78 14.993 25.33 27.591 33.58 75.6 48.68 54.88 0.4947 69.26 38.895 16.0133
27.2075 2.76 15.2555 25.15 27.9115 33.26 75.0 48.89 55.3243 0.5005 69.36 38.825 16.1287
27.425 2.73 15.6005 25.15 28.0645 33.31 74.61 48.87 54.65 0.4945 69.64 38.865 16.7387
27.8125 2.71 15.5755 25.11 27.9125 33.38 74.72 48.78 54.8371 0.4911 70.29 38.925 16.6067
28.205 2.66 15.824 25.68 27.822 33.68 74.25 49.61 54.2014 0.4888 70.65 38.945 16.78
28.545 2.61 16.391 26.32 27.7595 33.95 74.88 49.58 55.1486 0.4946 70.85 39.06 17.2453
28.4975 2.67 16.1525 26.465 27.332 34.24 74.24 49.46 54.4486 0.4924 70.4 38.915 16.932
28.8675 2.65 16.2465 26.595 27.2255 34.71 74.34 48.74 54.4328 0.5043 72.01 38.785 17.18
28.6675 2.63 16.327 26.59 27.36 34.35 73.33 48.22 51.8714 0.5003 70.47 38.91 16.516
29.0775 2.69 16.527 26.81 27.188 35.95 73.6 48.7 52.5914 0.5085 70.71 39.1 16.5807
29.1175 2.77 16.6315 26.88 27.2945 35.59 73.75 47.98 51.4686 0.5114 71.47 39.88 16.1853
29.6563 2.83 16.782 27.03 27.374 36.25 74.01 47.59 50.9243 0.5145 71.695 40.26 16.448
29.4 2.83 16.752 27.28 27.4615 36.32 75.63 47.47 49.8557 0.5142 72.27 40.105 16.5393
29.75 2.84 16.6785 27.425 27.3865 36.9 77.62 47.75 50.1657 0.5229 72.26 39.85 16.5627
29.7325 2.79 16.932 27.64 27.454 37.25 77.7 47.81 49.5128 0.5242 72.9 40.605 16.3013
28.7675 2.67 16.3 27.59 26.9825 37.17 75.1 48.62 48.83 0.5145 71.79 40.425 15.4427
28.6575 2.68 16.3155 27.82 26.9295 37.6 75.46 48.46 50.33 0.5152 73.32 40.185 15.4287
28.9825 2.74 15.825 27.95 26.8485 37.43 74.88 48.08 50.7314 0.5285 74.37 40.235 15.2867
28.8725 2.69 15.8465 27.77 27.129 37.46 75.24 48.84 50.0857 0.5237 73.34 40.655 15.2187
28.75 2.66 15.6315 27.5 26.404 37.67 76.36 48.42 50.1314 0.5268 73.37 41.785 14.914
28.1 2.58 15.332 27.23 26.5365 37.2 76.52 47.695 48.4971 0.52 72.61 41.9 14.2907
28.53 2.59 15.625 27.42 26.8055 36.89 76.84 47.59 49.1114 0.5182 73.005 41.515 14.4593
27.9875 2.48 15.292 26.87 26.402 36.42 76.18 46.9 47.76 0.5068 71.5 41.33 13.9893
27.905 2.49 15.368 26.99 26.6055 36.7 77.73 47.17 47.8043 0.5065 71.99 41.56 13.9253
27.4325 2.52 15.366 26.855 26.0755 36.225 77.83 46.95 47.7828 0.4907 70.585 41.625 13.8
27.0562 2.47 15.3035 26.68 25.792 35.92 76.99 46.67 46.72 0.4893 70.37 40.445 13.6027
26.6863 2.5 14.753 26.585 24.908 35.56 74.69 45.16 45.2057 0.4836 70.31 39.565 13.1873
27.3525 2.55 14.944 26.81 25.3225 36.24 76.11 45.74 47.6643 0.5035 72.21 40.2175 13.7213
28.1625 2.55 14.8865 27.65 25.731 37.02 78.4 47.52 47.7743 0.5055 73.36 40.015 14.5507
27.945 2.57 14.995 27.77 26.002 36.37 79.88 47.66 48.5886 0.5105 73.43 39.72 14.6193
28.235 2.66 15.327 28.22 26.615 37.21 81.45 47.98 48.0971 0.5195 74.56 40.27 14.84
28.135 2.67 15.3143 28.25 26.9385 37.43 80.61 48.45 48.0614 0.5162 74.6 40.715 14.7313
28.0025 2.65 15.1515 28.3 26.8465 37.44 80.77 48.14 48.8714 0.5142 74.66 40.635 14.8173
28.4975 2.65 15.4545 28.35 27.076 37.55 80.775 47.88 48.5786 0.5148 75.62 40.915 15.188
28.4775 2.66 15.602 28.46 26.8655 37.18 80.02 47.45 48.8471 0.514 74.985 41.19 15.0473
28.13 2.63 15.515 28.36 26.764 36.76 79.22 47.02 49.0328 0.5092 75.02 40.895 14.8153
27.595 2.67 15.5175 27.815 26.533 36.29 78.02 46.45 48.8014 0.5012 74.33 41.025 14.8273
27.3325 2.69 15.426 27.61 26.4775 36.36 78.45 46.76 49.8486 0.5032 74.28 40.72 14.6207
26.5625 2.66 15.1095 27.06 25.973 35.95 77.19 46.325 47.3114 0.4947 73.93 39.94 14.006
26.565 2.63 14.7645 27.05 25.332 35.28 76.15 45.65 46.5014 0.4798 72.88 39.615 14.0853
26.9375 2.58 14.921 27.3 25.2575 36.02 76.15 46.23 46.7428 0.4784 73.73 40.59 14.0633
27.9725 2.61 15.023 27.51 25.3455 36.69 78.175 47.59 47.7793 0.4965 74.505 41.245 14.041
28.0025 2.63 14.8465 27.79 25.036 36.76 77.74 47.19 47.0414 0.4985 74.42 39.895 13.7773
27.3125 2.63 14.5705 28.05 24.853 36.6 76.72 46.6 45.5471 0.4923 73.57 40.115 13.4807
27.555 2.66 14.737 28.095 25.09 36.5 76.45 46.355 46.2557 0.4914 72.97 40.435 13.6167
27.45 2.63 14.6635 27.92 25.2965 36.35 76.28 45.955 46.32 0.4935 72.22 40.21 12.846
26.705 2.52 14.3475 27.41 25.2005 36.19 74.05 45.48 46.2514 0.49 71.38 39.79 12.7913
26.4975 2.39 14.537 27.68 25.5228 36.45 75.18 46.24 48.1914 0.499 71.29 40.305 12.8713
27.18 2.24 14.472 28.07 25.497 36.09 76.24 46.39 49.8286 0.5005 72.48 40.6125 12.7953
27.3875 2.45 14.8625 27.84 26.0195 36.48 76.74 45.92 58.4686 0.5075 71.59 40.645 13.1047
28.1 2.47 15.516 28.5 26.865 36.91 77.65 47.13 61.2057 0.5162 71.905 41.37 13.4413
28.245 2.45 15.6195 28.21 27.0975 36.445 77.83 47.18 62.4936 0.5178 72.175 44.11 13.4193
28.275 2.61 15.483 27.97 26.836 35.805 77.495 47.01 63.7943 0.5154 72.61 44.06 13.77
27.285 2.7 15.3375 26.9 26.0595 34.185 75.78 42.66 64.8814 0.4907 71.77 44.17 13.732
28.8275 2.63 15.1955 26.805 25.6215 33.775 76.24 41.19 63.2086 0.4827 70.99 43.7825 13.2913
29.725 2.61 15.589 27.22 25.6615 34.21 78.0 42.01 63.4 0.4945 63.69 44.525 13.68
29.29 2.57 17.7265 26.365 26.8775 33.04 75.91 40.4 63.1143 0.4801 62.46 43.765 13.5733
29.6575 2.67 18.2235 26.83 26.61 33.65 74.99 41.28 63.0093 0.4905 65.53 43.995 14.0627
29.6625 2.76 18.1775 27.12 26.665 33.7 75.4 41.6 65.2743 0.5028 66.96 44.245 14.5573
29.89 2.85 18.2375 26.69 26.305 33.6 75.63 41.84 64.1014 0.504 66.96 44.35 14.57
29.985 3.31 18.6945 27.26 26.4915 33.94 75.615 42.45 64.13 0.5121 67.95 44.82 14.7327
29.7325 3.03 18.714 27.24 26.6938 33.295 74.47 42.41 63.48 0.51 66.35 44.5 14.4907
29.93 3.04 18.528 27.12 26.464 32.93 74.44 42.36 63.295 0.5095 67.11 44.41 14.4987
30.505 3.04 18.6498 27.49 27.008 33.7 75.19 42.6 64.85 0.5238 70.26 45.59 14.4193
31.22 3.07 18.757 26.93 26.9 33.55 76.51 42.38 64.9843 0.5202 70.21 45.395 14.1867
31.615 3.12 18.8585 29.46 27.3005 34.125 76.23 43.09 65.2471 0.5575 70.39 45.9125 13.5253
31.77 3.15 19.0915 29.43 27.558 34.36 75.74 43.87 66.5857 0.5577 70.88 45.79 13.5847
31.9575 3.11 18.7715 29.31 27.2505 34.735 75.6 43.58 67.1371 0.5594 70.8 46.015 13.6233
32.1788 3.08 18.6685 29.49 27.1325 34.265 76.71 43.53 67.8657 0.553 70.54 46.5 13.6307
32.1125 3.055 18.9498 29.31 27.3225 34.21 79.42 43.5 67.8 0.5544 70.98 46.585 14.1137
32.3738 3.06 19.183 29.61 27.09 34.41 79.895 43.855 68.3143 0.5584 71.52 46.755 14.474
33.25 3.06 19.007 29.63 26.75 33.76 78.84 44.15 67.4057 0.554 70.94 46.79 13.8223
33.0425 3.11 18.9295 29.63 26.9325 34.41 78.45 44.09 67.84 0.5577 71.37 46.725 13.6073
32.1975 3.1 19.2685 29.49 27.3665 33.945 79.56 43.99 68.3328 0.5535 71.68 47.13 13.584
32.6037 3.08 19.24 29.91 27.9645 33.65 80.41 44.055 69.0043 0.555 72.01 47.275 13.8127
32.115 3.11 19.008 29.51 28.1315 33.25 78.97 43.85 67.8443 0.5515 72.51 46.7425 13.556
32.2725 3.21 19.2828 30.19 28.751 34.06 79.75 43.88 68.6071 0.5649 72.655 47.1125 13.155
32.34 3.14 19.2305 29.54 28.9398 34.095 79.6 43.28 67.8157 0.5545 71.405 47.0 13.304
32.135 3.05 19.136 29.33 28.9165 34.12 80.895 43.055 67.11 0.5607 70.845 46.53 13.4957
31.6025 2.98 19.3915 29.3 29.0717 33.73 81.21 43.11 66.8071 0.5715 70.93 46.815 13.3753
31.65 2.92 19.0045 28.925 28.645 33.19 80.005 42.36 64.8743 0.5638 71.505 46.1075 12.9253
31.785 2.93 18.928 29.36 28.705 32.72 79.44 42.85 63.6614 0.5653 72.705 46.52 12.7253
31.1275 2.92 18.4755 28.66 27.9925 31.7 77.55 42.03 62.1514 0.5749 71.885 46.09 12.688
30.56 2.84 18.3185 28.26 27.7845 32.33 77.57 41.98 62.8843 0.572 70.27 45.71 12.916
31.1125 2.76 18.712 28.24 28.0585 30.8 78.93 41.02 64.0457 0.5668 69.37 46.69 12.738
30.8975 2.75 18.529 27.94 27.65 30.93 78.05 41.38 62.6286 0.5675 68.64 46.645 12.5787
31.2375 2.76 18.6675 28.3 28.082 30.83 78.07 41.56 60.2814 0.5743 70.0 47.0225 13.0467
31.76 2.77 18.596 28.15 27.8805 30.59 79.365 41.695 59.7886 0.5813 69.815 47.1925 12.982
32.1175 2.75 18.7568 28.15 28.308 30.89 80.91 42.5 60.4457 0.5718 70.23 47.92 13.3807
31.8738 2.74 18.662 28.26 28.1835 30.74 82.75 42.285 60.7443 0.5804 69.83 48.88 13.0433
31.475 2.8 18.9245 28.44 28.2475 31.31 83.8 42.88 61.185 0.5867 70.04 48.73 13.2053
31.8025 2.84 18.7555 28.405 28.2685 31.2 84.43 42.855 60.7143 0.5678 70.065 48.685 13.3087
31.6725 2.79 18.7045 28.0 28.877 30.79 85.31 42.9 62.6114 0.56 68.975 48.9575 13.448
30.845 2.63 18.548 27.46 28.35 29.89 82.92 41.46 60.25 0.526 67.21 47.885 12.9533
31.06 2.65 18.3675 27.09 28.182 30.08 83.01 41.21 59.7514 0.5241 67.155 47.54 12.6937
30.8125 2.72 18.528 27.13 27.8775 32.0 83.3 40.97 59.2528 0.5345 67.025 47.535 12.3333
31.5925 2.7 18.7295 27.65 28.0568 31.46 83.195 40.96 60.3671 0.5367 68.88 47.99 12.7047
31.1075 2.68 18.605 27.525 27.735 31.27 82.215 40.655 59.5271 0.5231 69.34 47.35 12.5847
31.0625 2.69 18.5128 27.25 27.4745 30.81 81.665 40.72 59.0171 0.5253 69.43 46.51 12.506
31.33 2.69 18.6125 27.13 27.0655 30.81 81.555 40.29 59.1543 0.5265 67.97 47.195 12.7333
31.8375 2.7 18.852 27.22 27.1975 31.04 82.44 41.545 60.33 0.5416 67.76 47.26 13.54
31.5025 2.7 18.7205 27.39 27.243 31.26 82.32 41.53 60.4943 0.5465 67.315 47.035 13.55
31.4 2.71 19.06 27.55 27.442 31.31 82.275 41.42 63.05 0.5505 67.26 47.615 13.8447
31.64 2.72 19.177 27.625 27.401 31.24 82.17 41.48 62.7857 0.5631 68.81 47.96 14.006
31.775 2.76 19.1325 28.04 27.427 31.93 82.04 41.72 64.9386 0.569 69.16 48.17 14.06
31.7125 2.78 19.118 27.98 27.432 31.73 83.01 41.76 67.8114 0.5638 68.73 48.5 13.9853
31.575 2.67 19.2555 27.81 26.989 31.49 83.515 41.65 68.3871 0.559 68.97 48.3 13.8307
31.695 2.7 19.1725 28.25 27.052 32.83 82.705 42.255 67.9228 0.5657 68.46 48.14 13.8553
31.5425 2.87 19.302 28.6 27.176 32.87 82.31 42.16 80.2928 0.5623 67.91 48.245 13.78
31.1875 2.575 18.778 27.915 26.637 32.47 80.775 41.615 81.65 0.555 67.115 47.62 13.786
31.9 2.49 19.4755 28.48 27.2265 32.73 83.09 42.905 81.0557 0.5523 68.64 47.97 13.6847
31.7275 2.35 19.559 28.69 27.1462 32.43 83.62 42.635 80.0628 0.5514 68.57 48.37 13.9607
32.155 2.28 19.49 28.62 27.459 32.7 84.63 42.985 79.6685 0.5577 68.94 48.335 14.6293
32.4175 2.33 19.4995 28.675 27.873 32.35 82.41 43.34 79.8657 0.5555 68.34 49.43 14.5733
32.57 2.3 22.255 28.82 28.683 32.08 81.53 47.87 79.7707 0.5508 68.24 51.84 14.5617
33.1625 2.34 21.928 28.89 28.306 32.5 81.91 48.03 80.8685 0.555 69.23 50.87 15.4367
32.64 2.31 21.4655 29.32 28.2185 33.02 80.68 49.155 80.4371 0.5576 69.65 50.61 15.3653
32.16 2.28 21.4685 29.05 28.0695 32.885 80.465 49.06 80.4071 0.5535 68.67 50.65 15.4967
31.2875 2.26 21.089 28.83 27.4385 32.55 78.77 48.64 79.5 0.5549 68.0 49.58 15.07
32.2375 2.31 21.1435 29.13 27.558 33.42 78.99 48.655 79.5757 0.5687 68.42 50.29 15.0687
32.175 2.31 21.152 29.17 27.642 33.43 78.81 48.24 79.2714 0.5653 69.055 50.445 15.3673
31.45 2.28 21.0595 28.89 27.1522 32.64 77.56 47.6 80.7928 0.5508 68.37 49.405 15.53
31.2525 2.29 20.955 28.97 26.754 32.22 78.1 46.28 80.0771 0.5525 67.81 48.93 15.362
31.315 2.32 21.344 28.805 27.102 32.245 78.425 46.7 80.7485 0.5623 68.43 49.35 15.7867
31.905 2.31 21.6845 29.23 27.4475 32.8 78.51 47.75 82.0857 0.5206 69.41 49.78 15.774
31.58 2.32 21.6425 29.21 27.289 32.69 78.01 47.37 84.2778 0.5158 69.05 49.5 15.966
31.4662 2.35 21.551 29.23 26.9365 32.25 77.46 47.35 83.3771 0.5207 68.785 49.71 16.316
31.5025 2.37 21.3435 29.35 26.9745 32.64 78.44 47.625 82.8728 0.5238 69.73 49.59 16.212
32.2375 2.33 21.614 29.05 27.46 32.97 81.37 48.72 83.8357 0.5323 70.52 50.555 16.2733
32.1925 2.32 21.3 29.55 27.3245 32.99 80.42 48.295 87.6071 0.5325 71.06 50.8 16.5893
32.5475 2.35 21.262 29.76 27.3335 33.41 80.88 48.01 88.2671 0.5318 70.42 51.18 16.5833
32.5175 2.28 21.0855 29.735 27.464 33.15 80.63 47.58 88.0685 0.526 69.62 51.42 16.476
32.515 2.32 21.193 29.62 27.6255 33.37 80.55 47.58 88.79 0.526 69.28 51.03 16.29
32.8475 2.28 21.5815 29.43 27.8405 33.55 80.48 47.42 89.0028 0.5222 70.09 51.33 16.3747
33.135 2.28 21.3815 29.26 27.726 33.45 80.54 46.9 88.8385 0.5215 69.51 51.48 16.5153
32.405 2.22 21.2735 28.95 27.3595 33.105 79.335 46.59 87.9928 0.5182 69.36 50.84 16.497
33.0112 2.28 21.571 29.31 27.7125 33.71 80.55 47.61 89.8571 0.546 71.02 51.59 16.4953
32.945 2.27 21.3285 29.35 27.709 34.01 80.145 47.45 89.5071 0.5535 70.6 51.81 16.7633
32.57 2.28 21.4615 29.31 27.266 34.46 79.19 46.86 89.1514 0.5533 69.68 51.96 16.72
32.6337 2.25 21.546 29.18 27.4605 33.905 80.29 47.23 89.0028 0.5595 69.415 52.22 16.63
32.49 2.3 21.5495 29.08 27.6975 33.27 80.445 46.92 89.13 0.5484 69.35 51.73 16.5567
32.53 2.28 21.8295 29.09 27.7645 32.73 82.44 46.85 88.8085 0.5425 69.86 52.12 16.5993
32.34 2.33 21.539 28.61 27.5845 32.31 82.05 46.36 89.3485 0.5523 68.9 51.72 16.3947
32.1625 2.33 21.3475 28.58 27.4765 31.84 82.14 46.14 90.46 0.5565 68.255 52.19 16.6093
31.95 2.31 21.175 28.275 27.174 31.3 80.67 45.73 89.6043 0.5438 67.275 51.53 17.086
31.855 2.29 21.274 28.24 27.108 31.25 80.67 45.65 92.45 0.5465 66.84 51.54 17.0667
32.22 2.32 21.5385 28.66 27.63 31.82 82.16 46.61 95.8714 0.5367 67.31 52.69 16.7133
32.1475 2.32 21.6485 28.86 27.502 31.85 81.83 46.44 95.0943 0.5425 67.6 52.49 16.7607
31.7925 2.31 21.496 28.54 27.3735 31.32 81.53 45.97 94.4185 0.5278 67.025 52.63 16.7127
31.73 2.32 21.1835 28.48 27.15 31.39 80.71 45.475 93.4314 0.5268 66.625 52.27 16.692
31.9 2.35 21.363 28.71 27.2435 31.635 81.06 45.83 95.2728 0.5333 66.46 52.965 16.8747
31.825 2.47 21.3905 28.93 27.33 31.95 81.79 45.97 94.2714 0.5395 66.55 53.24 17.3607
31.97 2.52 21.9695 29.21 27.809 32.38 82.905 46.72 94.7428 0.5485 67.36 54.11 17.4593
31.65 2.58 21.746 29.03 27.876 32.07 82.51 46.1 93.8714 0.5468 66.88 53.93 17.5007
31.9025 2.62 21.8145 28.94 27.984 32.26 84.74 46.23 96.4143 0.5444 67.365 53.9 17.3193
31.7575 2.61 22.2995 28.785 28.1695 32.085 87.88 45.91 97.3128 0.5305 66.98 54.115 17.8447
32.0275 2.62 22.042 28.51 27.9285 31.91 88.86 45.635 96.9443 0.5253 65.35 53.71 17.678
31.875 2.58 22.005 28.4 27.8975 31.99 87.98 45.65 94.8914 0.5293 65.26 54.07 17.9193
31.6875 2.47 21.905 28.28 27.653 31.02 88.01 45.26 93.0885 0.5185 64.67 54.62 17.806
31.1325 2.34 21.493 27.54 27.0625 30.39 85.8 44.37 92.2314 0.503 62.62 53.55 17.468
31.3562 2.4 21.7045 27.46 27.002 30.415 85.765 44.15 93.8485 0.5028 62.63 53.615 17.884
31.65 2.42 21.8695 27.35 27.165 30.18 86.91 44.445 93.6357 0.51 62.9 53.89 17.9433
31.61 2.53 21.8855 27.33 27.367 30.555 87.285 44.4 94.0443 0.5105 63.11 54.24 18.668
31.5 2.47 21.802 27.22 27.281 30.04 87.55 44.39 94.5714 0.5043 63.11 54.305 18.648
31.4225 2.09 21.836 27.36 27.5015 29.9 87.22 44.3 94.0914 0.4948 62.8 54.375 17.8587
30.6425 2.01 21.485 26.99 27.085 29.5 85.65 44.24 93.5071 0.4912 61.91 53.39 16.9973
30.0175 1.98 21.7195 26.91 27.2325 28.93 85.88 44.52 95.7271 0.4853 61.86 54.05 17.1947
30.82 1.96 22.1755 27.28 27.8055 29.17 87.95 44.61 97.2285 0.4938 62.73 54.57 17.2767
31.415 1.96 22.7785 27.79 28.5865 29.73 90.1 45.54 101.0871 0.497 63.43 55.7 17.4773
31.4025 2.05 23.2785 28.03 29.209 29.65 89.68 45.62 100.3714 0.4973 63.94 55.75 17.71
31.705 1.96 23.0595 28.11 29.198 29.69 89.76 45.76 98.13 0.4938 63.88 55.34 17.5427
32.1275 1.87 23.774 28.32 30.089 29.9 90.85 46.66 115.81 0.5048 64.55 55.74 17.7787
32.405 1.79 24.1505 28.18 34.981 29.47 94.97 46.62 114.77 0.5018 64.34 55.69 18.3107
33.0175 1.8 24.405 28.03 34.642 29.1 97.91 46.92 110.55 0.4925 63.79 56.21 18.8173
32.6875 1.8 24.4 27.84 34.7675 28.72 98.39 47.28 112.51 0.4948 65.14 56.2 17.7847
31.305 1.79 24.4135 27.53 34.755 28.605 97.04 45.54 111.5 0.4851 64.19 56.69 17.858
31.29 1.76 24.109 28.01 33.7365 28.595 95.44 46.11 110.1 0.4912 61.78 56.56 17.8133
31.125 1.67 26.471 28.4 32.7385 28.06 96.95 45.94 109.34 0.4855 61.64 57.29 17.694
30.6925 1.62 26.5705 28.21 32.9135 28.35 94.17 45.35 106.43 0.4828 61.98 56.98 16.8673
30.845 1.77 26.3015 28.21 32.983 28.96 95.29 45.34 106.9 0.4933 63.1 57.14 17.6547
30.7475 1.96 26.45 28.4 33.0715 29.01 96.99 46.29 107.08 0.4992 63.17 57.51 17.588
30.5925 1.93 26.838 28.3 33.228 28.91 95.21 46.88 111.56 0.5005 64.41 58.06 17.786
30.325 1.93 26.8075 28.42 32.875 28.95 94.01 46.7 114.31 0.4988 64.39 57.93 17.7433
29.61 2.2 26.7515 28.36 33.236 29.05 94.14 46.81 112.56 0.5072 64.43 58.19 17.3327
28.66 2.13 26.595 28.03 33.064 29.13 94.06 47.54 121.15 0.5093 63.45 58.7 17.752
28.85 2.16 26.8505 28.27 33.6645 29.12 96.44 47.58 123.71 0.5145 63.88 59.01 18.0087
28.7825 2.11 26.473 28.21 33.5075 29.01 95.12 46.62 126.45 0.5112 62.84 57.23 16.4087
28.88 2.09 26.131 28.15 33.2195 28.88 94.3 46.74 123.52 0.5745 63.02 57.2 16.1673
29.93 1.93 26.2 28.59 33.157 29.64 94.15 47.33 123.03 0.5945 63.15 56.27 16.076
28.3725 1.9 26.373 28.02 34.515 28.97 93.62 46.41 122.74 0.5915 62.55 56.35 15.8247
28.81 1.9 26.2955 27.9 34.5735 29.46 94.19 46.74 120.51 0.593 62.58 56.38 15.878
28.7875 1.79 26.483 28.7 34.3255 28.87 93.43 46.73 123.73 0.588 62.03 56.85 16.1673
28.99 1.84 26.576 29.03 34.4685 29.02 94.42 47.0 123.39 0.5885 61.91 57.1 16.21
29.29 1.8 26.761 28.825 34.7055 29.08 93.93 47.32 125.36 0.5847 62.07 57.74 16.9993
29.125 1.8 26.751 28.25 34.4365 28.91 95.17 47.27 124.05 0.577 61.32 57.83 17.3813
28.7525 1.8 26.646 27.8 34.702 28.36 95.31 46.61 122.06 0.5747 61.18 57.59 17.0167
28.1625 1.7 25.789 27.04 33.974 27.53 90.56 45.66 112.49 0.554 60.15 55.81 16.1453
26.44 1.78 24.7235 26.47 32.2015 26.56 86.06 43.07 103.96 0.5367 57.61 52.84 15.3847
25.78 1.75 23.1685 25.19 30.9055 26.25 82.09 41.68 96.88 0.5178 55.28 50.34 14.5913
25.935 1.66 23.3185 24.62 30.6235 25.87 83.0 40.47 101.52 0.507 53.88 51.09 14.6687
27.4225 1.72 25.0385 25.68 32.987 27.3 87.19 42.71 110.13 0.5453 56.66 53.96 14.9893
28.23 1.78 25.9185 26.17 33.398 27.72 89.73 43.9 117.66 0.5657 57.36 55.95 16.1993
28.3225 1.85 25.9005 26.0 32.9845 28.42 91.01 43.93 117.63 0.5683 57.45 55.63 16.5653
28.19 1.81 25.6445 25.88 32.391 28.54 89.43 43.52 115.03 0.562 56.58 54.71 16.604
26.93 1.71 24.827 25.12 31.478 27.82 87.23 41.82 105.79 0.539 55.02 53.5 15.9087
28.085 1.77 25.5275 25.65 32.2455 28.6 89.89 43.36 105.44 0.5553 55.86 55.26 16.5127
27.5925 1.79 25.236 25.9 31.8525 29.08 88.15 43.5 101.06 0.5567 55.55 54.69 16.3713
27.3175 1.82 24.95 25.52 31.448 28.52 88.26 42.61 98.79 0.5438 54.29 54.28 16.1287
28.0775 1.88 25.877 26.3 32.194 29.5 89.53 43.89 94.95 0.567 55.2 55.21 16.5447
27.5375 1.85 25.8445 25.94 32.1705 29.24 90.44 43.07 99.18 0.5558 54.32 54.69 16.594
28.1425 1.84 26.112 26.26 32.554 29.27 91.98 43.29 99.48 0.5645 55.33 55.37 16.5653
28.5525 2.01 26.472 26.02 32.765 29.47 92.05 43.48 97.51 0.5663 54.66 56.53 16.6827
28.8275 1.82 26.069 25.7 32.6235 29.39 92.31 43.04 95.69 0.5673 54.31 56.29 16.8793
29.07 1.86 26.1185 25.98 33.2535 29.73 92.9 43.98 99.16 0.5735 54.87 56.91 16.9047
29.1025 1.89 26.3695 26.07 33.276 29.77 93.45 44.3 104.08 0.5775 55.2 57.26 17.4833
28.48 1.89 26.9435 25.88 33.5835 29.71 94.34 44.25 104.21 0.5827 54.98 57.28 17.4713
28.3625 1.87 27.013 25.54 33.046 29.02 94.4 43.48 102.62 0.5823 54.45 56.84 17.3747
28.8025 1.81 27.4195 25.54 33.349 29.16 95.55 44.11 100.3 0.5883 54.39 57.54 17.6133
28.35 1.73 26.92 25.14 32.66 28.67 92.96 43.9 98.47 0.5723 53.94 57.12 17.396
28.58 1.7 26.8035 25.28 32.6645 28.74 93.97 43.87 98.07 0.575 53.56 57.79 17.404
28.75 1.72 26.6875 25.41 32.7455 28.48 94.41 43.91 103.76 0.586 53.27 58.37 17.5413
28.6775 1.71 26.2125 26.025 32.0075 28.81 92.77 43.94 102.24 0.5903 53.22 57.99 17.1273
28.11 1.66 25.203 25.66 31.2125 28.76 89.21 43.29 99.47 0.5825 52.54 55.77 16.562
27.265 1.67 24.8035 25.64 31.1305 29.24 86.67 43.44 98.35 0.5928 52.43 55.72 16.4433
27.575 1.72 25.5945 26.25 31.9185 30.14 89.9 44.26 103.26 0.6162 53.73 56.84 16.56
27.395 1.74 26.036 25.73 32.1 30.0 90.95 44.61 105.98 0.6043 53.18 57.48 15.992
27.595 1.83 26.627 25.76 32.8495 30.51 92.07 45.57 106.11 0.62 55.07 58.08 16.5047
27.695 1.8 27.184 26.85 33.584 31.21 94.01 46.63 111.25 0.6355 56.23 59.04 16.41
27.8275 1.83 26.874 27.23 33.582 31.74 92.8 46.75 108.33 0.6438 56.32 58.69 16.0973
27.695 1.86 27.097 27.54 33.5 32.315 92.4 46.8 108.1 0.6505 56.61 58.78 15.464
27.375 1.93 26.658 27.91 33.35 32.52 92.47 47.45 114.93 0.6543 57.66 59.46 15.1147
28.03 1.96 26.99 27.91 33.562 32.14 93.24 47.11 113.33 0.6518 57.78 60.07 14.7127
27.9 1.87 27.5095 27.96 33.8215 32.21 94.26 47.0 113.45 0.6588 57.79 60.54 14.372
27.9475 1.92 27.445 27.85 34.1585 32.04 94.12 46.89 109.73 0.66 57.51 60.16 14.6167
27.5525 1.95 27.2415 27.82 34.0205 32.8 94.07 46.68 110.23 0.684 58.63 58.82 14.4587
27.965 1.97 28.122 28.15 34.651 32.75 95.96 47.01 101.09 0.6858 59.26 59.69 14.754
27.76 1.94 28.538 28.25 34.766 33.04 97.54 47.51 98.99 0.6965 59.91 59.93 15.134
27.9325 2.01 28.6575 28.25 34.9975 33.59 98.47 47.62 101.69 0.6953 59.1 60.97 15.2067
28.4425 2.02 28.044 28.5 34.0 33.44 97.0 47.77 98.99 0.6943 59.0 60.88 14.202
28.44 2.1 27.7885 28.28 33.59 33.37 97.11 47.2 97.96 0.6853 58.97 60.53 14.006
28.875 2.14 28.1955 29.01 34.057 34.4 99.67 48.03 97.32 0.71 60.43 61.49 14.1147
29.77 2.21 29.9515 29.35 35.9665 34.9 102.19 52.87 100.04 0.7148 60.725 62.61 13.9393
28.82 2.15 30.4305 28.95 36.556 34.59 103.77 54.25 103.04 0.7115 59.21 63.43 14.3507
28.6375 2.15 30.5505 29.05 36.641 34.47 103.7 53.69 103.07 0.711 59.28 62.71 14.0233
29.8175 2.18 30.855 29.36 36.846 34.71 104.2 53.98 105.8 0.7168 60.265 63.51 14.1973
30.1325 2.13 31.3275 29.14 37.2425 34.03 104.88 53.36 105.12 0.692 60.0 62.5 14.1087
29.875 2.12 31.295 28.85 36.8695 33.86 101.97 52.64 108.38 0.7093 59.42 62.57 13.7953
30.295 2.19 31.4175 28.77 37.387 34.11 103.31 53.24 107.64 0.7175 60.64 62.24 14.2527
30.6425 2.28 31.2655 28.61 37.441 34.31 102.58 54.15 109.74 0.7125 60.87 62.8 13.89
30.5 2.2 32.0475 28.47 37.7655 34.15 103.94 54.4 114.05 0.7008 60.26 61.96 15.442
30.23 2.2 32.7825 28.43 38.0335 34.0 108.76 54.38 113.5 0.6928 51.07 62.28 15.4513
30.265 2.15 32.9685 28.45 38.08 33.84 107.095 54.92 114.06 0.7888 53.42 61.97 15.4907
30.1425 2.11 32.7745 28.18 37.7385 33.35 106.49 54.16 109.86 0.7853 52.94 61.34 15.022
29.1925 2.02 32.984 27.98 37.913 33.21 107.91 53.51 112.7 0.7702 52.27 62.18 14.4333
29.0275 2.07 33.6625 27.82 38.2625 32.86 109.01 53.65 112.86 0.7628 52.85 61.87 14.6053
28.93 2.0 33.28 27.83 37.8265 32.4 108.02 53.32 108.92 0.76 52.58 61.07 14.196
28.085 1.99 32.1175 26.21 37.0035 32.11 103.95 52.84 103.65 0.745 51.94 59.74 13.8127
28.5437 1.99 32.3905 26.79 37.521 32.1 104.04 53.765 111.35 0.76 52.77 60.68 14.2873
28.4225 1.98 32.165 26.81 37.299 32.64 105.13 52.97 117.1 0.76 52.98 60.55 14.2667
29.3225 2.12 33.177 27.12 38.0005 33.16 107.77 53.85 120.63 0.7758 48.0 61.8 14.738
29.695 2.14 33.0635 27.37 37.997 34.3 106.26 53.94 120.22 0.778 48.39 61.46 14.7867
29.825 2.22 33.4225 27.57 38.85 34.66 107.32 54.19 123.84 0.7848 49.62 61.99 14.6673
29.4375 2.22 33.9495 27.43 38.835 34.48 106.95 54.19 125.03 0.773 48.965 62.64 14.5167
29.72 2.34 33.5575 27.27 38.4815 34.36 105.74 54.25 123.31 0.7793 49.41 61.96 14.55
29.5075 2.38 33.767 27.24 38.463 34.45 105.41 53.69 124.16 0.7783 49.1 62.19 15.3093
29.4525 2.33 33.663 27.32 38.5985 34.46 105.45 53.93 125.44 0.7848 48.54 62.18 15.4407
29.575 2.36 33.24 27.25 38.1425 34.77 104.24 54.35 123.33 0.793 48.79 61.39 15.3507
29.335 2.34 33.953 27.57 39.1895 35.09 107.12 55.22 125.37 0.8188 49.3 61.37 15.8127
29.07 2.27 33.8005 27.44 38.8925 34.83 106.07 55.21 128.93 0.8125 51.85 61.22 15.466
28.8 2.23 33.3125 26.95 38.41 34.04 104.38 54.2 126.81 0.8108 51.4 59.55 15.514
29.7575 2.28 33.632 27.48 38.9605 34.935 106.18 55.91 130.93 0.8438 52.34 61.75 15.3587
29.57 2.355 33.4915 27.49 38.6495 34.985 105.61 55.81 125.36 0.8277 52.43 61.89 15.4087
29.5575 2.39 33.8665 27.15 38.757 34.75 106.49 55.79 126.98 0.839 49.48 62.16 15.1147
28.905 2.35 33.2395 26.73 38.1275 34.81 104.6 54.98 124.2 0.8178 48.59 61.18 14.968
29.0425 2.45 33.116 26.77 38.002 34.77 105.42 55.27 122.91 0.8245 48.57 61.87 15.138
28.295 2.36 32.0075 26.16 37.521 34.27 102.12 54.06 118.91 0.8123 47.46 59.82 14.468
28.12 2.34 32.8955 26.49 38.127 34.47 104.66 55.14 120.67 0.8143 46.83 59.92 14.572
27.6225 2.36 32.932 26.85 38.0045 35.18 104.55 55.2 118.6 0.8243 48.02 59.98 14.7393
27.835 2.54 33.7885 27.235 38.8295 35.3 106.79 56.13 122.64 0.8293 48.07 60.35 15.634
27.245 2.56 33.5325 26.72 38.4915 34.91 106.22 55.7 122.51 0.8168 47.54 59.515 15.5593
26.5075 2.45 33.207 26.27 37.8425 33.865 104.04 54.13 118.02 0.8035 47.43 58.62 15.364
26.8325 2.53 33.2255 26.635 38.04 34.24 104.77 54.83 116.63 0.8224 48.76 59.54 15.504
26.8075 2.77 33.1575 26.89 38.3565 34.73 105.51 55.35 116.24 0.8233 49.065 59.99 15.33
27.1525 2.83 33.185 27.4 38.4255 35.0 104.63 55.82 118.16 0.8264 49.04 60.34 15.3133
27.0075 2.92 33.1395 27.38 38.292 34.98 105.02 55.67 117.33 0.8293 49.55 60.32 15.3713
26.705 3.0 33.76 27.31 39.112 34.93 105.93 55.95 117.11 0.8285 49.58 60.19 15.2633
27.185 3.0 34.6985 27.77 39.698 35.44 107.26 56.55 119.12 0.842 50.88 61.13 15.8127
26.83 2.98 34.4535 27.53 39.515 34.99 106.22 56.31 116.71 0.8348 50.41 60.82 15.8727
26.315 2.87 33.7945 27.155 38.9005 34.45 104.66 55.48 114.38 0.824 49.985 60.03 16.0007
26.3375 2.77 31.8495 26.41 37.972 33.99 102.22 54.8 109.96 0.8093 50.12 58.26 14.894
25.6775 2.75 31.6895 26.29 38.0765 33.83 102.73 55.05 107.66 0.8223 49.14 58.65 14.8953
25.175 2.505 31.6325 26.01 37.9665 33.08 102.97 54.05 117.68 0.7883 48.64 58.13 14.6027
24.1125 2.275 30.397 25.41 37.05 31.84 97.92 52.17 114.56 0.757 46.14 56.69 14.3767
24.24 2.14 30.3525 24.78 36.5455 31.51 97.33 52.33 111.39 0.7408 45.875 56.63 14.0667
24.6325 2.34 30.887 25.27 36.6535 32.06 97.51 52.3 114.97 0.742 46.07 57.82 13.8567
24.99 2.39 30.8945 25.35 37.267 32.68 99.37 52.78 116.58 0.7545 46.52 59.46 13.998
24.3475 2.25 29.0905 24.6 35.9785 31.91 95.44 51.64 106.56 0.7315 46.1 57.87 13.354
24.88 2.21 29.65 24.66 36.5695 32.74 98.37 53.11 107.06 0.7168 47.73 58.98 13.7453
24.2825 2.03 28.509 23.62 35.5245 29.76 94.97 50.99 104.04 0.6778 45.82 58.0 13.666
24.165 1.95 28.724 23.85 35.954 29.8 95.26 50.56 107.89 0.6833 46.09 58.55 13.648
24.1975 1.8 28.5885 22.9 35.928 29.59 94.35 50.79 107.74 0.687 45.93 56.92 13.2467
24.075 2.09 28.751 22.9 36.3335 29.66 94.16 50.48 102.35 0.695 47.05 59.03 13.3313
25.355 2.02 29.819 23.37 37.273 29.925 97.94 52.29 100.72 0.7113 48.07 59.17 13.5033
24.86 2.12 29.8265 23.17 36.681 29.6 97.01 51.79 99.12 0.7105 47.58 57.71 13.092
24.9975 2.07 30.0625 23.72 36.6895 29.94 97.34 52.17 97.83 0.7175 48.52 58.61 12.904
23.355 2.13 29.1675 23.43 35.879 29.81 94.45 51.22 91.15 0.709 47.53 57.63 12.538
23.5225 2.08 31.7675 23.105 37.415 29.97 109.11 52.055 94.41 0.7013 43.59 59.285 12.6467
24.335 2.2 29.35 23.79 38.0675 31.02 112.21 55.09 91.84 0.7323 45.34 60.77 12.7467
24.1075 2.14 28.7405 23.48 38.5385 30.82 115.09 54.71 94.09 0.7325 46.11 61.4 13.1293
23.62 1.99 27.605 22.83 39.0455 29.8 114.61 53.0 91.49 0.7015 43.15 60.695 12.1853
24.0875 2.07 26.5535 23.1 37.469 29.34 112.69 52.16 90.74 0.705 44.73 59.53 11.5653
24.15 2.09 26.813 23.54 36.5015 29.77 110.49 52.0 89.71 0.7053 45.66 58.29 11.6887
23.505 1.98 25.1065 22.89 35.188 29.04 104.07 50.16 82.79 0.6608 44.02 54.49 10.84
23.7525 1.93 24.405 22.93 35.208 28.82 99.75 49.41 83.32 0.6305 43.89 54.14 9.866
23.7475 1.9 24.1035 22.65 35.051 28.81 99.54 49.28 86.13 0.6372 43.61 54.42 9.8833
23.5675 1.84 24.524 22.51 35.3425 28.23 101.0 49.71 88.45 0.6358 42.96 55.14 9.578
23.425 1.86 25.191 24.68 35.318 28.22 101.91 49.69 86.35 0.6325 43.0 54.92 10.0313
23.4975 1.83 25.354 25.11 35.3445 28.64 102.01 50.5 87.4 0.6433 44.56 55.86 10.0693
24.16 1.83 26.055 25.84 35.882 28.78 101.61 51.09 89.05 0.6747 46.73 56.41 10.3447
24.53 1.9 26.705 26.46 36.5985 29.47 105.2 52.42 94.76 0.6915 48.41 57.63 11.2453
24.065 1.91 26.25 26.43 35.8755 29.42 103.47 52.19 90.49 0.751 49.08 56.96 11.118
24.01 1.91 26.745 26.55 36.1055 28.71 104.57 51.82 89.23 0.761 49.42 57.67 11.1053
24.22 2.01 27.975 26.63 36.4525 29.35 107.16 52.65 91.93 0.788 51.28 58.87 11.8493
23.6725 1.97 27.647 26.12 35.8645 28.8 105.46 51.18 89.12 0.79 50.42 58.46 11.814
24.025 2.02 27.702 26.32 36.045 29.19 106.88 51.36 91.61 0.7955 51.52 58.11 11.9333
24.19 2.03 27.7575 26.6 36.456 29.62 108.07 52.1 94.53 0.7973 51.64 58.75 12.4953
24.2275 2.07 27.7615 26.41 36.243 29.8 107.92 51.3 94.79 0.792 51.62 58.34 12.6893
24.1725 2.14 27.626 26.18 35.861 29.59 106.92 50.88 93.41 0.784 50.79 58.21 12.7953
25.1325 2.18 28.952 26.83 37.1085 30.37 109.82 52.58 98.3 0.8188 52.11 60.04 12.4233
25.1875 2.32 29.0105 26.9 36.974 30.54 109.95 52.95 97.61 0.8235 52.85 59.56 12.556
25.375 2.46 28.8745 26.87 36.5795 30.58 109.58 52.35 97.93 0.8163 52.38 59.04 13.0493
25.7525 2.37 28.757 26.8 36.511 30.63 108.39 52.03 101.58 0.8137 52.66 58.7 13.4027
25.4675 2.47 28.14 27.14 35.64 30.94 105.73 51.03 95.49 0.8085 53.3 58.0 13.686
25.2575 2.3 28.013 27.05 35.6765 30.56 105.93 51.65 96.23 0.7938 52.46 57.6 13.5067
25.28 2.26 27.9735 27.61 36.2705 30.865 107.51 52.84 98.0 0.7933 51.95 57.07 13.9147
25.2925 2.26 27.9465 27.38 36.6085 31.25 107.32 52.05 97.36 0.792 52.02 57.52 13.6787
25.565 2.52 28.4805 27.86 37.2435 31.76 109.41 53.07 97.66 0.8055 52.22 57.59 13.8333
25.63 2.72 28.6685 27.7 37.512 31.43 109.89 53.17 98.13 0.8075 52.09 58.65 14.3433
26.145 2.49 28.851 27.66 37.5285 31.65 110.67 53.59 97.86 0.8035 51.63 59.08 14.556
26.4925 2.63 28.7135 27.88 37.868 31.69 112.18 54.35 99.35 0.8275 51.3 59.67 14.7953
26.45 2.8 27.972 28.19 37.924 31.98 111.02 54.66 99.72 0.8205 51.38 59.55 15.092
26.48 2.93 27.604 28.33 37.7705 32.68 111.45 53.49 101.12 0.8453 51.59 59.7 15.516
26.4775 2.8 27.699 28.19 38.108 32.34 111.85 53.86 101.06 0.8478 52.21 59.1 15.888
26.68 2.79 28.024 28.28 38.0025 32.32 112.25 54.07 99.84 0.8463 52.02 59.38 15.616
26.5325 2.68 28.4815 27.83 37.878 32.0 112.54 53.97 99.59 0.8608 50.99 58.83 14.8387
26.4175 2.79 29.1475 27.96 37.742 31.88 113.05 54.21 98.36 0.862 50.86 58.36 15.1833
26.2975 2.78 28.9935 27.9 37.664 31.9 113.69 53.54 101.21 0.8708 50.19 58.96 15.3507
26.92 2.86 29.693 28.1 38.2945 32.38 116.14 54.71 104.13 0.8848 50.69 59.55 15.342
27.39 2.86 29.9345 28.46 38.417 32.71 114.7 55.05 102.19 0.894 50.99 60.01 15.126
27.2475 2.85 29.682 28.47 38.145 32.35 114.1 55.23 102.23 0.8908 51.14 59.7 15.318
27.4975 2.83 29.925 28.69 38.4835 32.45 116.06 55.57 105.7 0.9038 50.88 61.02 15.8393
27.78 2.83 29.6595 28.14 38.256 32.0 112.55 55.43 104.35 0.895 50.65 60.25 16.466
27.4525 2.76 29.307 27.58 37.9285 31.9 112.22 54.56 104.94 0.8938 50.07 60.04 17.0313
27.74 2.8 30.104 28.0 38.4035 32.08 113.71 55.12 104.83 0.895 50.62 60.83 17.6947
27.135 2.64 29.5715 27.6 38.006 31.55 113.64 54.46 104.45 0.8858 50.03 61.17 17.1467
27.165 2.74 29.73 27.69 37.9735 31.63 110.63 54.42 103.81 0.8915 50.56 61.04 16.6713
27.255 2.76 29.7965 27.62 37.877 31.67 108.99 54.31 102.68 0.897 51.0 60.9 16.6613
27.61 2.81 30.1585 27.64 38.216 31.86 110.61 54.65 106.98 0.896 50.82 59.5 16.5213
28.01 2.8 30.741 28.23 38.5955 32.13 110.51 55.35 109.65 0.9185 51.92 60.21 16.9687
28.025 2.72 31.0375 28.25 38.7695 31.8 110.84 55.36 110.42 0.921 51.82 60.13 16.7907
27.4625 2.7 31.2945 27.9 39.0 31.46 109.64 55.65 111.51 0.9283 51.06 60.51 16.9673
26.87 2.76 31.7675 28.19 39.384 31.65 110.45 56.46 108.4 0.9243 51.55 60.89 16.9253
26.7275 2.62 31.395 28.33 38.8125 31.6 112.29 56.39 94.34 0.9078 51.83 60.9 16.4913
26.7825 2.7 31.6495 28.44 38.746 32.0 112.42 55.59 96.77 0.9113 52.09 60.9 16.6647
26.4925 2.62 31.55 28.24 39.0 31.97 113.44 55.78 94.98 0.9103 51.67 60.64 16.5527
26.42 3.99 31.025 28.15 36.8885 31.64 110.56 51.78 95.9 0.9068 52.64 57.68 16.9167
26.27 3.45 31.31 28.23 37.1105 31.39 110.1 52.11 93.56 0.9113 52.43 57.77 16.788
26.0875 3.66 30.844 28.45 36.2685 31.4 108.76 51.44 92.43 0.912 52.91 57.72 16.916
24.455 3.73 30.3285 28.64 36.073 31.75 108.89 50.94 91.04 0.9328 52.9 56.9 16.7647
23.7075 3.61 30.1 27.96 35.253 31.11 116.73 49.9 90.28 0.905 52.13 56.42 16.514
23.435 3.55 32.9795 27.49 35.394 30.28 117.58 49.87 90.03 0.8883 50.52 56.23 16.0507
23.41 3.74 34.1925 27.37 35.7205 30.61 118.57 50.61 93.11 0.9 51.11 57.36 16.12
23.795 3.6 33.566 26.86 35.422 30.36 117.43 49.78 91.54 0.8893 50.73 56.25 15.488
23.5475 3.6 33.545 26.44 35.5685 29.85 118.06 49.87 90.79 0.869 50.49 56.39 14.8373
23.31 3.66 32.9545 26.21 35.7355 29.9 117.81 49.94 89.37 0.8742 51.13 56.25 14.102
23.18 3.68 33.6975 26.53 36.259 30.04 119.49 50.39 90.84 0.8832 50.92 56.31 14.3287
23.1975 3.65 33.9875 26.51 36.4565 29.8 119.24 50.07 90.54 0.882 51.2 56.64 13.928
23.355 3.64 35.1535 27.03 36.969 30.14 120.5 51.02 92.89 0.899 52.15 57.49 13.9127
23.1275 3.65 35.6615 26.7 36.5275 30.06 119.52 51.05 90.02 0.9015 52.15 56.23 13.9307
22.585 3.59 35.8965 26.67 36.4035 29.76 120.28 51.51 87.74 0.8893 51.51 56.3 13.8187
22.63 3.67 35.496 26.53 36.2415 29.91 119.81 51.08 87.88 1.0245 51.32 55.82 13.8407
23.47 3.79 35.533 26.97 36.515 30.39 118.67 51.83 89.12 1.0548 51.91 55.53 13.886
23.3725 3.79 34.7635 26.65 36.0095 29.98 117.35 50.51 88.63 1.057 51.99 54.88 13.644
23.64 3.84 34.8725 26.72 36.089 29.99 117.65 50.81 90.5 1.084 52.79 54.8 14.078
23.55 3.77 34.926 27.57 35.7655 29.63 116.81 50.32 89.55 1.0887 52.76 54.55 14.3473
23.805 3.87 35.14 27.97 36.0855 30.15 117.35 50.62 92.49 1.1083 54.52 54.62 14.6853
24.1075 4.04 34.8375 27.94 35.8625 30.23 115.97 50.03 94.89 1.11 54.18 54.6 14.4147
24.475 4.2 35.21 28.47 36.6515 31.06 117.7 51.59 97.89 1.134 55.59 55.44 14.5273
24.905 4.18 35.4175 28.92 36.905 31.39 117.89 52.12 100.2 1.1293 55.98 55.15 14.6387
25.1025 4.35 35.7455 28.9 36.8465 31.49 119.47 51.89 102.81 1.1413 55.74 55.29 15.008
25.0875 4.6 35.612 28.92 37.38 31.57 119.38 52.32 103.3 1.1475 55.27 55.15 14.8693
24.965 4.57 36.1395 29.05 37.4425 31.59 118.81 53.0 102.57 1.168 54.92 54.89 14.882
24.615 4.43 35.972 28.9 37.423 31.66 118.78 52.85 101.51 1.1703 54.79 54.82 14.6373
24.43 4.24 36.412 29.08 37.2135 31.76 118.93 52.48 101.25 1.1785 54.88 54.62 14.5973
24.48 4.16 36.277 29.13 36.793 31.62 118.47 51.79 99.59 1.162 54.94 54.61 14.5993
24.6575 4.47 36.3365 29.1 36.503 31.68 118.79 52.13 100.74 1.156 54.89 55.59 14.712
24.7575 4.51 36.187 29.07 36.5545 31.88 117.76 52.1 99.89 1.1583 54.84 55.3 15.4893
24.735 4.46 36.332 29.14 37.1465 31.89 118.39 52.04 97.86 1.1545 54.94 55.22 15.7013
24.9125 4.52 36.3825 29.14 37.126 31.94 118.56 51.62 97.09 1.1845 54.98 55.58 15.2907
24.7075 4.32 35.8955 29.03 36.6595 32.04 116.62 51.48 93.75 1.155 53.83 54.865 14.586
24.335 4.4 35.762 28.84 36.594 32.17 113.95 50.14 93.85 1.1698 52.83 55.04 14.5247
24.365 4.39 35.965 28.96 36.6625 32.14 114.94 49.83 94.12 1.172 52.7 55.57 14.3307
24.285 4.42 35.713 28.65 36.6095 31.61 114.6 49.69 94.29 1.184 53.28 55.35 14.5133
24.3875 4.75 35.8755 28.87 36.2125 31.69 114.39 50.39 95.44 1.1888 53.42 55.53 14.5287
23.8325 5.26 35.3195 28.95 35.2125 31.76 113.02 50.13 94.45 1.168 53.55 55.31 14.3647
23.775 5.1 35.7005 28.8 35.3065 32.17 113.37 50.07 93.8 1.189 53.89 55.38 14.6467
23.9775 5.45 35.791 28.77 35.444 32.32 114.38 51.19 90.99 1.1818 53.88 55.81 14.6407
23.8875 5.02 35.53 28.72 35.5235 32.29 113.91 50.99 90.01 1.1808 54.04 55.61 13.1107
24.025 5.21 36.104 29.22 35.7435 32.99 115.08 51.91 91.66 1.2123 55.55 56.13 13.0933
23.35 4.88 34.948 27.75 34.26 31.55 112.08 49.83 88.44 1.1432 52.12 54.68 12.8767
23.01 4.72 34.568 27.31 34.057 30.72 108.97 48.43 85.33 1.131 51.14 53.69 13.2367
23.3975 5.12 35.3975 27.79 34.563 31.19 112.7 49.44 87.97 1.1475 52.51 54.85 13.4527
23.6 5.13 35.78 28.26 34.7595 31.93 114.16 50.54 91.06 1.1663 53.55 56.74 14.0127
23.9 5.14 35.781 28.69 35.1765 32.8 114.28 51.17 91.48 1.1752 53.57 57.12 14.152
23.9725 5.07 36.284 28.8 35.5125 32.75 114.19 51.16 96.67 1.1665 53.0 56.99 14.4333
23.7475 4.96 36.405 28.33 35.2445 32.68 114.0 51.17 97.91 1.1838 51.94 56.77 14.2653
23.8825 5.04 36.8805 28.72 35.4485 32.97 116.7 51.38 94.6 1.1912 52.37 56.75 14.296
23.985 5.02 36.8285 28.74 35.363 33.2 115.85 51.38 95.1 1.2223 52.93 56.91 14.396
24.17 5.1 37.2905 29.26 35.889 34.0 117.24 52.3 97.06 1.2713 54.19 56.51 14.452
24.245 5.01 37.689 29.43 36.36 34.38 117.87 52.59 94.67 1.3005 54.115 56.32 14.9853
24.355 5.14 37.4105 29.61 36.6255 34.94 117.93 53.21 95.97 1.32 54.62 57.48 14.9767
24.2175 5.09 37.1315 29.75 36.474 35.01 116.78 53.51 96.43 1.3195 54.83 56.48 14.8353
24.6975 5.17 37.06 29.76 36.79 35.2 117.29 53.74 98.02 1.333 54.88 57.59 14.7687
24.695 5.14 36.772 29.82 36.7815 35.07 116.86 53.7 98.39 1.3175 54.75 57.41 14.6933
24.9575 5.51 36.8035 29.91 37.66 35.05 119.37 53.96 98.81 1.3243 55.35 56.92 15.0833
24.9675 5.41 36.9975 29.92 37.6705 35.15 120.61 53.09 85.84 1.338 55.14 56.76 15.0173
24.99 5.41 37.286 30.63 37.854 35.69 121.92 55.91 87.91 1.3555 55.82 57.54 15.224
24.8575 5.22 37.2215 30.58 37.7205 34.27 120.61 55.8 85.99 1.3305 59.93 57.6 14.7
24.665 5.84 37.243 30.71 37.964 34.66 121.0 56.57 85.89 1.3668 61.15 57.9 14.818
24.335 6.7 36.9805 30.79 37.876 34.69 121.63 56.73 87.66 1.392 60.73 57.95 15.334
24.1675 6.98 36.7795 30.88 37.8825 35.09 121.22 56.76 91.41 1.4158 61.35 58.31 15.3007
25.7375 6.85 36.8335 30.76 38.0985 34.83 123.34 56.19 92.04 1.4015 62.51 57.85 15.2327
26.085 6.82 37.6305 30.52 38.292 34.77 125.0 56.21 91.65 1.4045 62.43 58.21 15.374
26.0525 6.86 37.9405 30.53 39.567 34.86 123.94 56.68 91.25 1.4275 62.58 58.05 15.6527
26.5125 6.64 38.387 30.73 40.047 34.85 124.31 56.58 94.37 1.4183 61.85 57.63 15.334
26.12 6.26 38.029 30.62 40.006 34.56 123.09 56.58 93.56 1.401 60.6 56.73 15.1467
26.4475 6.3 37.732 30.72 39.946 34.25 122.51 56.97 93.1 1.4047 61.01 55.94 15.0527
26.4675 6.47 38.0385 30.8 39.8625 34.58 124.36 57.39 93.44 1.4308 60.98 55.42 15.374
26.87 6.61 38.299 31.04 40.3465 34.98 125.15 57.96 97.03 1.455 62.0 55.9 15.3353
27.0925 6.68 38.328 31.01 40.2615 35.04 125.26 58.06 95.11 1.4685 61.58 55.36 15.0773
27.2025 6.6 38.4155 30.94 40.374 34.92 125.06 58.2 93.99 1.4723 61.99 55.2 15.272
27.0 6.49 38.428 30.85 40.4245 34.53 124.88 58.02 93.93 1.4628 61.71 55.62 15.0433
26.9825 6.58 38.562 30.95 40.41 34.68 124.9 58.3 95.89 1.4925 61.74 55.47 14.994
27.045 6.73 38.628 30.87 40.3525 34.57 124.88 57.94 96.59 1.576 61.71 55.47 15.0407
27.37 6.95 38.4245 31.19 40.298 34.91 123.9 58.12 95.31 1.5745 62.43 55.25 15.0393
27.345 6.78 38.202 31.12 40.0595 35.21 123.3 57.44 95.12 1.565 62.07 55.37 14.9073
27.305 6.68 38.2315 30.72 40.271 35.02 124.37 57.56 96.37 1.5288 62.28 55.8 14.8827
27.27 7.04 38.223 30.48 40.1375 34.97 123.91 57.6 96.16 1.5525 63.04 55.53 14.9007
27.34 7.62 37.8655 30.52 39.9825 35.24 123.56 57.62 95.87 1.5565 62.76 54.94 15.0
27.1275 7.58 37.974 30.63 39.8475 35.36 124.15 57.67 95.26 1.563 62.83 55.85 14.862
27.2125 7.67 38.1225 30.98 39.8295 35.4 124.37 57.89 95.94 1.5728 63.09 56.4 14.9893
27.0075 7.43 37.8625 31.06 39.68 35.15 123.48 57.95 95.18 1.5485 62.61 57.09 14.8413
26.8925 7.465 37.961 31.29 39.565 35.09 123.89 58.17 97.32 1.5383 62.64 57.29 14.7307
26.735 7.67 38.45 31.35 39.661 35.26 124.96 58.03 97.58 1.5508 62.97 57.29 14.666
26.705 7.59 38.5645 31.58 39.791 35.55 126.54 58.1 97.3 1.5498 62.98 56.8 14.3467
26.5 7.49 38.379 31.54 39.596 35.7 125.84 57.89 97.45 1.5408 62.94 56.4 14.0893
26.525 7.4 38.458 31.44 39.4925 35.89 126.12 57.46 97.45 1.5335 63.07 56.23 14.134
26.6825 7.35 38.531 31.58 39.57 36.02 126.17 57.59 97.38 1.5788 63.47 56.31 13.3847
26.9325 7.51 38.622 31.83 39.8435 36.08 126.51 57.67 97.38 1.5633 63.35 56.18 13.1853
26.925 7.34 39.4435 31.87 40.401 36.57 129.73 57.61 100.09 1.578 63.09 56.02 13.522
27.09 6.84 39.224 31.79 40.3995 36.46 131.05 57.66 99.15 1.5548 62.43 56.32 13.4473
26.38 6.225 39.203 31.47 40.142 36.44 130.27 57.43 99.66 1.566 62.69 55.3 13.1573
25.7825 5.9 38.007 30.85 39.424 35.44 127.1 56.21 96.5 1.488 60.52 54.35 12.9647
26.36 5.94 38.5745 31.44 39.941 36.08 128.69 57.05 99.05 1.5188 62.25 54.71 13.22
26.9875 5.74 38.0505 31.06 39.436 35.61 127.21 56.53 96.09 1.4968 61.29 53.98 13.07
27.9425 6.04 38.0545 31.0 39.523 35.62 127.77 56.26 97.01 1.51 61.59 53.9 13.094
28.8925 6.02 38.4845 31.31 40.0615 36.56 128.35 57.19 97.34 1.5673 62.54 54.11 13.3613
28.73 6.05 38.926 30.84 39.8985 37.67 129.07 57.25 99.48 1.571 62.99 53.74 13.6933
28.395 6.16 38.755 31.02 39.7695 37.16 128.65 56.93 98.06 1.5918 62.86 53.01 13.756
28.3925 6.17 39.011 31.1 39.989 37.14 128.64 56.81 98.25 1.5773 62.7 53.3 13.6427
28.3875 6.29 39.487 31.36 40.2515 37.45 129.94 57.76 94.88 1.6215 63.57 53.98 13.6813
28.655 6.37 40.235 31.66 40.7975 37.55 130.08 57.82 95.83 1.6255 63.52 54.39 13.762
28.1775 6.55 40.2875 31.34 40.748 37.19 127.96 57.43 95.94 1.6238 62.75 54.43 13.83
28.22 6.32 39.958 31.07 40.1325 36.65 127.31 56.9 94.56 1.6085 62.31 54.04 13.9327
28.2725 6.54 40.8055 31.48 40.5365 37.18 128.69 57.95 97.07 1.6635 63.31 54.19 13.7207
28.4875 6.59 41.436 31.5 40.503 37.44 129.23 58.03 97.48 1.6695 63.45 53.98 13.7513
28.045 6.67 41.4525 31.39 40.132 37.32 128.09 57.4 96.67 1.685 67.45 53.45 13.38
28.2625 6.91 41.8655 31.72 40.203 37.75 128.27 57.6 98.55 1.713 68.5 54.14 13.602
28.13 6.95 41.837 31.5 40.019 37.66 128.77 57.42 102.63 1.7113 67.11 53.84 14.2467
28.25 6.97 41.7015 31.35 40.1395 37.54 128.19 57.24 102.34 1.7075 66.68 53.53 14.094
28.2625 6.78 42.218 31.59 40.0615 37.99 128.47 57.64 106.28 1.7058 66.84 53.35 13.8973
28.4725 6.96 42.083 31.48 40.154 38.07 128.74 57.74 105.07 1.6835 67.54 53.14 13.4
28.515 6.75 41.9715 31.47 40.0355 38.1 128.99 57.8 104.82 1.6712 68.19 53.46 13.1073
29.0125 6.84 42.0855 31.47 40.7085 38.02 130.24 58.04 103.33 1.6775 67.25 53.3 13.3967
29.075 6.5 41.55 31.04 40.4785 37.27 128.88 57.19 100.59 1.6532 66.09 52.92 13.34
29.335 6.62 41.7045 30.34 40.5885 37.13 129.05 57.11 99.5 1.6608 66.06 53.16 13.434
29.245 6.49 41.464 30.17 40.204 36.97 127.82 56.92 100.23 1.6338 65.7 52.95 13.3493
29.4075 6.75 41.148 30.18 40.23 37.45 127.88 57.42 101.47 1.6498 65.7 53.08 13.1007
29.3875 6.67 40.6475 30.22 40.342 37.29 127.54 57.22 99.8 1.6403 65.19 52.76 12.9307
29.3675 6.73 40.8825 30.44 41.0745 37.75 128.57 57.66 118.79 1.6653 66.1 52.61 13.2733
29.28 6.77 40.8845 30.35 41.3545 35.51 130.11 57.53 121.87 1.6618 65.79 53.15 13.5707
29.265 6.96 40.516 30.16 41.0815 35.43 130.0 57.25 123.35 1.6933 67.34 53.59 13.2733
29.15 6.52 40.9495 30.15 41.203 35.15 132.07 59.66 127.5 1.6885 67.93 53.63 13.3393
29.4125 7.005 41.9045 30.46 41.787 35.26 133.28 61.0 127.33 1.7677 68.06 54.18 13.5173
29.5625 7.5 41.759 30.34 41.4275 35.1 132.29 60.99 126.51 1.7968 67.71 53.67 13.4893
28.8975 7.29 41.1295 30.55 41.105 34.92 131.04 60.63 126.97 1.804 68.2 53.63 13.4827
28.62 7.11 40.918 30.38 40.8675 34.81 129.69 60.1 126.47 1.767 70.09 53.59 13.6007
28.43 7.2 38.816 30.59 40.978 34.74 131.29 59.87 126.57 1.764 68.4 53.53 13.3313
28.385 7.23 39.491 30.68 40.495 34.87 130.99 59.92 124.87 1.779 68.72 53.07 13.182
27.8725 7.09 39.2705 30.48 40.274 34.52 129.5 59.8 123.3 1.7263 68.34 52.5 12.7193
27.8975 6.76 38.278 30.39 39.421 34.6 127.17 59.43 122.34 1.719 67.09 52.98 12.5347
27.4575 6.7 38.3515 30.32 39.1095 33.93 120.0 59.21 122.14 1.699 66.95 51.77 12.4947
27.21 6.56 37.7525 30.19 39.055 33.61 120.75 58.71 122.03 1.6892 66.73 52.75 12.704
27.6025 6.96 39.2465 30.94 40.1015 34.69 122.15 60.42 124.58 1.7817 68.46 54.49 12.8807
27.765 7.0 39.3875 31.0 40.599 34.74 124.22 60.47 124.34 1.779 68.27 54.62 12.996
27.72 6.94 38.594 31.36 40.2795 34.75 123.18 60.17 122.19 1.749 67.88 54.58 12.6707
26.9475 6.295 37.119 31.0 39.0145 34.5 120.8 58.7 115.42 1.6943 66.31 53.57 12.3567
27.1075 6.685 36.9505 31.36 38.5875 34.61 119.02 59.02 114.78 2.1993 66.88 53.93 12.5707
26.4275 6.79 35.9535 31.37 37.661 34.48 115.08 58.12 113.38 2.091 65.93 54.22 12.0967
26.7775 6.97 37.162 31.7 38.758 34.91 117.2 58.87 113.59 2.1547 66.77 54.59 12.2513
27.4975 7.67 37.3245 31.57 38.999 34.84 116.34 59.65 115.19 2.2908 66.3 55.44 12.262
27.4875 8.46 37.82 30.05 39.308 35.02 117.79 60.64 115.03 2.3098 66.67 55.85 12.5773
27.515 8.71 38.008 30.18 38.7985 34.95 117.02 60.35 115.21 2.334 67.31 55.77 12.3347
27.9325 8.94 39.0 30.05 39.24 34.98 121.77 60.86 117.96 2.3245 67.1 56.1 12.3013
27.95 8.69 39.2665 29.89 39.25 35.48 121.47 61.12 118.04 2.3413 68.31 57.12 12.7447
27.8075 8.8 39.006 29.71 38.95 35.2 120.84 60.4 117.69 2.3493 68.13 57.59 12.876
27.9475 8.77 39.0185 30.09 39.0115 35.44 120.38 60.53 117.41 2.354 68.29 57.43 13.11
27.8925 8.83 38.3385 29.92 39.2895 35.51 120.41 60.61 116.93 2.3527 67.1 57.59 13.0747
27.865 8.93 38.126 29.83 39.472 35.31 120.87 61.09 117.51 2.3313 66.77 58.17 12.638
27.63 8.91 37.5285 29.82 38.794 34.7 118.42 60.26 117.0 2.305 68.13 57.97 12.6267
27.3725 8.39 37.1825 29.45 38.2165 33.76 115.1 59.2 117.22 2.191 64.16 58.51 12.1253
27.475 8.53 37.017 29.25 38.223 34.16 115.4 59.25 120.81 2.2113 65.84 57.21 12.098
27.2775 8.68 37.968 29.53 38.911 34.39 117.43 60.22 119.16 2.297 66.36 57.5 12.4533
27.4875 9.45 38.236 29.33 38.809 34.72 117.31 59.95 124.57 2.3348 67.45 57.44 12.39
27.7575 9.56 38.521 29.95 39.5735 35.5 117.95 61.37 125.39 2.3767 68.34 58.76 12.8767
28.03 10.34 38.3665 29.95 39.7585 35.7 118.91 61.01 123.24 2.337 68.55 58.65 12.8193
28.4875 10.34 38.433 30.06 40.4725 35.76 119.68 61.97 122.88 2.2955 68.52 58.75 12.812
28.325 10.68 38.006 30.17 40.395 35.97 117.77 62.17 122.83 2.2398 68.47 58.77 12.8287
28.7975 10.54 38.717 30.59 40.767 36.8 120.31 62.98 123.78 2.2793 69.34 59.31 13.21
28.7975 10.55 38.441 30.46 40.8945 36.55 120.21 62.68 123.44 2.4113 67.56 58.75 13.246
28.955 10.86 38.05 30.63 40.7825 36.79 120.57 62.58 125.0 2.4678 68.03 57.71 13.172
28.9925 10.66 37.8885 30.59 40.492 36.31 119.87 62.3 124.22 2.5103 66.46 57.66 13.4993
29.16 10.95 38.3 30.75 40.625 36.89 119.24 63.62 125.45 2.5408 67.02 57.65 13.5153
29.2375 11.51 38.561 30.56 40.76 37.21 119.09 63.54 125.12 2.6293 66.91 57.7 13.9193
29.265 11.47 38.53 30.42 40.61 36.98 119.04 63.54 126.5 2.6458 67.16 57.44 13.8467
29.0725 11.6 38.317 30.46 40.484 36.93 117.4 63.55 125.58 2.6778 66.76 57.11 13.8967
29.13 11.58 38.0295 30.53 40.39 36.97 117.27 63.24 125.59 2.7445 66.86 57.01 14.2227
29.315 12.07 38.57 30.68 40.4965 37.07 118.01 63.28 128.35 2.933 67.25 56.86 14.6353
29.19 11.55 38.6065 30.42 40.2285 36.63 116.92 62.99 125.89 2.7313 65.75 56.35 14.6493
29.1825 11.59 38.2575 30.46 40.144 36.66 116.35 62.9 125.33 2.7858 66.04 56.32 14.312
28.955 11.34 37.4935 30.22 39.6225 36.27 115.05 62.14 123.8 2.6685 65.2 55.52 14.246
29.0375 11.43 37.6835 30.54 40.4005 36.6 116.86 62.58 127.49 2.5503 65.4 55.35 14.466
29.005 11.43 37.859 30.1 40.3885 36.41 118.69 62.3 129.41 2.6098 65.47 55.99 15.1327
29.1525 11.24 39.0225 30.17 40.651 36.35 120.67 62.3 131.81 2.5435 65.55 56.46 15.1167
29.4775 11.32 39.7995 30.23 41.2605 36.48 123.41 62.84 131.07 2.5775 65.53 57.13 15.2673
29.7475 11.49 39.846 30.18 41.359 36.61 124.9 62.64 130.95 2.682 65.65 58.2 15.4187
29.7775 11.44 39.795 30.38 41.3005 36.54 124.35 62.62 129.89 2.6618 65.63 57.88 15.3247
29.9375 11.2 39.951 30.15 41.493 36.95 126.09 63.19 130.5 2.629 66.1 58.1 15.3153
29.8125 10.76 40.682 30.04 41.4765 36.71 126.62 62.61 129.18 2.586 66.12 58.03 15.306
29.76 10.58 40.857 30.07 41.547 36.79 128.34 62.7 133.7 2.5858 66.88 57.85 15.85
30.0 9.82 40.486 29.99 41.373 36.8 127.87 62.53 132.89 2.5278 64.19 58.0 15.7053
29.9975 9.88 40.374 30.03 41.451 36.76 127.92 62.5 133.26 2.5738 65.13 58.45 15.8907
29.945 9.77 40.452 29.98 41.2185 36.57 127.55 62.3 138.41 2.629 64.44 57.89 16.2507
30.0 9.75 40.4165 30.1 41.4085 36.94 127.04 62.74 138.6 2.6003 62.88 57.66 16.3153
30.02 9.91 40.894 30.27 42.2215 36.77 128.93 62.96 137.39 2.6273 54.88 57.76 16.5947
29.9925 10.44 41.122 30.6 42.4765 37.62 129.37 63.52 140.11 2.6833 55.0 58.44 16.974
30.47 10.35 41.826 30.7 42.9225 37.8 131.48 63.68 139.52 2.6948 56.9 58.7 16.9647
30.485 10.52 41.9575 30.74 42.849 37.56 132.78 64.27 138.96 2.7413 54.05 58.46 16.834
30.4875 10.67 41.7885 30.98 42.2515 37.98 132.18 65.78 142.45 2.7942 54.24 56.12 16.8633
30.4075 10.61 41.519 30.83 41.1915 37.42 130.98 65.13 141.22 2.7505 53.61 55.9 16.7087
30.3375 10.37 41.174 30.72 41.0095 36.82 130.32 64.65 140.71 2.7295 53.43 55.22 16.7953
32.1875 12.06 41.6175 30.5 40.762 36.52 133.23 63.58 140.78 2.8488 53.15 53.9 16.616
32.1325 12.28 41.9975 31.18 40.913 36.68 130.84 63.17 139.2 2.8848 52.66 53.87 16.77
32.27 12.24 40.51 31.32 41.0065 36.52 130.98 63.68 140.25 2.8595 52.98 55.06 16.7553
32.5725 13.63 40.382 31.3 41.081 36.27 132.06 63.64 140.97 2.9328 52.88 55.73 17.1847
32.8825 13.29 40.625 31.45 41.4615 36.35 131.84 63.43 144.0 2.9783 53.27 55.24 17.1653
33.01 13.56 40.9855 31.27 41.494 36.38 134.2 63.34 144.74 2.9653 52.89 55.22 17.472
33.105 13.42 41.068 31.5 41.503 35.46 134.14 64.06 144.14 2.9095 52.88 55.81 17.9467
33.03 13.58 41.373 31.51 41.7425 35.34 134.19 64.0 144.82 2.8405 54.0 56.22 17.9487
33.3225 13.49 41.8265 31.97 41.948 35.8 134.05 64.72 143.2 2.7095 54.93 56.11 18.7067
33.755 13.26 41.8195 32.31 42.0015 35.93 133.85 64.57 140.82 2.7195 55.48 56.58 18.732
33.8775 13.3 42.135 32.82 41.866 36.05 133.44 64.53 142.27 2.725 56.49 56.86 18.6507
33.8363 12.97 42.207 33.6 42.1085 36.41 133.84 64.52 142.01 2.6813 56.88 56.73 17.93
33.93 13.13 42.2535 33.74 42.3275 36.48 133.53 64.62 142.22 2.6808 56.46 57.35 18.1487
34.175 14.0 42.822 34.13 42.4635 36.52 133.72 64.49 142.6 2.7767 56.75 57.54 18.4927
34.2775 14.28 42.7805 34.09 42.568 36.07 136.12 64.36 143.86 2.769 57.1 57.57 18.234
34.1325 14.32 42.6095 34.04 42.55 36.18 135.36 64.62 142.78 2.5122 57.14 57.64 17.066
34.165 14.12 42.262 34.32 42.3905 36.53 135.44 64.62 143.25 2.5365 57.22 57.48 17.1333
34.2325 15.2 42.432 34.26 42.4835 36.51 136.41 64.23 143.41 2.6103 56.73 56.78 16.4153
34.2475 14.46 42.252 34.18 42.2465 36.2 135.54 63.98 142.13 2.537 56.48 56.87 16.666
34.9475 14.96 42.654 34.44 42.8375 35.93 137.42 64.94 142.65 2.5698 57.01 57.14 16.668
34.74 13.9 42.4455 34.39 42.4925 35.91 136.76 64.01 139.53 2.475 56.37 57.12 16.6987
34.945 13.03 42.494 34.29 42.454 35.9 137.17 64.25 139.14 2.4608 56.44 57.1 16.7713
34.835 13.04 42.3305 34.19 42.3635 35.57 137.42 64.27 141.94 2.4418 56.45 56.68 16.7473
34.88 13.05 42.301 34.2 42.5575 35.8 137.3 64.4 141.43 2.4685 56.73 56.2 16.5727
34.75 13.22 42.525 34.02 42.682 35.62 137.72 64.99 140.32 2.464 57.77 55.74 16.458
34.67 13.33 42.65 34.07 42.892 35.82 138.24 64.73 140.53 2.4635 57.97 55.19 16.3267
34.785 13.91 42.623 34.26 43.0703 35.91 138.79 64.93 140.89 2.478 58.64 54.53 16.246
34.8 14.28 42.7295 34.1 43.229 35.16 139.6 64.71 143.52 2.5463 58.46 54.63 16.4113
34.7475 14.1 42.6265 34.12 43.2955 35.18 139.32 64.41 143.19 2.5445 58.22 54.27 17.2
35.115 13.98 42.6485 34.24 43.4195 35.1 139.72 64.75 145.25 2.5638 58.52 54.54 17.0487
35.1725 13.65 42.671 34.23 43.5 35.14 139.99 64.64 144.39 2.5953 58.35 54.8 17.47
34.9975 13.49 42.6155 34.23 43.6185 35.27 139.84 64.87 145.11 2.6517 57.55 55.78 17.4333
35.365 14.4 42.8485 34.28 43.3955 35.43 139.94 64.93 145.83 2.7363 57.81 55.81 17.4613
34.96 13.82 42.16 33.88 42.507 35.04 138.51 64.21 142.42 2.6478 56.8 55.54 16.712
35.355 14.1 42.403 34.1 42.49 35.37 139.59 65.03 142.65 2.7018 57.04 55.89 17.0007
35.23 13.79 42.369 33.96 41.9825 35.27 139.53 64.87 141.84 2.6773 56.81 55.85 16.9853
35.16 13.7 42.2805 34.08 41.757 35.16 140.34 64.98 142.02 2.6868 56.92 56.81 17.544
35.22 13.7 42.341 33.99 41.9255 35.39 140.32 65.1 144.06 2.7063 56.66 57.23 18.0147
35.95 13.69 42.8 34.02 42.0315 35.6 141.76 65.29 145.17 2.6923 57.38 57.35 18.4967
36.03 13.71 43.716 33.74 42.4935 35.57 142.65 65.47 146.47 2.6835 57.36 57.54 18.492
35.9825 14.05 43.817 33.74 42.474 35.75 142.41 65.71 148.06 2.735 57.2 58.16 18.528
35.915 14.55 44.327 33.8 42.39 36.07 142.05 65.86 147.81 2.7233 57.34 58.39 18.5533
35.925 14.64 44.5755 33.58 42.8375 36.16 142.28 65.55 146.92 2.7095 56.5 58.44 19.9013
36.1925 14.16 45.3415 33.41 42.6285 36.28 141.73 65.73 145.5 2.5195 56.68 58.32 20.2467
36.005 14.17 45.464 33.0 42.4455 36.22 141.85 65.56 143.62 2.5008 56.47 58.22 19.6667
35.915 13.27 44.914 33.08 42.2548 36.03 141.17 65.73 143.74 2.519 56.53 57.92 19.9133
35.835 13.52 44.744 32.96 42.105 36.03 140.78 65.68 143.11 2.5083 56.32 58.02 20.1693
35.7925 13.1 45.352 33.01 42.085 35.8 141.04 65.53 143.85 2.4443 56.52 57.95 20.826
35.4075 13.1 45.118 32.92 41.994 35.74 139.92 65.48 144.35 2.453 55.35 57.88 20.5807
35.45 12.76 44.8115 32.62 42.073 35.63 139.58 65.23 143.83 2.4328 53.39 57.58 19.7893
35.2625 12.31 44.2335 32.42 42.009 35.25 139.39 64.95 142.92 2.3872 52.79 57.51 20.2667
35.4575 12.79 45.0995 32.61 42.7565 35.48 141.42 65.48 147.25 2.4808 52.89 58.08 20.096
35.3 12.95 45.189 32.67 42.6995 35.765 140.96 65.39 143.36 2.4823 52.67 58.35 20.0167
35.17 12.84 44.96 32.65 42.8255 35.91 142.27 65.04 139.76 2.492 52.61 59.04 20.368
35.61 13.11 45.103 32.83 43.004 36.18 143.8 65.5 141.18 2.5315 52.66 60.08 20.1673
35.5675 13.0 44.9265 32.82 42.9475 36.32 143.68 66.4 142.87 2.542 52.5 60.61 20.3733
35.91 13.13 45.3705 33.28 43.9465 36.75 145.47 67.53 143.83 2.5738 52.81 61.11 20.5353
36.1325 13.49 45.381 33.42 44.442 36.87 146.49 67.92 152.16 2.6185 53.0 60.96 20.9193
35.92 13.41 45.4645 33.4 44.457 36.93 146.56 67.83 150.17 2.6005 53.04 61.56 20.678
35.9475 13.62 45.919 33.75 44.572 37.43 147.7 68.27 153.08 2.641 53.21 61.3 20.5753
35.9125 13.3 46.2495 34.07 46.226 36.15 150.25 68.46 152.2 2.6075 53.74 60.06 20.938
36.645 13.62 47.4115 33.97 46.641 36.31 152.46 69.41 155.35 2.666 53.6 60.18 21.522
36.8775 10.32 47.347 34.24 46.8545 36.97 152.78 69.3 156.45 2.587 53.29 60.5 21.2593
36.765 10.39 47.0515 34.25 47.4225 36.98 151.8 69.08 155.59 2.6063 54.49 60.59 20.7347
36.6325 10.1 46.8765 34.18 47.736 36.85 150.85 68.81 157.25 2.5962 54.91 60.83 19.6973
37.24 10.19 46.7075 34.39 47.514 36.82 150.24 69.0 156.6 2.5965 54.93 60.95 20.5567
38.2525 10.04 47.452 34.29 47.9345 36.54 151.06 68.94 156.38 2.5693 54.62 60.94 20.4793
38.4975 10.18 47.641 33.9 47.8355 36.37 150.48 69.04 157.46 2.5735 55.15 60.98 21.4173
38.315 10.79 47.4475 33.74 47.742 36.01 150.29 69.31 160.28 3.0323 55.33 60.66 21.6813
38.4875 11.07 47.381 33.63 47.7945 35.69 150.04 68.46 158.54 3.1625 54.68 60.27 21.54
39.025 11.26 48.0675 33.45 47.757 35.53 150.33 68.38 160.81 3.1973 55.32 59.93 21.654
38.925 11.42 47.8985 34.23 47.961 35.63 150.19 68.43 160.02 3.3578 55.4 60.45 21.0587
38.8675 12.75 48.3035 34.3 48.2305 35.82 149.78 69.41 159.41 3.4203 55.95 59.98 21.134
37.5625 11.2 47.238 33.82 47.1085 35.04 144.85 67.48 153.2 3.193 55.36 59.73 20.4073
38.135 11.275 47.9245 31.38 47.525 35.22 147.66 67.71 155.7 3.3268 56.12 59.82 20.8707
38.265 11.41 47.992 31.21 47.7325 35.4 148.06 67.69 157.02 3.4 57.67 61.36 20.722
38.4975 11.04 48.5335 31.59 48.2035 35.77 148.24 68.45 157.16 3.4725 59.28 61.23 20.69
38.45 10.89 48.577 31.76 48.5275 35.86 148.07 68.68 157.95 3.4258 59.22 61.15 20.2573
38.335 10.89 49.0175 31.49 48.8805 36.12 150.04 68.77 157.75 3.4642 58.64 61.89 20.6813
38.4675 10.98 49.669 31.44 49.593 36.26 151.96 69.62 163.05 3.4565 58.45 62.9 21.122
38.4025 11.0 49.789 31.5 49.6635 36.26 152.13 69.96 162.43 3.546 57.52 63.3 21.676
38.4175 11.12 49.835 31.68 49.8085 36.18 152.38 70.41 163.22 3.6218 57.34 63.26 22.34
38.19 11.19 49.731 31.53 49.3545 36.11 151.46 69.84 163.07 3.6088 57.27 63.61 22.734
38.295 10.93 49.7975 31.82 49.4145 36.12 151.53 70.1 162.99 3.609 58.62 63.75 22.6913
38.8625 10.9 50.3365 31.98 49.806 36.32 153.61 71.76 165.18 3.591 58.58 64.57 22.6567
38.4825 11.24 50.567 31.76 50.194 36.34 153.63 72.28 165.06 3.7003 58.86 64.27 23.1547
38.6125 12.03 50.15 31.56 49.834 36.13 152.81 72.52 165.17 3.6835 58.2 64.16 23.5233
38.8425 12.38 50.5035 31.61 50.0795 36.26 153.12 72.39 165.61 3.728 57.53 63.5 23.9767
38.7475 12.9 50.5135 31.61 50.214 36.48 154.71 71.95 165.88 3.9985 58.12 62.24 24.6667
37.245 12.28 48.9155 31.37 48.506 35.71 149.6 70.32 158.03 3.74 57.05 62.19 23.8213
36.355 12.09 48.2455 31.25 48.0905 35.73 148.44 69.78 151.44 3.7493 57.49 61.29 23.934
36.6475 11.96 49.0395 31.7 48.525 35.88 150.68 70.65 152.72 3.785 57.54 60.92 25.0633
36.29 11.77 48.8235 31.6 48.3965 35.53 150.25 70.27 152.2 3.793 57.01 60.27 25.3773
36.0725 11.5 48.2085 31.58 48.009 35.31 149.8 69.9 151.76 3.8093 56.93 60.09 25.0227
35.5675 11.44 49.3855 31.63 47.931 35.21 150.64 70.0 152.38 3.7905 56.82 60.14 24.76
36.585 11.93 49.7585 31.99 48.761 35.51 152.87 70.87 153.4 3.933 57.61 60.9 24.6533
36.2525 12.64 49.6295 31.85 48.4495 34.86 152.25 69.91 152.05 3.9273 56.79 59.86 24.816
36.4675 13.98 50.1115 31.84 48.9295 34.58 153.91 70.27 155.03 3.9868 56.33 59.96 25.0933
36.4075 14.38 50.065 31.85 48.831 34.36 153.4 70.26 154.89 3.9593 56.47 59.51 25.5073
36.57 14.17 50.187 32.09 49.3045 34.19 155.07 71.21 158.02 3.8458 56.91 59.81 25.5633
36.455 14.08 49.699 32.24 48.6045 34.07 153.59 70.53 157.5 3.8038 56.56 59.64 25.166
35.9325 13.4 48.839 31.76 47.4045 33.65 150.58 69.21 151.03 3.6645 55.43 58.96 24.158
36.4575 13.23 49.5165 32.08 48.0505 34.2 153.24 69.8 153.41 3.7938 56.16 59.18 24.7493
35.92 12.6 48.7965 31.41 46.891 33.54 151.04 68.49 150.09 3.667 55.08 58.36 24.05
36.005 12.48 48.4 31.3 46.484 33.74 150.98 68.93 149.41 3.614 55.22 58.31 24.1073
35.875 12.15 47.683 31.33 45.973 33.46 148.43 68.17 146.17 3.4833 54.95 58.25 23.508
36.0225 13.19 48.57 31.11 46.613 34.34 150.34 69.08 147.61 3.5763 55.45 57.94 21.806
35.6825 13.02 48.257 30.72 46.3845 33.63 148.82 68.57 146.25 3.587 54.79 57.6 20.5887
36.045 13.36 48.938 30.9 47.0405 33.88 151.44 69.46 150.18 3.669 55.35 58.04 20.8813
36.265 13.81 49.8235 30.98 47.55 33.65 153.5 69.98 152.67 3.8425 55.64 57.81 21.07
36.3825 13.89 49.7065 31.09 47.6765 33.92 155.27 69.99 154.33 3.897 55.33 57.9 21.8147
36.435 14.29 50.3255 31.16 48.383 34.25 158.9 71.15 158.75 4.0628 56.2 58.54 21.968
36.9425 13.53 50.0315 31.27 48.4425 34.24 159.26 71.77 158.21 4.0157 56.23 58.38 21.5607
37.26 13.92 50.0905 31.42 48.8455 34.68 159.97 72.78 161.12 4.1238 56.81 58.76 21.852
37.39 13.8 50.502 31.5 48.798 34.47 159.73 73.35 161.7 4.1063 56.46 58.33 21.3047
37.52 13.48 51.2225 31.51 49.3475 34.53 162.86 73.3 183.6 4.149 56.29 58.21 21.8827
37.755 13.55 51.3435 31.9 49.6385 34.56 164.14 73.86 183.86 4.1275 56.78 58.11 21.684
37.585 13.8 51.435 31.86 49.6095 34.75 164.53 74.22 183.6 4.1875 53.97 58.03 21.9947
37.5675 13.88 51.2835 31.84 49.692 34.73 164.43 73.79 188.54 4.2025 53.84 57.98 21.8933
38.0225 14.16 51.9475 31.86 49.9155 34.5 166.0 73.6 187.91 4.1538 53.22 58.02 22.8347
38.185 14.11 51.9935 32.12 48.4515 34.67 165.28 74.19 186.97 4.1338 53.27 58.55 22.64
38.365 14.76 52.64 31.66 48.2655 34.75 165.61 74.05 189.08 4.1815 53.14 57.94 22.9233
37.64 14.12 52.3 31.57 47.6255 34.97 170.44 73.16 182.68 4.0435 52.49 59.5 22.2973
37.375 13.95 51.002 31.52 47.9165 35.31 172.45 73.04 184.04 4.1098 52.88 54.0 22.338
37.1825 13.61 49.389 31.45 47.275 35.47 169.25 72.7 181.66 4.0628 53.19 53.98 21.5647
37.5125 13.71 49.8095 31.65 47.328 36.35 169.86 72.58 182.03 4.1123 53.41 54.73 21.3047
39.285 13.37 49.7945 31.52 47.382 36.64 169.3 72.26 180.74 4.1098 53.17 55.43 21.726
38.8925 13.24 49.346 31.56 47.015 36.49 168.59 72.15 179.23 4.162 52.95 55.68 23.1393
39.0975 13.12 49.379 31.8 47.2895 36.3 169.62 72.68 180.27 4.1803 52.62 55.44 23.794
39.7025 13.43 49.6135 31.84 47.2875 36.43 171.98 72.4 181.33 4.3087 52.7 55.63 23.678
40.02 13.11 49.492 31.67 47.2095 36.41 171.23 72.79 178.36 4.2575 52.29 54.52 24.348
40.265 12.83 49.1005 31.62 47.004 36.59 171.18 72.47 175.78 4.3028 52.77 53.74 24.2353
38.83 12.12 47.846 31.0 46.1795 36.14 167.4 71.41 169.14 4.1185 52.34 53.07 23.6933
39.37 12.23 48.3995 31.47 46.5045 35.87 168.08 72.5 171.4 3.899 52.72 53.18 23.858
39.9625 12.76 49.165 31.84 46.9465 36.34 170.75 73.59 171.0 4.21 53.55 53.22 24.2533
40.4 13.02 49.137 32.09 46.904 36.0 171.0 73.22 168.5 4.1745 53.87 53.15 24.1553
40.2375 12.63 48.909 32.34 47.2135 35.81 170.0 73.65 169.98 4.1288 53.31 53.5 24.194
39.465 12.34 48.0285 31.04 46.383 35.17 166.91 72.4 166.09 4.0368 52.27 53.04 23.4613
39.375 12.37 47.9235 30.37 46.309 35.01 167.41 72.49 166.54 4.0375 51.92 52.7 23.164
39.3025 12.05 47.6645 30.68 46.0435 34.92 167.78 72.15 166.76 3.9788 51.98 53.15 22.524
39.945 12.17 48.345 31.27 47.02 34.65 169.64 73.16 169.34 4.0638 52.35 54.45 22.7567
39.995 12.48 47.9 30.92 47.129 34.66 168.71 72.72 169.06 4.145 52.23 54.08 23.518
39.8175 12.5 47.6225 31.24 46.8445 34.71 167.74 72.69 168.13 4.1298 52.49 53.94 23.5287
39.965 12.43 47.263 31.44 46.525 34.67 166.32 72.82 165.95 4.0953 52.03 54.36 23.2033
40.3675 12.23 47.301 31.54 46.4065 34.65 167.24 72.83 167.12 4.1243 51.81 54.4 23.044
40.7275 12.15 47.703 31.48 46.7875 34.73 168.05 73.05 168.81 4.1175 51.81 54.1 23.1573
40.8375 12.67 48.3795 31.99 47.1815 34.89 169.92 74.01 174.69 4.142 52.12 54.52 23.5453
41.0 13.0 49.03 32.21 47.762 35.07 171.97 74.77 174.71 4.236 52.27 54.86 23.7267
41.0125 13.19 48.9125 32.3 47.5995 35.09 172.02 73.94 174.74 4.2615 52.05 54.93 23.6933
40.52 12.92 48.2635 31.62 47.074 35.02 170.72 73.61 174.52 4.1478 50.03 55.13 23.306
40.4775 12.86 48.39 31.87 47.101 35.76 172.09 73.4 179.25 4.1452 50.45 54.31 22.9687
40.315 12.63 48.9735 31.76 47.4945 35.54 173.21 74.34 179.0 4.1645 50.38 53.47 23.374
39.6575 12.25 48.295 31.48 47.0705 35.19 170.95 73.98 176.42 4.0922 49.64 53.49 22.8933
40.375 12.55 48.898 32.19 47.1645 35.77 173.51 74.76 181.74 4.225 50.57 54.02 24.246
40.215 12.3 49.129 32.41 47.3325 36.09 172.96 74.68 185.15 4.2403 50.9 53.54 24.1833
39.9125 12.22 49.98 32.18 47.522 36.33 173.05 75.21 183.64 4.2593 51.01 54.29 24.4153
39.57 12.26 49.6105 32.19 47.0065 36.48 170.96 74.77 182.63 4.235 51.48 54.53 25.176
39.97 12.52 49.3395 32.44 46.7645 37.0 171.64 75.31 182.35 4.5028 52.19 54.67 25.3207
39.6675 13.08 48.7095 32.52 46.4875 37.0 170.01 75.16 184.62 4.6888 52.25 54.69 25.6667
39.6825 13.12 48.493 32.49 46.843 37.23 172.52 75.44 185.68 4.6837 52.3 54.62 25.0067
39.0175 13.74 48.6605 32.6 47.377 37.07 172.17 74.94 185.51 4.646 51.98 55.15 24.9273
38.3475 13.41 48.2325 32.7 47.3775 37.2 171.11 74.21 188.78 4.519 52.03 55.01 24.432
37.9725 13.3 47.755 33.37 47.163 37.18 170.54 74.41 187.35 4.475 52.09 55.09 23.406
37.6375 12.61 46.9895 33.72 46.714 37.16 162.87 73.26 178.55 4.275 51.62 54.95 22.9993
38.285 12.45 46.93 33.76 46.8715 37.47 164.21 73.26 179.38 4.299 51.13 55.13 23.0167
38.5575 12.74 47.5435 33.48 47.995 37.54 167.68 73.85 181.97 4.3933 51.55 54.99 22.7313
38.32 12.74 47.82 33.35 48.2405 37.83 168.73 73.87 180.7 4.392 51.75 54.5 22.64
38.53 12.75 48.0675 33.63 48.686 38.08 170.87 74.49 181.35 4.4693 51.84 53.71 22.74
38.4525 12.71 47.9595 33.75 48.3735 39.04 169.47 74.61 177.01 4.475 51.88 53.81 22.7687
38.62 13.42 47.855 33.85 48.604 39.38 169.96 74.26 179.19 4.4843 52.02 53.99 23.2093
38.37 13.31 48.2725 33.44 48.339 39.34 168.42 74.69 184.45 4.5217 51.96 53.93 23.6673
38.8475 13.34 49.0425 33.59 49.2595 39.53 171.24 75.97 194.39 4.5193 52.35 54.6 23.6887
38.825 13.23 49.479 33.75 49.682 39.63 172.23 76.0 198.02 4.5325 52.49 55.17 23.792
38.96 13.47 49.5495 33.76 49.6155 39.86 172.5 76.29 196.87 4.6347 52.88 55.02 22.8627
38.975 13.7 49.36 33.55 49.39 39.65 171.59 76.29 195.08 4.7233 53.87 55.42 23.706
39.1375 13.88 49.75 33.59 50.2825 39.3 172.74 76.42 194.95 4.7735 54.12 55.64 23.64
39.0 14.2 50.0465 33.26 50.2825 39.19 172.55 77.12 195.86 4.7758 53.0 55.97 23.712
39.2475 14.22 50.147 33.47 50.3935 39.67 173.74 77.49 199.49 4.8648 52.82 55.72 23.7047
39.97 14.26 50.317 33.54 50.4675 39.76 174.52 77.65 202.68 4.9483 52.38 54.91 23.3733
40.1175 14.16 50.4565 33.6 50.55 39.79 176.11 77.59 199.48 4.9438 52.41 54.51 23.7167
39.94 14.07 49.85 33.55 50.637 40.25 176.03 77.61 195.54 4.9395 52.21 55.21 23.9767
38.995 13.95 49.3305 33.75 50.092 40.09 174.56 77.91 195.13 4.945 52.29 55.4 23.454
39.0625 13.81 49.1455 34.25 50.2535 40.43 174.98 78.81 194.16 4.9225 52.02 54.57 23.0067
39.0425 14.1 48.315 34.35 49.277 40.83 171.27 78.83 192.47 4.9155 53.39 54.27 22.468
39.275 14.25 48.795 34.58 49.4245 40.95 171.8 78.86 196.02 4.967 54.25 54.28 22.4893
39.1025 12.33 48.6455 34.3 49.573 40.78 170.6 78.63 193.77 4.8415 53.84 54.16 21.7227
39.3525 12.005 48.6215 34.27 49.571 41.35 170.63 78.76 195.21 4.8923 53.8 54.91 21.7447
40.7625 11.84 55.0475 34.43 51.6835 44.4 177.88 83.81 199.54 5.0465 54.57 54.88 21.3913
41.68 10.89 55.5425 34.04 51.6565 44.37 179.87 83.89 198.37 5.096 54.66 55.17 21.3387
42.26 10.985 55.264 34.15 51.652 45.49 180.06 83.18 196.43 5.1703 51.01 54.84 22.102
41.7225 10.8 55.184 34.62 52.1298 46.71 182.66 83.18 198.0 5.18 53.46 55.13 21.4053
42.0275 10.85 54.711 34.21 52.1485 47.1 178.92 84.05 199.32 5.1485 54.84 54.87 19.9507
43.125 11.12 55.58 34.47 52.4995 46.34 178.92 84.14 200.01 5.2172 61.81 56.03 20.406
43.5625 11.93 56.033 34.41 52.134 46.7 180.17 84.47 200.13 5.2408 62.52 56.57 20.1853
43.7025 12.05 56.1585 34.4 52.6195 46.78 180.25 84.27 195.89 5.3008 64.1 57.22 20.4033
44.06 11.71 56.644 34.5 52.9145 46.7 179.56 84.56 196.44 5.229 65.49 57.91 20.2927
43.97 11.12 56.4565 34.05 52.386 46.3 179.3 84.09 193.9 5.133 64.6 57.36 20.1993
43.6675 11.26 56.2675 33.99 52.2075 45.58 178.46 83.87 192.02 5.4035 64.57 57.04 20.1993
43.4925 11.09 56.4585 33.95 52.06 45.75 178.77 83.93 195.08 5.3158 66.49 56.64 21.0267
42.835 11.12 56.842 34.04 52.082 45.86 178.07 84.05 195.71 5.3545 66.0 56.93 20.58
42.27 11.07 56.3345 34.11 51.8205 45.46 177.95 82.98 192.12 5.2495 65.61 56.7 20.7533
42.775 11.25 56.8645 35.88 52.4235 45.65 179.59 83.2 195.51 5.2903 66.11 57.24 20.8333
42.5375 11.38 56.494 35.9 51.7945 44.63 179.0 82.4 193.2 5.284 66.72 56.93 21.0033
42.495 11.34 56.3155 36.5 51.733 44.62 178.74 82.53 194.1 5.352 66.47 56.81 20.5827
43.285 11.4 56.9745 36.65 52.515 44.94 181.86 83.72 196.23 5.4013 66.67 57.26 21.1873
43.74 11.37 57.808 36.45 52.596 44.65 180.87 83.11 196.32 5.3733 68.13 57.14 20.84
43.7425 11.38 59.3 36.49 52.826 44.75 182.78 83.26 195.75 5.424 68.91 56.8 21.0367
43.5225 11.55 59.7915 36.87 53.6005 44.49 183.03 83.87 195.05 5.3535 68.14 55.91 21.1207
43.2675 11.17 59.68 37.73 53.1645 44.73 182.42 84.88 199.18 5.2678 68.38 56.66 21.17
42.37 10.83 58.0635 37.48 51.869 43.95 175.13 83.34 188.15 4.9105 66.52 57.51 20.5027
42.9625 10.89 58.8375 37.3 51.8085 44.84 177.18 84.17 187.58 5.0178 66.34 57.82 20.59
42.7625 10.73 58.1175 37.6 51.2535 44.68 175.1 84.26 186.82 4.942 65.49 57.32 20.4353
42.45 10.03 56.6975 37.72 50.5935 44.49 171.47 81.08 184.04 4.6665 64.56 58.76 20.3467
42.41 9.91 57.0785 37.31 50.98 43.44 172.83 81.59 184.21 4.6935 64.69 59.34 20.2467
42.2525 10.0 57.6175 37.41 51.636 43.45 176.06 82.78 185.3 4.7315 64.98 59.28 20.884
42.33 10.04 57.9895 37.4 52.2285 43.08 180.14 82.49 185.2 4.7998 65.23 59.14 20.7493
42.3425 9.94 58.1 37.61 52.469 43.35 179.0 84.16 188.54 4.7873 64.24 58.61 21.0087
43.1675 10.16 58.446 37.96 52.5985 43.66 179.04 85.23 186.22 4.8665 65.18 59.07 21.9273
42.925 9.9 58.254 37.91 52.4385 43.33 176.96 85.58 185.73 4.771 64.86 59.27 22.7353
43.0675 10.11 58.2065 38.15 52.5695 43.34 178.3 85.35 187.86 4.6545 64.9 59.49 22.602
43.055 10.13 58.713 37.9 52.8735 43.26 178.39 84.69 189.56 4.6618 64.7 59.7 22.526
43.4925 10.29 58.957 38.19 53.6 44.56 180.18 86.85 190.12 4.789 64.76 58.29 22.8967
44.105 10.98 59.529 38.48 54.2545 46.26 180.82 86.38 190.42 4.9475 65.38 58.03 22.5913
43.635 10.95 59.369 38.3 53.989 47.04 179.51 85.83 187.02 4.9028 64.5 58.01 22.0733
43.5875 10.98 58.881 38.74 53.678 47.56 177.89 85.52 188.82 4.92 64.6 57.73 21.932
43.7525 10.89 58.738 38.53 53.5425 46.76 177.45 85.5 188.62 4.8972 64.39 57.58 22.1107
43.7525 10.54 58.418 38.55 53.443 46.7 177.2 85.51 189.94 4.8818 64.73 57.3 21.68
42.6425 10.46 58.838 38.48 53.2925 46.08 175.99 85.4 187.76 4.936 64.3 57.14 21.1527
42.65 10.53 59.113 38.56 53.01 46.11 177.62 85.71 186.24 4.9292 64.54 57.27 20.776
42.77 10.55 59.305 38.59 52.7975 46.22 177.92 85.72 192.71 4.935 64.38 57.81 21.024
42.3075 10.28 58.4735 38.3 52.67 46.16 176.46 85.54 191.96 4.8375 64.02 57.43 20.7567
43.065 10.98 59.4505 38.86 53.6605 46.85 181.42 85.95 201.07 4.9838 65.2 57.63 21.3687
43.0575 11.55 60.21 39.17 54.576 45.26 184.67 86.35 205.05 5.3118 65.94 58.71 21.15
43.2575 12.12 60.4795 38.99 54.788 44.43 184.33 87.11 205.63 5.3398 66.03 58.93 20.9747
43.75 11.88 61.457 39.53 55.5145 44.74 186.85 88.19 209.99 5.385 66.47 59.61 21.1053
43.5875 12.28 62.3435 39.94 55.7105 44.74 188.28 88.28 212.05 5.55 66.27 59.31 22.4273
43.5825 11.82 62.635 39.69 55.6395 43.62 187.87 88.22 209.31 5.5485 65.27 59.18 22.246
43.5725 11.96 62.7165 39.91 55.507 42.5 187.84 87.82 212.52 5.592 65.26 59.82 22.32
43.82 12.14 63.834 40.1 55.6025 43.41 187.77 88.08 217.24 5.602 65.43 60.0 22.53
44.2725 12.02 65.26 40.87 56.5325 43.24 179.37 89.6 221.23 5.5745 65.38 60.4 22.4147
44.0475 11.91 65.243 40.54 56.535 43.14 178.39 88.35 221.53 5.5028 68.25 60.56 22.6707
44.775 12.18 64.75 41.2 56.955 44.39 177.6 90.14 217.5 5.618 68.02 60.66 23.144
44.815 12.47 64.666 41.3 56.7985 44.48 179.8 90.1 220.33 5.611 68.05 61.09 22.9713
44.615 12.59 64.729 41.29 57.175 44.82 181.29 90.0 220.46 5.7528 68.04 61.26 23.3347
44.25 12.65 66.3655 41.66 58.208 45.75 185.37 91.61 227.58 5.8422 68.67 61.41 23.4373
44.26 12.94 68.127 42.1 58.8085 46.06 189.35 91.9 250.29 5.9728 68.34 61.69 23.5193
43.555 12.71 67.8755 42.17 58.5645 45.51 186.55 91.82 261.3 5.895 67.98 60.83 23.0593
42.7775 12.41 68.8975 41.9 59.107 45.3 187.48 92.33 269.7 5.9088 67.42 60.55 22.5093
42.8775 12.95 70.1025 42.56 59.378 50.08 190.0 94.06 274.6 6.0833 68.53 57.99 22.8567
41.99 13.32 70.884 42.85 59.324 49.98 185.98 93.92 284.59 6.1713 67.32 57.02 23.302
41.7425 12.87 71.891 42.25 58.8685 48.79 187.12 92.74 278.8 6.068 66.99 57.19 23.0547
41.8575 13.74 72.5445 41.54 59.111 48.14 186.89 95.01 270.3 6.145 68.25 56.81 23.6207
41.945 13.25 69.5 41.7 59.0795 47.65 193.09 94.26 265.07 6.0125 66.8 56.0 23.2833
40.125 12.45 71.4975 40.93 55.96 46.15 190.28 91.78 267.43 5.838 66.07 55.77 22.9167
39.1225 11.57 69.5 38.78 53.1195 44.52 181.26 88.0 254.26 5.3425 61.73 54.69 22.2087
40.7575 11.65 72.142 40.17 54.2215 44.91 185.31 91.33 265.72 5.6395 64.4 55.61 22.2647
39.885 11.6 70.839 40.34 52.7705 45.2 180.18 89.61 264.56 5.72 65.04 54.46 23.0
38.7875 11.22 67.525 38.77 50.3855 42.75 171.58 85.01 250.1 5.438 62.42 53.77 21.0153
39.1025 11.31 66.98 39.53 52.3135 43.95 176.11 88.18 249.47 5.802 63.99 54.58 20.6947
40.6775 11.68 69.3115 40.6 52.728 44.83 176.41 89.13 257.95 5.7008 65.66 55.38 21.0487
41.085 11.78 70.7255 41.23 52.707 44.46 173.15 89.83 258.27 5.8158 65.7 55.67 21.5773
41.8425 12.2 72.5525 42.09 53.635 45.38 179.52 90.81 266.0 6.0355 66.59 55.99 21.4873
43.2475 12.19 73.088 44.08 54.568 45.92 179.96 92.66 280.27 6.1625 65.28 56.58 22.271
43.1075 11.82 72.4345 44.33 54.775 45.56 177.36 92.0 278.52 6.096 64.85 56.48 22.366
42.9625 12.02 73.4175 44.06 55.1795 46.32 176.01 92.72 278.55 6.227 63.99 55.97 22.318
42.7675 11.72 74.146 43.31 55.6875 45.94 177.91 91.49 281.04 6.0378 63.4 56.1 22.22
43.125 11.84 74.267 42.94 55.495 45.8 178.99 91.73 278.14 6.0538 62.18 55.4 23.078
43.875 12.07 75.0 44.0 56.4045 47.73 183.29 94.06 285.93 6.1483 63.32 56.14 23.47
44.7425 12.42 76.0975 45.36 57.185 49.11 184.93 95.42 294.16 6.1645 66.98 57.17 23.828
44.5975 12.53 75.599 45.04 55.8755 49.91 181.46 94.2 290.61 6.1515 66.34 56.57 23.3993
44.53 12.11 75.6225 44.78 55.196 49.29 178.32 93.77 291.38 6.05 65.0 57.1 22.8707
43.75 11.9 74.6725 43.8 53.5705 47.84 175.94 92.85 290.39 5.8053 64.96 56.17 22.062
44.0525 11.81 75.0125 44.06 54.207 48.98 176.62 93.05 301.05 5.9135 64.74 56.93 22.3413
44.205 11.91 76.1805 44.52 54.738 49.75 180.4 93.64 315.0 5.8913 64.01 56.99 22.2233
44.1675 11.76 76.882 44.29 55.045 50.71 179.78 93.32 325.22 6.054 62.14 57.03 21.88
43.7575 12.24 77.25 44.2 55.752 51.32 183.71 93.86 321.16 6.046 62.49 57.03 22.1533
44.235 11.97 77.593 44.34 56.469 50.74 182.34 94.43 317.0 6.0295 61.82 57.47 21.94
44.995 11.7 78.9445 45.37 58.042 52.19 185.23 96.54 331.44 6.1333 63.03 58.46 21.8113
45.43 11.52 79.9195 45.55 58.2965 51.52 184.76 96.77 321.3 6.244 62.81 59.4 23.034
44.9925 11.64 79.409 45.16 56.9955 51.78 181.88 94.41 315.88 6.1928 59.7 59.05 22.7893
44.61 11.36 79.55 45.28 57.4445 51.86 184.19 93.85 321.55 6.2185 60.12 58.83 21.7753
44.6625 11.46 79.116 45.33 57.5305 50.88 183.86 94.18 321.09 6.2335 59.89 59.37 21.7067
44.505 11.47 78.584 45.01 56.721 51.17 185.09 94.6 318.45 6.262 60.62 59.0 21.4233
43.825 11.43 77.2465 44.27 55.0035 50.83 172.56 92.89 313.48 6.025 58.37 58.3 20.904
43.81 11.11 79.3255 44.37 54.79 51.55 168.15 93.13 317.5 6.2395 58.26 58.66 20.7033
42.8175 11.26 79.093 44.31 54.7 51.56 169.39 92.48 316.48 6.214 56.81 58.47 21.102
42.2125 10.91 77.246 43.07 52.6575 50.83 164.89 89.79 306.7 6.0463 55.58 57.77 20.6067
41.235 10.63 74.778 42.42 51.3275 49.36 159.39 87.18 300.94 5.8243 53.66 56.31 20.1027
43.1925 10.44 77.793 44.06 52.7045 52.48 160.06 93.78 320.35 6.112 56.13 57.8 20.2787
42.085 10.0 74.8525 42.68 50.347 51.19 152.22 89.47 300.69 5.638 54.84 57.46 18.612
41.62 9.81 71.571 41.66 50.259 49.6 153.03 89.39 285.77 5.5338 54.7 57.9 17.1853
41.945 10.05 72.367 42.89 51.857 52.08 159.79 91.27 295.35 5.7898 55.41 57.89 17.742
41.67 9.53 68.5995 41.01 50.6315 48.92 155.39 88.52 280.29 5.5263 53.81 56.24 16.832
42.0975 9.55 69.6025 41.38 50.934 49.75 156.11 89.71 283.67 5.6338 54.78 58.0 17.8353
42.9025 9.77 70.5285 41.2 51.4855 49.99 155.1 92.33 288.94 5.656 54.99 58.83 19.1293
43.2 10.02 72.5875 41.82 51.632 50.38 159.34 92.38 293.97 5.5345 55.04 59.14 20.3813
42.095 9.61 70.2615 40.73 50.4975 48.79 157.2 90.23 288.85 5.3563 53.12 58.34 19.9533
42.5125 9.53 70.304 41.17 51.0045 49.55 157.93 90.77 289.93 5.3853 53.43 58.7 19.3107
43.3125 9.98 71.811 42.51 51.825 51.27 165.04 92.88 298.07 5.6978 54.77 59.41 20.3133
43.11 9.82 71.3525 42.43 51.253 51.1 166.32 91.86 303.67 5.656 55.01 59.42 20.062
43.535 10.08 72.425 43.34 51.8645 52.72 163.87 93.58 309.25 5.865 55.2 59.43 19.6053
43.6825 9.93 71.5395 43.0 51.802 51.86 164.52 93.08 311.65 5.7875 55.73 59.24 20.0227
43.955 10.09 72.075 43.3 52.305 52.4 164.83 94.17 307.78 5.7873 54.77 59.43 19.414
44.56 10.52 75.1915 44.59 53.968 53.54 168.66 96.07 336.06 5.9385 55.35 59.83 19.1793
44.46 10.36 76.392 44.63 53.7695 53.61 166.36 96.44 334.52 5.9093 55.23 59.5 19.5567
43.2 10.11 77.8455 44.56 54.4725 52.22 168.1 96.11 332.7 5.726 52.57 59.22 20.0053
41.43 9.99 76.3745 44.09 53.866 51.53 166.28 95.0 327.77 5.7178 51.44 58.0 19.3493
41.31 10.04 75.893 44.25 53.6905 51.1 165.84 95.35 318.69 5.597 50.53 58.16 18.8913
40.735 10.09 73.0045 43.74 51.132 51.45 159.69 93.12 307.02 5.53 49.94 57.81 18.8973
40.9125 9.71 73.0085 43.71 51.1495 51.38 159.69 92.31 305.76 5.4165 49.75 57.71 18.7127
41.055 11.04 75.898 44.21 52.1655 53.05 174.16 94.26 313.98 5.6305 50.47 59.38 19.032
40.58 11.11 78.631 44.71 51.5725 52.73 173.59 95.82 311.76 5.6583 51.11 58.36 19.605
41.315 10.88 78.3065 44.29 50.929 51.62 172.0 93.52 312.46 5.6225 51.01 57.57 19.5933
42.275 11.13 79.113 44.83 52.0375 53.33 173.86 95.0 313.3 5.6785 50.82 58.13 19.9947
44.1425 10.97 78.484 43.86 51.3025 52.31 176.07 93.51 313.36 5.6578 50.26 56.7 20.0767
44.2225 10.93 78.6038 44.44 51.315 52.28 174.02 94.07 311.69 5.8248 50.31 56.13 18.9633
45.9575 11.28 79.0475 45.3 52.55 52.78 176.61 95.16 320.09 5.9765 52.49 57.68 19.606
46.29 11.59 80.007 45.73 52.973 53.33 177.97 96.22 326.26 6.217 53.01 57.45 20.1847
46.5125 11.61 79.6195 45.71 52.9295 53.63 178.92 95.81 326.89 6.26 52.86 57.67 20.1313
46.84 11.95 80.4 46.04 54.4475 54.34 182.66 96.94 330.3 6.3945 53.17 57.04 20.4567
47.51 12.13 80.454 46.3 55.2735 54.98 185.53 97.91 329.6 6.5033 54.97 57.65 20.3347
47.1475 11.95 80.1455 45.93 55.169 54.67 186.99 97.7 326.46 6.3633 55.23 57.27 20.0707
47.0375 12.23 80.077 45.7 55.33 54.9 186.64 98.03 328.53 6.384 56.74 57.13 19.4647
46.61 12.45 78.806 45.48 54.2435 53.92 184.32 97.32 326.13 6.139 55.64 56.64 18.9453
47.045 12.82 79.364 45.16 54.2045 54.64 183.2 97.15 328.19 6.1502 56.7 57.15 19.0987
46.7475 12.82 79.088 43.46 54.063 54.81 183.76 96.18 325.22 6.1928 56.95 57.2 18.9693
46.5775 13.0 78.7185 43.21 53.482 53.5 182.68 96.36 324.18 6.1485 57.51 57.16 18.4547
46.9075 12.99 79.273 43.75 54.2005 54.32 184.49 97.6 331.82 6.106 57.71 57.34 18.966
46.79 12.98 79.07 43.65 53.7655 54.45 183.8 97.5 331.62 6.0675 57.39 56.96 18.334
47.09 13.1 80.093 43.68 54.298 55.21 186.9 98.66 344.72 6.1885 58.82 57.49 18.6047
47.0375 13.41 80.1535 43.57 54.2725 54.75 185.93 98.31 349.29 6.1923 59.08 57.68 18.5233
47.145 13.54 80.5075 43.26 54.204 55.44 184.92 98.36 351.29 6.232 59.96 57.92 18.59
46.975 13.36 80.6435 42.97 53.4035 55.32 185.74 98.01 349.73 6.2148 58.23 57.23 18.9173
46.875 13.82 81.2445 42.85 53.8735 55.68 187.67 98.95 353.54 6.3248 58.39 57.48 19.448
46.7175 13.73 81.481 42.71 55.0 55.2 191.78 98.84 351.6 6.3048 58.12 56.67 18.982
47.56 14.4 82.077 43.66 56.75 57.08 193.99 100.79 359.93 6.4405 58.61 56.91 19.4547
47.9575 14.85 83.2635 43.58 57.652 56.83 193.28 101.67 361.81 6.6213 58.71 57.07 19.7827
48.3275 14.85 84.8175 43.67 57.551 56.53 192.94 102.19 365.8 6.6268 58.98 55.68 19.4087
48.495 15.67 84.7875 44.26 57.3475 57.03 191.34 102.49 367.45 6.6288 59.84 57.17 21.3
48.365 14.89 84.465 43.65 56.721 55.88 188.18 100.88 361.4 6.5725 60.64 57.14 21.0727
47.925 15.25 84.1995 43.48 56.6355 55.05 189.1 101.63 360.57 6.557 60.26 56.6 21.1773
47.8075 15.73 84.456 43.69 57.045 54.52 191.54 101.05 361.45 6.5155 59.93 56.48 22.14
48.07 15.85 84.9375 43.94 57.4095 54.82 192.4 101.31 363.83 6.5645 59.79 56.48 22.8513
47.675 16.32 85.243 44.01 57.2115 55.03 192.41 100.85 379.93 6.56 59.22 56.21 22.9853
47.7 16.25 86.193 44.69 58.0055 55.54 196.81 101.42 392.87 6.6728 59.46 57.02 23.848
47.21 16.34 85.7985 44.25 57.9635 55.11 195.85 100.13 391.98 6.6315 59.86 57.11 23.878
47.185 17.11 86.1895 44.21 59.179 53.22 198.31 100.86 390.4 6.6273 59.2 57.22 24.722
46.4225 16.69 86.739 43.82 58.9345 52.93 197.49 100.86 404.98 6.5043 58.7 57.43 23.5033
46.625 16.52 87.504 43.74 59.2035 53.46 202.0 101.87 416.76 6.5578 58.79 52.22 24.148
46.365 15.65 86.511 43.16 58.472 52.19 201.5 101.14 415.44 6.4278 58.75 50.62 23.1673
46.23 15.8 85.7835 43.2 58.4645 52.5 201.74 100.41 411.09 6.2737 58.5 51.24 22.242
45.5425 15.11 83.1575 42.29 56.964 50.71 196.35 98.39 384.48 5.978 57.05 50.66 22.2007
46.1075 15.5 84.5545 42.55 56.631 49.67 199.0 99.08 399.39 6.0498 56.45 50.38 22.8
46.04 14.97 83.0255 42.33 55.847 48.76 195.84 97.54 390.39 5.893 55.17 49.84 22.9667
46.375 15.31 85.0725 42.94 56.339 49.25 196.23 98.63 395.42 6.0215 55.9 48.54 23.3287
46.2775 14.99 84.99 43.03 56.4595 49.71 194.32 98.61 391.43 5.9225 56.12 48.85 22.8633
46.795 15.16 85.689 42.81 57.1055 50.2 197.36 100.01 398.18 6.056 56.18 49.06 22.338
45.98 15.0 84.698 42.67 55.814 49.47 192.73 99.05 390.52 5.921 55.33 48.77 20.724
46.35 15.5 84.9865 42.56 57.0645 50.75 198.45 99.76 398.39 6.0682 57.38 48.61 20.6107
46.9925 16.36 85.5315 42.71 57.754 51.37 203.23 101.16 408.25 6.1833 57.84 48.98 20.5933
47.645 16.61 86.951 42.67 58.364 51.86 204.74 101.85 418.97 6.2313 58.04 49.9 21.234
47.5875 16.55 87.1535 42.86 58.357 52.16 203.54 102.12 415.63 6.3313 58.37 50.42 21.498
46.97 16.27 87.75 42.57 58.573 51.2 202.54 101.98 418.65 6.1883 57.3 50.14 21.264
47.7575 16.56 89.831 43.58 60.063 52.35 206.92 104.19 413.5 6.2808 58.32 50.25 21.114
47.8325 16.27 90.6515 41.78 60.221 52.22 207.32 105.43 395.8 6.233 58.39 51.62 21.258
47.7275 16.58 91.1245 42.5 59.8255 52.01 207.23 104.91 400.48 6.205 58.35 50.94 20.6733
47.8625 16.87 92.1965 42.34 60.654 51.75 209.99 105.95 379.48 6.3422 58.91 51.28 21.5127
47.6 16.85 92.146 42.21 60.6455 51.72 209.36 105.12 375.13 6.2925 58.76 51.15 21.59
47.97 16.71 90.6485 42.4 59.955 51.98 208.09 104.4 364.23 6.3008 59.31 51.34 21.3487
47.86 16.5 90.685 42.01 59.894 51.91 209.94 106.27 361.05 6.2722 58.61 50.91 20.9053
47.9025 16.66 90.1 42.06 60.55 52.31 210.91 107.97 362.66 6.2353 59.08 51.19 20.2133
48.25 16.19 91.462 42.39 62.9075 52.18 214.67 107.66 357.32 6.2178 58.85 51.17 19.8287
48.705 16.05 93.1805 43.16 63.797 52.43 217.5 110.83 362.87 6.2968 59.42 51.62 20.5827
48.5525 18.35 90.4 43.53 64.275 52.16 176.26 109.62 363.09 6.371 63.58 51.45 20.4433
47.745 18.94 90.8635 42.57 62.6445 47.68 174.89 107.68 355.21 6.3005 62.69 52.15 19.812
47.4775 19.42 88.961 42.17 61.502 47.69 171.06 105.37 334.96 6.1033 62.04 51.9 19.3447
47.5725 18.33 88.872 42.29 61.361 48.1 172.58 106.08 337.45 6.1215 64.09 52.39 19.876
50.375 18.48 89.8585 41.86 61.6495 48.81 171.65 106.28 338.38 6.1618 64.35 51.93 20.056
51.8475 18.79 91.7165 42.53 62.0565 49.48 176.37 107.57 344.5 6.2655 64.77 51.68 23.3027
51.9975 18.49 91.1645 42.83 61.908 49.63 177.78 108.04 343.09 6.3025 65.4 52.23 23.2113
52.2675 19.43 92.3875 43.3 61.8835 49.3 185.69 108.13 350.92 6.3508 65.73 52.07 22.7993
51.7775 19.56 93.124 43.58 62.792 49.7 183.81 108.88 351.83 6.4238 65.44 52.07 25.3047
51.8125 19.58 94.326 43.84 63.0665 49.96 185.18 109.49 347.61 6.4605 65.16 51.55 24.6893
52.22 19.1 94.926 43.78 63.223 50.14 183.09 109.67 349.36 6.4115 65.08 51.92 23.4967
51.8825 19.06 94.315 43.78 62.6255 48.85 180.26 109.0 345.87 6.3697 64.82 51.51 23.6993
52.2175 19.73 94.81 43.75 62.432 48.45 180.05 108.21 341.31 6.403 64.84 51.81 23.7607
52.4375 20.02 95.9825 44.0 62.907 48.12 181.11 109.56 337.49 6.5358 65.43 52.59 23.176
52.56 19.7 94.131 43.86 61.611 47.46 179.53 107.66 326.4 6.477 65.68 52.75 22.5793
53.33 19.33 94.326 45.16 61.203 47.17 174.7 107.64 322.44 6.436 65.76 53.04 22.3633
54.395 19.77 94.111 45.87 60.7925 47.1 173.8 107.58 316.78 6.1205 66.06 53.56 20.3667
53.865 19.98 93.8355 46.22 61.0975 46.5 172.5 106.87 327.73 6.196 66.16 53.92 20.5627
53.76 20.4 94.171 45.78 60.8705 47.62 172.62 105.98 338.02 6.333 66.55 54.0 21.46
53.7625 20.9 95.245 45.99 61.0875 47.05 173.64 107.06 344.44 6.5705 66.84 52.82 21.4427
53.8725 22.29 95.145 46.02 61.058 46.98 172.9 107.56 339.17 6.671 66.86 52.66 21.34
54.04 23.98 95.2695 46.32 61.8375 47.66 174.645 108.4 358.82 6.8055 67.15 52.75 21.5213
54.485 25.26 96.384 46.59 62.8135 48.35 177.46 109.6 364.58 6.8975 67.34 52.97 21.2847
54.925 25.05 96.641 46.95 62.293 48.57 176.26 110.26 368.49 6.8595 69.78 53.05 20.7907
55.745 25.2 99.905 47.48 63.2325 48.75 175.9 112.02 368.04 6.9623 69.2 53.25 20.334
56.2575 24.89 100.119 47.15 62.722 48.24 177.64 111.95 370.98 6.9453 68.14 53.1 20.21
56.9075 25.17 100.6355 47.77 61.59 48.43 175.73 112.33 367.68 7.017 68.71 53.45 20.1107
57.09 28.06 101.9755 47.73 60.5655 47.96 171.16 111.71 363.6 7.0925 69.98 53.53 19.2633
56.7175 28.51 99.741 47.27 59.955 47.72 167.18 108.49 341.18 6.9605 70.89 53.79 18.716
55.775 27.84 97.9155 47.28 59.1995 47.26 162.53 108.74 346.46 6.818 70.36 54.21 18.73
55.325 27.38 97.6035 47.05 58.8795 46.45 163.04 108.21 348.68 6.7965 70.38 54.86 17.5493
54.5825 29.89 96.9505 47.07 58.753 46.3 164.18 109.38 348.41 6.8683 72.32 54.97 19.0333
55.9625 30.1 99.3575 47.03 59.4995 44.93 165.94 111.24 355.93 6.82 72.51 55.12 18.6293
55.2675 32.21 99.5 46.89 58.58 44.93 162.0 111.71 369.95 6.705 71.75 54.97 19.3693
56.6025 30.48 99.4935 47.24 59.107 45.57 161.36 112.91 368.15 6.7835 74.61 54.89 19.2973
55.96 32.72 98.5095 47.4 58.899 45.54 162.32 113.37 364.56 6.9108 75.09 54.75 19.68
54.47 32.43 95.4015 47.11 57.9915 45.42 160.58 112.14 350.35 6.8483 73.24 54.57 19.656
54.56 31.93 97.0525 47.46 58.3555 46.1 160.3 113.21 367.65 6.7755 74.72 55.07 18.9973
54.5925 31.21 96.321 47.28 58.7135 46.15 163.06 111.7 366.96 6.7995 74.06 55.43 19.9347
55.0075 31.18 97.215 47.73 59.5785 47.2 166.02 113.57 365.36 6.657 74.6 56.43 19.8887
54.415 31.02 95.7505 48.56 58.606 46.66 162.93 114.26 361.19 6.5862 73.7 57.45 19.94
55.1975 32.61 96.718 48.44 58.978 46.91 165.41 114.67 369.61 6.6425 73.58 56.69 19.9787
55.5475 32.57 98.7275 48.47 59.6945 45.91 164.91 114.45 369.43 6.7103 72.74 56.9 20.066
55.105 32.19 98.7425 48.41 59.703 45.7 166.95 113.98 377.88 6.673 71.76 57.27 20.6387
56.2375 32.59 100.649 48.33 60.368 45.88 168.84 114.41 380.71 6.685 71.71 57.34 20.5013
56.435 30.89 100.15 48.65 60.354 47.29 164.46 114.37 374.13 7.0255 72.03 56.84 17.6513
56.815 31.42 100.218 48.87 60.4265 46.45 162.44 115.61 381.43 7.234 72.6 55.58 20.7133
57.32 29.02 98.5655 49.01 60.382 48.1 159.33 115.15 377.14 7.162 73.35 55.59 20.068
58.0175 28.43 97.638 49.14 60.5765 48.76 162.43 115.17 377.05 7.1683 72.64 55.47 19.6533
56.9975 27.78 95.471 48.38 58.8535 48.13 158.85 112.79 363.65 6.9823 72.38 55.89 18.7887
56.0725 27.35 94.4825 48.13 58.3915 47.03 157.33 112.13 351.35 6.7465 71.21 55.76 17.4633
55.9425 26.46 93.221 47.52 57.796 47.03 157.25 110.85 349.1 6.6442 70.93 56.54 16.704
56.7175 27.24 93.516 47.49 57.2585 46.55 157.9 112.26 355.71 6.6385 70.13 57.71 17.52
54.09 25.0 87.7625 45.63 54.608 44.8 151.38 106.16 325.89 6.1423 66.73 56.01 17.1253
53.6125 25.3 85.968 44.12 54.537 44.23 153.35 105.91 321.1 5.8783 64.29 54.86 16.8153
55.5275 26.34 89.4305 45.71 56.027 44.88 153.74 109.57 339.56 6.1635 64.29 56.45 17.252
54.34 26.26 88.0475 44.67 55.122 44.53 153.52 107.6 333.13 5.8845 64.17 56.75 17.306
55.5375 28.18 90.998 45.82 56.654 45.94 158.78 111.0 346.4 6.1458 66.12 57.81 18.4393
55.2975 27.3 91.5865 45.94 56.3795 45.89 159.42 110.71 364.7 6.0765 66.1 59.1 18.1187
54.005 26.62 88.536 45.46 54.8955 44.97 154.92 108.5 346.71 5.9883 65.15 58.64 17.594
54.8275 23.66 88.2015 45.34 55.259 44.0 154.05 108.66 332.67 5.7293 65.36 58.66 17.3333
55.1625 25.03 89.465 45.76 55.5685 45.01 154.78 109.63 329.54 5.7805 66.12 58.9 17.3967
55.6825 25.09 88.435 45.42 55.7455 44.5 154.39 108.1 333.16 5.5265 66.38 58.81 19.6093
53.7725 22.79 83.21 44.07 52.856 42.42 146.04 102.32 301.83 4.9853 62.62 58.06 19.2333
54.95 19.27 89.1085 45.47 55.1795 44.31 150.95 108.3 312.87 5.196 63.2 58.96 20.9907
54.075 17.63 82.1405 44.25 54.1875 45.69 145.37 106.96 299.83 4.9573 62.48 58.07 22.06
53.06 16.85 76.944 43.84 51.7365 45.4 142.09 103.85 284.84 4.6405 62.17 58.37 22.3233
53.325 17.2 76.521 44.58 52.4755 47.76 146.22 103.73 285.81 5.075 63.18 58.59 21.9933
54.715 18.21 79.9005 45.75 54.529 46.88 151.79 106.81 301.78 5.2708 62.89 58.27 22.488
55.555 20.22 83.2765 45.65 54.299 48.22 151.75 105.92 317.38 5.4528 63.71 58.63 22.952
51.87 20.23 83.2765 45.48 53.5745 47.11 150.35 106.16 309.1 5.373 63.33 64.32 23.094
50.3975 19.9 81.39 46.14 52.7865 47.97 148.68 107.51 315.44 5.2943 63.47 64.48 22.76
50.9425 20.68 82.1405 46.5 53.4785 47.25 149.94 107.72 310.84 5.2765 63.63 66.01 22.7373
52.4875 21.84 87.7745 47.9 55.412 48.72 151.53 111.96 327.5 5.3448 63.21 68.16 23.2107
52.1225 21.2 87.7455 48.44 54.7315 48.99 147.87 111.75 317.92 5.1498 58.05 68.72 23.4267
51.1175 21.03 85.6215 47.11 53.851 48.11 144.96 109.57 303.47 5.1418 56.72 68.6 23.3673
48.5425 19.03 81.8425 45.62 52.468 46.65 141.55 106.87 294.07 4.7385 54.49 67.91 22.0853
48.0575 19.61 81.5585 45.12 52.3985 47.39 142.16 106.94 294.4 4.9828 54.16 67.41 22.582
46.7 20.81 79.9505 44.33 52.729 47.09 144.22 104.97 286.73 4.9298 53.94 67.04 22.9333
47.8525 21.49 80.972 46.77 53.5525 48.11 143.85 107.28 290.06 5.0598 55.39 67.62 23.2293
48.3825 20.66 79.6705 46.35 53.4135 48.83 139.53 108.29 286.21 4.1108 55.88 68.16 23.6207
46.465 19.11 75.6145 45.75 51.371 48.0 131.55 104.62 270.6 3.6175 54.9 67.91 23.5647
44.245 19.21 74.773 44.49 51.5225 47.39 132.43 101.71 266.98 3.727 54.92 67.18 23.166
44.195 18.73 75.8365 44.89 52.1715 47.03 134.82 103.11 262.13 3.6178 55.27 66.77 22.546
43.0725 19.38 75.103 44.54 51.505 46.54 131.73 103.07 258.82 3.625 55.25 65.7 21.722
43.655 20.08 79.0665 45.57 52.797 47.45 136.38 106.47 261.43 3.8263 55.73 65.69 23.0667
43.56 21.05 79.071 46.12 52.614 48.07 135.0 107.14 266.63 3.8432 55.57 66.08 22.928
45.235 21.34 83.8875 47.29 54.5895 48.86 136.76 111.12 282.65 4.0018 56.65 66.82 23.1913
44.8875 21.43 83.6785 47.34 54.729 47.7 138.68 110.19 288.75 3.934 58.11 66.88 22.7447
44.645 21.3 84.5085 47.87 55.4825 49.31 140.61 110.89 286.13 4.0858 58.26 66.72 23.3653
46.205 23.71 88.618 48.74 55.818 50.13 141.09 112.09 290.3 4.251 59.14 67.5 23.8993
44.1725 21.12 83.42 47.35 53.1235 47.75 137.93 108.52 275.33 3.9278 57.73 66.65 23.98
43.68 21.3 84.9595 48.39 53.904 48.37 139.63 109.19 282.88 3.9573 57.11 66.55 24.204
42.1225 19.46 81.4565 46.44 52.329 46.24 137.42 104.82 265.14 3.6903 55.99 65.47 23.8643
42.4 19.99 82.0515 46.86 52.659 47.21 141.85 107.59 269.7 3.7965 57.24 65.49 24.3433
42.1575 19.98 82.162 47.09 53.0825 47.38 142.08 108.59 265.32 3.7048 57.35 65.92 24.4507
42.275 20.48 83.177 47.42 53.6865 47.83 144.5 109.08 274.88 3.7225 57.72 66.13 24.44
42.7375 19.86 82.919 47.47 53.677 48.29 145.01 109.45 276.02 3.7222 58.09 66.91 25.1193
41.37 19.9 79.5955 45.82 52.5855 47.86 144.06 106.03 266.84 3.6612 57.62 65.34 24.3807
40.985 18.83 76.0455 44.2 51.2825 47.08 140.19 102.89 262.8 3.5895 57.0 64.47 23.228
41.5175 19.5 77.574 44.06 52.1705 47.74 143.66 103.97 270.94 3.6735 57.78 64.92 22.4687
40.2225 18.16 74.754 43.14 51.773 45.57 133.24 103.69 266.77 3.4627 56.69 64.06 22.198
39.2075 17.94 73.0415 42.49 51.179 45.54 133.4 101.51 260.58 3.3775 56.37 62.15 21.0253
37.6825 16.93 68.8725 41.85 49.5625 44.84 124.95 98.23 246.39 3.2393 54.85 61.39 21.318
36.7075 16.65 67.198 40.28 49.2335 43.59 124.06 94.13 233.88 3.177 53.65 60.56 19.6927
39.2925 17.9 73.545 42.47 52.3925 46.19 134.18 100.56 253.67 3.3275 55.96 63.08 21.7393
39.0375 17.49 73.082 42.91 52.645 46.36 134.52 101.18 255.565 3.2792 56.09 63.2 21.0753
39.0575 17.82 73.901 42.77 52.334 46.75 133.2 100.39 256.08 3.3413 56.81 63.39 22.258
39.435 18.46 75.0985 43.33 52.248 46.93 131.09 101.57 267.66 3.3375 56.91 64.4 22.1867
39.48 18.83 76.9565 42.95 52.734 47.08 135.68 101.12 267.66 3.4055 57.4 64.32 20.6747
35.5475 17.05 75.014 41.07 51.2735 44.49 131.74 97.4 271.2 3.1997 55.7 61.53 20.024
37.065 19.0 78.7695 42.92 53.9035 47.22 137.95 101.93 297.57 3.4047 56.6 63.57 21.1793
36.9825 20.57 81.4755 43.21 53.796 47.44 138.05 102.06 315.34 3.585 56.44 63.57 22.3307
37.6875 20.75 82.829 43.56 54.2685 47.74 142.53 102.8 320.27 3.4958 55.95 63.62 22.3567
38.3275 20.19 82.971 43.32 54.0825 48.01 144.23 104.27 319.96 3.5645 56.61 63.88 22.5687
38.45 19.74 82.811 43.24 53.9415 48.56 144.2 103.6 324.66 3.6307 56.8 64.19 22.998
38.0725 20.27 82.028 43.49 53.2235 48.93 143.8 102.8 337.59 3.7208 57.5 63.73 23.1507
37.5 20.23 80.8605 43.21 52.5755 48.35 145.39 102.05 332.94 3.761 57.3 63.37 22.2933
38.2675 20.38 83.728 44.02 54.3255 48.6 148.95 105.01 354.64 3.7468 55.73 64.08 22.962
38.735 19.73 84.189 43.96 54.4755 48.13 147.54 105.38 351.39 3.721 55.27 63.77 23.07
38.965 20.25 84.661 44.21 54.956 48.47 148.3 106.12 353.19 3.793 54.77 64.28 23.154
39.205 20.77 84.81 45.03 55.365 49.19 150.04 107.71 339.1 3.9233 55.27 64.7 20.1507
38.325 19.76 81.6085 44.78 53.9315 48.27 147.57 105.68 325.16 3.7193 54.29 65.39 19.928
38.48 19.8 82.001 45.46 54.2205 47.94 144.3 106.71 321.99 3.7323 51.77 66.43 19.1727
38.175 20.85 82.7465 45.61 54.2 49.76 145.83 106.2 326.67 3.946 50.81 64.74 19.434
39.44 21.93 83.5285 46.13 55.0755 47.04 149.01 107.17 338.05 4.0038 51.3 67.09 19.8027
39.075 20.18 81.8945 45.75 53.993 46.71 147.47 105.08 335.66 3.4503 50.64 66.9 19.7587
38.67 19.25 79.694 45.96 53.503 46.54 144.19 102.94 328.9 3.29 49.4 67.04 19.8307
41.3125 23.09 83.5215 46.71 54.8995 47.54 150.42 106.38 340.66 3.4347 50.17 68.15 20.5847
41.61 24.41 85.9365 47.29 56.2945 47.12 166.69 104.43 339.5 3.5938 49.52 68.14 20.468
41.63 24.51 81.3115 47.34 55.931 48.73 165.71 102.78 339.85 3.6182 49.61 68.11 20.814
42.8125 24.13 81.6655 47.35 57.071 49.22 169.25 105.74 351.34 3.7295 49.69 67.58 20.8593
43.545 23.31 82.9405 47.26 57.5935 50.01 171.16 107.22 355.81 3.7487 50.73 69.34 21.4233
43.56 23.26 82.013 47.48 56.1445 49.9 170.49 106.03 352.19 3.825 51.1 68.85 21.148
42.735 22.67 80.7185 46.7 55.2955 49.23 166.38 105.27 344.71 3.6855 50.55 69.14 20.5007
42.6025 23.05 79.411 47.19 55.119 48.84 167.33 105.67 347.57 3.7043 50.29 69.75 20.3867
42.3575 22.96 79.55 47.58 55.106 48.77 165.79 105.25 345.73 3.6612 50.83 69.99 20.856
42.7225 22.82 81.9005 47.89 56.379 50.01 165.04 106.89 359.97 3.7792 51.66 69.75 20.7873
42.545 22.85 82.0 47.5 56.4315 50.47 164.07 106.81 351.77 3.822 51.59 70.51 20.5447
42.7 23.13 81.1325 48.4 56.46 50.81 163.95 106.9 359.07 3.8633 51.57 70.84 20.2513
42.605 23.68 80.3975 49.43 55.9815 51.66 162.5 108.22 356.87 3.9335 51.98 70.71 20.5253
42.7325 23.95 81.379 49.65 56.3255 51.4 162.29 108.17 361.92 3.916 52.01 70.2 20.376
43.0075 23.95 81.105 49.63 56.0295 51.39 162.56 107.15 359.91 3.9638 52.45 70.39 20.1707
42.765 23.92 80.972 49.41 55.2105 51.41 160.04 109.41 356.97 3.8943 52.35 70.7 19.4153
43.2425 24.36 81.578 50.11 55.828 52.49 161.89 110.97 363.02 3.9798 53.12 71.3 19.6473
43.5575 24.71 81.65 50.79 55.8665 53.1 164.62 111.59 363.91 3.9672 52.99 71.05 19.918
43.5825 24.21 81.82 51.18 56.1005 53.23 164.13 112.36 364.97 3.9275 53.03 71.14 19.8573
43.7175 23.48 82.0545 51.59 56.1445 53.24 162.81 112.17 362.87 3.8853 53.04 70.15 20.9827
43.2875 23.53 81.9915 51.77 56.3275 52.96 161.45 112.03 358.1 3.8565 53.39 70.26 21.3253
43.7425 23.68 83.5865 51.41 57.426 53.3 162.28 112.53 357.32 3.9112 54.2 70.85 19.6527
43.9625 23.37 84.8085 51.16 57.671 53.94 167.37 112.26 351.04 3.9195 53.78 70.95 19.024
43.8825 23.5 84.6215 51.3 58.4595 53.68 171.26 111.7 354.3 3.913 53.94 71.58 18.436
43.63 22.41 83.4475 51.67 58.247 52.95 172.51 111.75 359.61 3.8013 54.8 71.27 18.416
43.125 22.08 81.2975 51.29 57.5425 52.6 169.13 110.39 352.6 3.7315 54.03 70.61 18.4393
43.2275 22.01 81.04 51.07 57.4985 52.48 169.6 110.51 349.6 3.766 53.53 69.36 18.9427
44.725 22.96 83.531 51.92 58.963 53.35 172.07 112.83 358.86 4.0285 54.35 69.68 19.3947
45.2275 23.49 83.655 52.15 59.8625 53.57 171.92 113.62 356.27 4.063 54.84 70.05 18.8907
45.4275 23.38 84.5405 52.59 59.953 54.37 173.37 114.5 361.21 4.2155 55.39 70.1 19.264
45.9325 22.82 84.311 52.74 59.6265 53.44 170.17 114.59 358.82 4.139 55.4 70.74 19.3307
46.53 23.29 85.618 53.2 59.515 54.33 165.98 115.91 361.46 4.2453 56.6 70.67 18.362
47.005 23.25 87.1075 53.51 59.4275 54.1 160.47 117.57 363.44 4.2237 56.83 70.84 17.966
46.6325 26.0 88.0925 53.31 60.123 54.17 161.57 117.65 358.78 4.3928 56.97 71.38 17.8313
47.04 25.7 89.8635 53.26 61.3215 53.82 165.44 117.52 375.22 4.36 57.16 71.63 18.24
48.7725 27.89 90.963 53.94 61.8065 54.64 166.08 120.22 377.87 4.5985 57.77 72.26 18.268
47.7625 26.37 88.2385 52.74 60.3825 53.26 164.34 117.05 361.01 4.4375 56.82 71.96 17.6353
47.185 25.97 88.713 52.73 59.869 52.78 166.29 117.66 366.23 4.3445 56.64 72.3 17.3613
46.6975 25.69 89.188 53.23 59.492 53.44 167.68 117.91 359.97 4.4218 58.0 72.96 17.8513
47.1175 24.89 88.285 53.14 58.9005 53.16 165.87 116.77 353.37 4.4125 56.91 72.74 18.322
47.18 25.06 88.671 53.36 58.6135 53.11 165.55 116.93 354.61 4.4313 56.55 73.96 18.5747
47.4875 25.52 89.0375 53.99 58.8445 53.7 166.69 117.94 356.56 4.489 57.03 74.34 18.6573
47.81 26.36 90.7095 54.98 59.949 54.51 168.7 119.02 366.96 4.557 57.81 73.96 19.2787
48.505 26.75 90.699 55.29 60.277 54.36 174.2 119.19 367.72 4.575 58.09 74.27 19.0587
48.8375 29.02 91.035 55.63 60.5405 55.48 173.54 119.97 369.75 4.7155 57.68 74.33 19.454
48.9225 29.09 90.943 55.14 60.9725 55.92 176.02 119.36 367.88 4.7065 57.86 74.35 17.852
49.25 28.98 91.864 55.21 60.5725 55.6 175.72 119.89 365.49 4.7737 57.99 75.03 18.3307
50.025 28.53 92.493 55.49 60.414 55.68 174.93 119.93 361.41 4.7947 57.76 75.2 18.2133
49.875 27.24 91.792 55.18 60.1345 55.32 177.58 119.28 364.71 4.7315 57.44 75.12 18.154
50.155 27.83 92.3665 55.82 60.3225 55.75 177.82 120.19 363.92 4.8025 56.33 75.48 18.404
49.7375 27.79 92.2035 55.6 60.4795 55.8 177.51 120.33 367.65 4.7885 55.9 75.87 17.8947
49.7175 27.85 92.153 56.29 61.1365 56.42 179.1 120.95 351.14 4.7503 56.95 76.65 17.8467
49.8075 27.33 92.2435 56.56 61.3265 56.28 179.65 121.05 348.87 4.6175 57.18 76.16 17.7587
49.8125 27.93 93.152 56.95 61.5955 56.71 178.87 120.77 359.46 4.7053 70.45 75.7 18.224
50.7825 27.49 93.241 56.31 62.007 58.56 178.78 121.77 354.74 4.6822 79.08 75.12 18.082
50.965 27.68 93.0845 56.4 62.0735 58.49 178.28 123.37 360.35 4.6575 79.89 76.06 18.2173
51.1325 28.18 94.3655 56.34 62.688 58.82 181.44 123.76 377.34 4.7118 81.97 75.4 17.5167
51.87 27.97 96.1885 56.69 63.5295 58.78 183.78 125.44 381.89 4.7668 86.72 75.99 17.5933
51.79 28.46 95.0875 56.88 63.0025 58.72 182.58 125.01 374.23 4.7793 86.83 76.39 17.244
51.32 27.66 95.1125 56.33 63.367 57.61 193.26 129.15 368.33 4.6727 85.07 77.11 16.5087
51.075 27.88 97.5315 55.88 63.871 52.43 191.49 129.89 374.85 4.4523 86.64 77.45 15.676
51.1525 27.69 96.9215 56.13 64.81 51.11 194.78 129.77 371.83 4.4833 87.25 76.91 16.098
50.1675 27.63 96.326 55.95 59.948 51.04 193.4 130.6 370.54 4.525 86.13 77.68 15.9127
52.63 26.81 95.576 55.58 58.666 50.76 193.03 127.88 378.81 4.5118 86.37 77.52 15.6007
52.2875 28.29 95.041 54.94 58.3255 50.55 192.53 126.21 379.06 4.5797 87.14 77.47 16.2733
52.9375 28.22 98.123 54.94 59.4775 51.75 195.47 128.9 385.03 4.5752 89.29 78.05 17.002
52.12 27.42 97.5275 54.59 59.673 51.22 193.88 128.15 378.67 4.4962 88.25 78.06 17.0227
50.715 26.66 96.05 53.45 58.943 50.48 189.77 125.52 370.46 4.3278 85.2 77.96 16.4707
50.725 27.09 95.8885 53.47 58.539 49.24 189.54 125.51 364.37 4.348 84.54 78.05 16.3227
50.18 27.21 94.9935 52.92 58.3985 46.62 188.65 125.5 362.75 4.2548 83.78 77.9 16.132
49.295 27.96 94.499 53.36 58.382 46.2 188.34 127.13 361.04 4.2205 85.84 78.42 15.968
46.43 26.24 91.134 51.3 56.8295 44.76 181.54 123.35 345.26 3.9612 83.89 76.68 15.134
47.165 27.32 92.006 52.02 56.243 45.17 180.73 124.73 345.61 4.051 86.13 77.06 15.4873
47.73 27.58 93.5575 52.44 58.54 45.62 186.27 126.02 354.99 3.9895 86.26 77.76 15.4633
47.52 28.01 95.3785 55.93 59.225 45.53 186.99 128.93 359.31 4.0048 82.81 78.9 15.222
47.25 27.5 93.45 56.35 58.439 44.89 185.3 128.07 354.45 3.9133 81.5 78.91 14.0687
45.7725 26.68 92.9485 56.01 57.233 43.56 182.72 126.22 348.11 3.7938 76.62 76.66 13.6907
46.65 27.35 92.876 56.52 57.722 44.46 184.82 126.9 354.27 3.8765 77.75 77.53 13.672
45.695 27.41 92.984 55.69 57.7925 44.0 185.32 127.67 359.73 3.805 69.31 77.25 12.8487
44.915 26.36 90.774 54.19 57.267 44.53 180.87 126.18 352.21 3.683 68.255 76.41 13.0327
44.7425 26.44 91.164 54.37 56.9305 44.57 181.06 126.24 354.39 3.6288 66.21 76.15 12.7087
44.5575 29.03 91.8215 53.93 56.978 43.57 184.31 126.16 354.78 3.5833 65.37 75.7 12.58
44.345 28.09 90.9595 53.18 55.997 44.23 182.19 124.94 349.19 3.5085 65.76 75.28 12.6573
44.575 28.03 90.816 53.57 56.0705 44.73 183.01 125.73 351.85 3.4778 66.59 76.17 12.548
43.7675 27.41 88.7535 52.03 55.325 44.04 177.47 123.68 343.28 3.3865 66.82 76.06 12.344
43.325 27.58 84.6345 51.78 51.937 43.46 164.15 119.84 336.63 3.3445 66.66 76.22 11.9313
44.91 29.57 86.478 53.23 52.7245 44.79 167.5 123.16 353.4 3.575 68.45 78.52 12.9067
45.635 29.5 86.925 54.75 52.232 44.55 168.17 125.83 355.73 3.532 67.02 79.96 13.106
46.305 31.82 87.718 55.1 52.388 45.1 168.33 127.82 357.13 3.5945 67.59 81.4 13.73
47.5375 32.41 90.2015 55.93 53.4185 46.03 173.35 131.4 360.87 3.6375 68.69 82.48 13.6333
48.145 33.23 93.0315 56.42 54.138 46.8 174.82 132.6 352.01 3.7108 70.54 81.93 14.192
48.7025 32.41 93.185 57.11 54.052 46.85 178.1 132.1 351.27 3.7688 71.24 82.37 14.4733
48.5475 32.18 92.766 55.86 53.955 46.32 175.04 131.49 345.56 3.655 69.59 82.93 13.9507
48.5375 31.39 93.515 56.17 54.5505 46.7 177.47 132.32 343.43 3.7065 69.93 83.35 14.2607
48.185 30.36 93.4835 54.75 54.315 46.19 181.33 132.45 339.73 3.616 68.72 84.24 14.328
48.4725 29.2 94.3015 55.4 54.6945 46.13 189.01 132.85 350.62 3.6258 69.11 83.02 15.002
49.6125 30.45 95.0685 56.05 55.262 47.37 188.47 135.16 357.12 3.822 71.96 82.92 14.9827
49.4675 30.5 95.4395 56.13 55.2255 47.07 187.48 135.69 363.52 3.828 71.8 83.81 15.0953
49.865 30.01 95.9095 57.41 55.66 47.19 189.53 136.95 365.21 3.8525 72.74 84.69 14.6413
49.695 29.1 95.565 57.03 56.2685 47.46 191.14 136.97 369.21 3.794 72.72 83.82 14.7907
49.645 29.26 95.695 57.18 55.835 47.63 192.6 137.78 371.04 3.8165 73.16 83.65 14.9093
48.8925 28.86 93.9135 56.08 54.379 46.85 188.84 133.43 360.3 3.787 72.55 84.25 14.6507
49.95 29.92 94.8915 56.6 54.016 48.19 187.66 133.93 362.2 3.9815 74.95 83.38 14.618
49.935 30.74 95.214 55.73 53.8315 47.46 189.5 134.15 370.02 4.0808 75.43 83.56 14.856
49.48 30.37 94.6815 54.73 54.14 47.87 193.0 133.96 367.32 4.1057 76.07 83.83 14.8973
50.3875 31.2 96.1095 54.74 55.0 48.05 193.0 135.68 374.6 4.1543 77.52 84.55 15.1447
50.6825 31.24 96.7155 55.81 55.63 48.12 195.0 136.58 375.43 4.0557 77.01 85.51 14.97
51.1025 31.19 96.95 56.48 56.1495 48.52 197.2 137.46 381.72 4.0688 76.63 87.79 15.66
51.0575 31.5 97.1455 56.6 56.6333 48.08 196.4 137.06 380.55 4.0057 76.66 87.79 15.54
50.005 32.04 97.616 56.19 55.8395 47.82 195.76 136.96 376.16 3.9303 76.63 87.44 15.356
50.31 33.15 99.415 56.34 56.2145 47.75 199.21 136.46 379.93 3.9328 76.55 87.23 15.3373
50.8075 33.79 100.8705 57.13 57.0455 48.21 202.73 137.85 381.0 4.0015 74.36 88.38 15.928
50.4375 33.06 100.0535 57.3 57.204 48.6 201.23 138.4 379.5 4.157 73.71 89.07 15.9067
50.825 33.21 100.55 57.95 57.267 49.92 204.87 138.9 373.25 4.1903 74.9 89.77 16.3387
51.3025 34.39 101.0495 58.05 57.5255 50.12 203.91 138.9 366.6 4.1818 75.43 90.16 16.9
51.125 33.85 100.495 57.62 57.673 49.17 203.84 137.08 365.99 4.177 75.67 90.08 16.8253
50.8375 33.6 99.6015 57.21 57.337 49.39 201.8 136.27 362.44 4.2428 75.76 90.25 16.9907
51.415 33.0 98.895 57.74 57.362 49.94 200.78 136.42 325.21 4.2545 74.37 91.5 16.9027
50.6475 32.51 98.226 57.36 56.5775 50.27 198.36 136.62 315.1 4.211 75.0 90.3 17.212
51.805 32.85 99.2815 57.73 56.9605 51.35 202.32 138.43 310.62 4.283 75.95 90.92 17.0453
52.21 33.49 99.7245 57.71 57.4025 51.75 202.36 139.29 307.3 4.3915 74.12 90.11 17.3447
52.1675 34.11 100.0405 57.23 56.9865 52.92 204.66 140.72 317.94 4.4665 75.87 90.65 17.6587
51.755 33.67 98.691 56.62 56.797 52.16 200.71 140.19 326.46 4.3345 75.35 90.98 15.2547
51.935 34.02 97.1525 56.53 62.261 51.59 199.75 141.34 335.78 4.3768 75.22 99.11 15.2027
52.42 33.48 95.6225 56.93 62.092 52.51 195.94 141.03 332.7 4.3705 74.97 98.02 15.718
52.195 33.87 94.9265 56.47 61.4 51.7 197.04 140.35 325.93 4.3862 74.81 96.65 16.1507
53.26 30.45 93.339 55.4 60.91 50.55 194.23 136.27 322.99 4.218 73.16 94.69 16.1073
52.1075 29.86 92.766 55.39 60.589 49.5 192.73 138.06 319.5 4.123 71.2 95.38 15.59
51.005 29.44 91.162 53.25 59.816 48.68 189.02 136.9 318.83 4.0297 71.15 95.51 15.6227
48.335 27.99 88.2565 51.37 57.7375 46.97 181.73 132.21 307.63 3.7698 68.8 93.7 15.2213
49.25 28.86 89.3915 52.6 58.554 46.96 184.51 134.69 310.1 3.8087 68.17 95.34 15.3833
49.76 29.19 89.67 52.34 58.7955 46.73 185.15 135.28 304.29 3.8472 69.4 95.22 15.5613
50.8575 33.92 91.6445 53.16 60.3095 47.17 190.16 138.89 315.9 3.9565 71.26 96.27 15.8867
50.2475 34.19 90.379 52.43 59.445 45.98 187.85 137.71 308.93 3.8545 71.5 96.3 15.6673
50.12 32.43 89.246 51.54 58.725 45.6 185.37 135.79 310.83 3.7862 69.8 94.91 15.2673
52.2425 32.11 91.217 52.72 59.8365 46.84 188.45 138.6 312.28 3.9013 72.18 96.63 15.6667
50.6875 30.24 88.148 50.61 58.2125 45.87 179.71 133.98 299.11 3.7517 70.88 94.92 14.6413
50.435 29.67 88.806 46.25 58.466 45.7 182.59 133.68 295.76 3.7193 71.16 95.53 14.376
51.625 31.18 89.6285 46.96 58.9605 46.5 183.7 136.13 302.8 3.989 73.28 96.52 14.6627
52.5875 31.48 90.806 48.5 60.022 47.23 186.17 138.41 309.38 4.2695 74.87 96.66 15.122
52.59 30.72 90.069 47.93 59.1765 46.6 183.81 137.26 298.99 4.1968 76.07 95.63 15.0573
53.16 31.7 91.177 48.77 59.579 47.15 183.55 138.79 297.81 4.2808 76.7 96.32 14.722
53.115 31.9 90.28 48.18 59.576 46.78 182.04 137.78 296.93 4.287 77.15 96.49 14.81
50.66 29.54 87.481 46.61 57.679 44.96 177.75 133.39 291.44 4.061 73.52 94.7 14.0933
51.6225 30.28 88.4435 47.1 58.559 45.56 180.36 135.45 294.98 4.1362 72.91 96.5 14.3333
51.04 30.2 88.0915 46.79 58.541 45.79 181.3 135.74 291.03 4.045 73.97 96.09 14.272
51.3825 30.78 88.2125 46.87 58.6875 45.79 181.76 135.56 291.77 4.0305 74.35 97.07 14.3727
52.2525 31.45 89.32 47.27 59.712 46.87 185.57 138.12 296.78 4.175 76.45 97.7 14.7807
52.185 31.45 88.8145 46.81 59.5265 47.41 185.67 137.86 293.75 4.1878 77.77 96.56 15.0407
51.425 30.9 89.492 46.5 58.4775 46.98 182.39 136.04 289.29 4.1042 75.12 96.77 15.0007
52.2975 30.95 90.031 47.32 59.1135 48.92 187.14 137.63 291.52 4.219 77.09 96.11 14.712
53.32 31.5 92.036 48.42 60.6095 50.1 190.9 140.05 293.25 4.4935 78.99 95.56 15.3053
53.315 30.56 91.6755 48.84 60.316 50.92 187.49 139.1 290.17 4.4663 78.84 95.74 15.1633
53.5425 30.5 91.5675 48.58 60.2635 51.59 188.76 137.52 294.34 4.5125 78.21 94.16 15.4527
54.175 30.23 91.0275 49.21 60.285 51.82 186.17 136.08 287.99 4.5795 78.71 90.35 15.7027
55.8975 29.76 91.1495 50.03 61.0 52.79 188.49 136.12 288.27 4.6083 79.9 90.98 16.4733
55.7713 30.21 92.1775 49.93 61.7485 53.01 187.47 137.52 288.86 4.6068 79.08 92.06 16.3913
54.6875 30.69 91.967 50.03 62.0015 52.54 187.19 137.32 294.15 4.5485 78.41 90.48 16.3467
54.975 30.83 90.392 49.96 61.5815 52.2 186.22 136.33 294.29 4.5053 78.04 89.42 16.1873
55.175 30.99 91.1275 49.41 61.494 51.95 188.08 137.39 298.6 4.5267 78.69 90.75 16.3193
55.6925 30.42 90.873 49.34 61.6325 51.74 188.14 138.52 291.56 4.4995 78.9 90.96 16.2327
55.24 30.29 91.075 49.19 61.9375 51.57 190.14 141.07 286.6 4.4235 78.23 91.56 16.44
54.4325 30.05 89.708 49.6 61.492 50.72 189.93 139.44 270.75 4.3173 76.44 90.07 16.0413
54.68 30.64 89.265 49.42 61.7345 50.9 186.82 139.14 265.92 4.371 77.24 90.81 16.082
54.42 29.52 87.0805 49.12 60.9165 49.82 181.28 137.38 254.59 4.3133 75.23 89.92 14.8807
55.2575 29.54 88.4165 49.605 62.297 51.02 182.8 139.36 264.75 4.4558 77.26 90.35 15.2467
54.9725 29.47 86.992 48.83 62.1145 50.92 180.11 139.54 263.31 4.4335 77.35 89.8 16.1707
54.705 28.72 86.2725 48.84 61.2975 50.78 177.1 137.73 263.08 4.294 76.63 88.37 16.142
55.9925 28.99 86.7955 49.41 61.057 51.53 178.08 139.03 267.62 4.3518 76.28 88.42 16.058
56.1475 28.76 86.7825 47.74 60.3 50.76 175.81 137.07 269.58 4.35 75.47 86.51 16.3127
54.74 28.31 85.6615 46.56 58.896 49.39 174.6 134.65 268.03 4.326 73.99 84.32 16.2087
55.205 28.68 86.221 47.06 59.4715 50.03 179.38 136.28 268.15 4.5328 75.73 84.67 15.5353
56.7525 29.01 86.9825 47.52 60.548 50.92 180.45 138.12 272.79 4.5492 77.49 85.92 15.4287
56.765 28.93 86.633 47.77 60.4125 50.62 179.68 137.12 274.46 4.6083 76.34 85.85 15.848
56.1 28.23 85.2755 46.39 59.5065 49.725 177.75 135.67 270.72 4.4307 72.85 84.91 16.0033
56.7575 28.46 86.0995 46.84 60.12 50.48 179.85 138.24 267.53 4.5178 74.35 85.85 16.302
57.5225 28.38 86.013 46.15 60.4735 51.11 180.03 139.1 280.48 4.5758 74.97 85.96 16.316
59.0525 29.75 86.596 46.56 60.7855 52.09 184.19 139.68 282.93 4.6498 76.7 86.36 16.526
58.9675 30.53 86.8215 46.05 60.8885 51.64 183.28 139.55 285.53 4.6633 76.3 86.62 17.1307
58.83 30.72 88.369 46.36 62.112 52.65 188.89 141.575 284.25 4.9093 77.82 86.45 17.1927
58.5925 30.81 88.8715 46.79 62.15 52.445 189.55 140.41 286.28 4.8553 78.23 86.71 17.3167
58.82 31.14 89.374 47.03 62.64 51.86 190.39 139.69 293.35 4.8573 78.97 86.29 17.4647
59.1025 30.97 87.8755 46.71 62.2205 51.36 185.85 137.41 275.3 4.7623 77.68 86.03 17.13
60.1275 32.03 89.283 47.39 62.214 52.13 189.76 138.43 278.05 4.9002 78.98 85.35 16.9
59.99 31.51 88.2865 47.55 62.06 52.01 182.34 136.37 266.69 4.8903 78.47 83.46 17.0387
60.795 31.36 88.1085 47.05 62.8815 51.72 186.15 137.24 271.27 4.8773 77.24 82.74 16.9787
60.895 31.72 89.039 46.41 62.9555 52.23 186.38 139.94 271.5 4.9215 78.99 83.18 19.9787
61.645 32.71 88.0665 46.9 63.215 56.46 187.89 140.73 276.82 5.1135 80.17 83.38 21.8753
62.2625 33.69 88.854 47.17 64.449 56.76 189.4 144.19 281.86 5.1698 83.05 83.6 21.8473
60.8225 33.03 88.1355 47.24 63.033 56.34 189.31 142.83 281.21 5.073 81.66 84.13 21.0813
60.815 33.13 88.9995 47.56 63.035 56.6 188.25 144.61 291.45 5.075 81.44 84.19 21.0007
62.19 33.93 88.833 47.51 62.94 56.53 191.65 143.37 287.41 5.0255 80.44 84.56 20.9947
63.955 34.89 89.572 47.03 63.6125 56.51 193.62 143.72 286.81 5.0648 83.58 83.21 20.8873
64.375 36.29 90.233 47.48 64.4805 57.61 194.72 144.55 292.86 5.2625 85.09 82.37 21.1647
64.2825 36.15 90.0855 47.76 64.572 57.55 194.32 144.46 288.03 5.2403 85.46 81.89 21.148
64.31 35.93 89.7885 48.27 64.5505 57.6 191.55 144.06 288.59 5.1908 84.63 82.99 21.772
64.8575 36.28 89.41 48.42 65.347 58.05 190.42 144.26 289.57 5.2085 89.98 81.95 22.3693
65.035 36.29 89.294 48.83 65.45 58.27 190.84 145.96 291.57 5.1945 94.03 81.77 22.476
65.55 36.31 88.5825 48.1 64.914 58.35 189.61 146.11 294.18 5.2045 91.84 82.43 23.006
65.49 36.71 88.9 48.37 64.8605 58.2 194.47 147.07 292.01 5.2403 90.97 83.32 23.3287
66.1175 37.52 87.6555 48.46 64.809 57.89 193.19 147.31 283.11 5.2142 90.47 83.94 23.074
65.66 38.35 87.73 44.91 65.4575 57.81 193.15 148.06 289.62 5.2447 90.48 84.38 23.29
66.44 38.56 86.9745 45.09 66.677 57.96 195.1 149.97 295.03 5.1048 90.81 84.21 23.478
66.775 39.88 87.6265 45.15 65.992 58.25 197.4 150.34 302.57 5.307 90.48 84.02 23.3327
66.5725 41.29 87.6395 45.47 65.6295 58.35 199.32 150.39 302.6 5.1998 87.96 83.66 23.968
65.7975 40.98 87.2765 45.08 65.093 57.9 197.51 149.62 305.16 5.2795 85.62 83.6 23.4813
65.5025 39.52 86.7355 44.84 65.007 58.22 197.93 149.48 311.69 5.2545 85.11 82.3 23.6553
65.445 39.15 87.286 44.85 64.6835 57.61 198.82 149.59 310.48 5.2722 84.89 83.02 22.2027
66.5925 39.79 88.692 45.45 65.282 58.81 199.79 151.23 315.55 5.5303 85.29 83.75 22.4227
66.0725 38.99 89.847 45.31 65.65 58.9 198.97 152.03 312.49 5.425 84.63 84.56 21.928
66.96 39.41 90.9255 45.24 65.6065 58.51 202.0 152.32 315.93 5.456 84.8 85.77 22.086
66.8125 39.15 90.04 45.31 65.2045 58.05 201.64 151.38 314.66 5.4185 83.55 85.43 21.996
66.04 38.73 89.08 44.7 64.443 57.66 199.7 149.55 309.99 5.2313 82.45 84.57 22.3247
64.8625 38.9 88.498 44.28 64.737 56.07 198.82 149.31 306.16 5.1915 80.58 84.82 22.4133
65.435 39.69 88.0345 43.89 65.947 56.02 198.71 149.85 304.32 5.2355 82.08 85.4 22.202
66.395 39.62 87.024 43.52 66.348 56.08 199.36 149.93 302.86 5.2185 82.585 84.45 22.0247
67.6775 39.63 87.58 43.84 66.9695 56.81 201.05 151.75 307.35 5.3042 83.82 86.32 22.3927
66.73 38.93 87.4755 43.9 67.1495 56.53 201.34 151.36 302.5 5.3042 84.92 86.28 22.6353
67.12 39.44 86.9605 44.1 67.1445 56.59 200.87 151.13 293.12 5.3495 84.115 86.04 23.256
67.6925 39.47 87.436 44.28 67.2125 57.07 202.26 151.7 298.93 5.4335 86.99 86.59 23.5133
67.865 42.59 88.0165 45.67 67.4245 57.55 196.75 153.24 298.44 5.6018 89.05 88.21 23.9787
68.7875 41.15 88.047 45.3 67.3435 57.79 194.11 154.53 298.5 5.5998 87.83 88.67 23.8927
69.965 42.35 88.4605 45.98 68.035 57.7 197.92 155.53 304.21 5.6288 88.43 88.78 25.4333
70.1025 42.77 89.533 46.44 67.7445 57.3 198.39 154.69 315.48 5.7073 88.32 88.13 25.266
69.935 42.3 89.2015 46.64 67.5955 57.17 202.5 154.37 320.8 5.7378 87.98 87.99 26.21
70.005 42.83 89.614 47.88 67.822 57.96 206.06 155.71 332.22 5.8865 88.49 88.52 26.936
69.86 44.15 89.325 47.45 67.561 58.95 206.3 157.41 336.9 5.9843 88.85 88.46 27.0393
71.0 45.46 89.65 48.1 67.5315 59.23 206.18 157.41 333.1 5.9705 88.45 88.23 27.948
71.0675 46.54 89.4605 47.78 67.2215 59.41 205.12 157.38 333.2 5.9655 88.77 88.52 28.35
72.4775 46.63 93.4385 47.85 68.1235 59.82 207.79 158.67 332.63 5.9798 88.4 88.075 28.7293
72.45 46.18 93.49 47.77 67.732 60.08 208.1 158.96 329.09 5.9218 88.8 88.13 28.692
72.88 45.52 92.3445 47.59 66.9855 59.62 204.41 157.59 323.31 5.808 88.43 87.44 27.6467
73.4125 45.86 92.392 47.96 66.9695 59.85 205.25 157.7 323.57 5.8825 88.23 87.92 27.8887
75.0875 49.1 94.9005 48.42 68.434 60.84 209.78 160.62 329.81 5.9977 88.69 89.35 28.684
74.3575 48.6 93.7485 47.63 68.076 60.1 208.67 158.62 325.9 5.9017 87.02 88.83 29.534
74.95 48.39 95.144 47.8 69.8905 59.93 212.6 159.03 335.83 5.9265 86.51 88.13 30.1027
74.5975 48.25 95.343 47.49 69.7555 58.93 213.06 157.58 330.75 5.9983 88.97 87.86 31.2707
75.7975 47.83 94.5985 47.52 70.252 58.97 215.22 160.09 339.26 6.0095 88.71 88.88 32.8093
77.4075 48.97 95.0525 47.32 70.9895 59.3 218.3 162.09 335.66 6.0755 89.91 90.53 32.0893
77.5825 48.165 94.158 47.13 71.448 58.94 218.06 161.34 329.05 6.108 90.26 90.16 31.8767
79.24 48.745 94.565 47.97 72.0015 59.59 221.91 163.28 338.92 6.2995 90.97 91.08 34.9907
78.17 48.21 93.472 47.79 71.5295 59.43 219.06 162.13 338.69 6.182 90.56 90.99 35.8614
77.835 48.545 93.101 48.01 71.96 58.94 221.15 163.18 339.07 6.1393 89.67 91.54 34.5667
78.81 49.77 93.897 49.05 72.508 59.66 221.77 166.17 338.62 6.2233 91.79 92.58 34.2327
79.6825 50.93 93.236 49.02 73.976 59.6 222.14 167.1 339.67 6.232 95.91 93.62 34.0334
79.1425 51.05 94.6 48.8 74.1125 60.55 221.44 166.5 338.11 6.1985 94.54 92.53 36.48
79.425 51.43 94.373 49.06 74.2085 62.73 221.32 165.7 326.0 6.2513 92.97 92.53 37.9707
79.8075 51.71 94.229 49.0 74.2345 63.32 219.76 166.72 349.6 6.3215 92.0 93.75 38.1467
79.5775 50.35 93.082 48.85 73.3085 68.47 217.94 165.04 353.16 6.262 89.65 92.03 37.6547
77.2375 49.26 91.417 47.47 71.5865 65.69 214.87 162.28 342.88 6.005 87.05 88.73 37.2014
79.4225 50.53 92.6625 47.77 72.525 67.31 217.79 165.46 348.52 6.1993 89.15 88.6 37.7934
81.085 47.51 92.9 47.05 72.835 66.33 223.23 168.04 343.16 6.1385 88.23 86.72 38.7327
80.9675 48.78 93.534 47.24 72.7125 66.47 209.53 172.78 347.74 6.1453 87.78 85.84 42.7207
77.3775 47.0 100.436 45.97 71.639 63.93 201.91 170.23 345.09 5.9108 85.31 84.83 43.3714
77.165 48.02 100.21 46.53 74.13 64.42 204.19 174.38 358.0 6.0083 86.48 86.01 52.0
79.7125 49.45 102.4835 47.62 72.2705 65.46 209.83 180.12 369.01 6.1783 88.93 88.38 59.1374
80.3625 49.84 101.9935 48.45 72.3025 67.34 210.11 179.9 369.67 6.269 90.91 87.56 48.98
81.3025 49.32 102.5115 48.69 73.7985 67.09 210.85 183.63 366.95 6.3561 90.61 86.15 49.9307
80.0075 49.73 103.964 47.97 73.9555 66.02 212.33 183.89 366.77 6.2898 87.42 86.42 49.8714
80.3875 52.26 106.6955 48.87 75.433 66.39 213.06 188.7 371.07 6.5743 88.6 87.53 51.4187
79.9025 53.8 107.54 49.13 75.503 67.41 207.19 184.44 373.69 6.6973 90.0 87.51 51.6254
81.8 53.89 108.0 49.93 75.9315 67.46 210.76 184.71 380.01 6.8135 91.72 88.57 51.1527
81.2175 54.53 107.4935 47.32 75.6695 67.44 213.14 183.71 381.4 6.7695 90.03 89.925 53.6
81.2375 55.31 106.7435 46.97 75.9365 67.27 214.18 185.35 380.4 7.2448 89.6 89.28 53.3354
79.75 56.89 107.7835 46.59 75.972 66.14 217.8 187.23 387.78 7.4143 88.03 89.23 57.2267
80.905 58.9 108.511 46.29 76.2435 67.11 217.49 187.28 386.19 7.8675 90.56 90.14 61.1614
80.075 57.27 107.655 46.85 75.8495 65.45 214.58 184.42 386.0 7.7175 89.47 88.6 59.9607
78.2625 53.28 104.7985 46.295 74.173 64.34 210.18 178.59 380.07 7.3518 87.03 87.36 60.0667
74.545 49.12 100.4645 44.0 70.993 61.76 200.72 170.89 368.7 6.832 83.32 84.52 55.586
72.02 47.57 98.637 42.74 69.316 59.73 196.77 168.07 360.09 6.5513 80.22 82.19 53.3274
73.1625 47.49 98.9795 42.16 69.5235 59.65 197.2 170.17 379.24 6.6913 79.66 80.67 51.92
68.38 44.01 94.215 40.04 65.7475 55.83 189.75 158.18 371.71 6.315 75.94 78.29 45.2667
68.34 45.48 94.1875 39.93 66.9625 55.52 192.47 162.01 369.03 6.7518 78.3 78.43 44.5327
74.7025 47.46 97.6975 41.17 69.316 58.18 196.44 172.79 381.05 6.9108 80.56 82.38 49.5747
72.33 46.75 95.4495 40.04 66.886 55.97 185.89 164.51 368.77 6.6472 78.56 78.6 49.7007
75.685 50.11 98.7915 41.39 69.08 58.68 191.76 170.55 383.79 7.1128 81.8 79.67 49.9667
73.23 48.11 96.2015 39.57 65.738 56.96 185.17 166.27 372.78 6.8323 79.17 76.19 48.3027
72.2575 48.59 95.0545 39.68 64.787 55.77 181.09 161.57 368.97 6.651 77.47 75.34 46.8987
66.5425 43.27 90.0305 37.96 60.7895 50.85 169.5 150.62 346.49 6.136 72.64 70.83 40.5334
71.335 45.38 94.591 40.08 63.7585 53.98 178.19 160.92 364.13 6.527 78.89 74.87 43.022
68.8575 45.7 91.043 37.05 60.545 51.66 170.24 153.63 349.92 6.1618 74.62 68.3 42.282
62.0575 39.01 83.8305 33.2 55.5775 45.54 154.47 139.06 315.25 5.4078 67.02 62.1 37.37
69.4925 43.9 89.25 37.64 60.7135 54.43 170.28 158.83 336.295 6.021 75.81 69.92 36.4414
60.5525 38.71 84.4575 33.71 53.65 44.61 146.01 135.42 298.84 4.91 64.48 58.59 29.6713
63.215 41.88 90.392 35.5 55.903 50.08 149.42 146.57 319.75 5.4318 68.86 58.98 28.68
61.6675 39.12 91.5 37.12 54.5595 47.61 146.96 140.4 315.47 5.0705 61.19 56.33 24.0813
61.195 39.82 94.0465 37.71 55.5835 45.94 153.13 142.71 332.03 5.3243 65.0 61.41 28.5093
57.31 39.61 92.3045 35.6 53.4105 45.83 149.73 137.35 332.83 5.1438 60.91 58.03 28.502
56.0925 41.64 95.1415 34.6 52.7065 49.58 148.1 135.98 360.27 5.3173 62.53 56.55 28.9527
61.72 46.22 97.005 38.6 56.5005 52.4 160.98 148.34 357.32 6.2295 65.46 64.88 33.6667
61.38 44.63 94.292 37.67 55.081 51.26 156.21 146.92 342.39 6.1405 63.08 65.81 35.95
64.61 47.5 97.7745 40.58 58.146 55.54 163.34 156.11 362.99 6.431 68.98 69.9 35.2107
61.935 46.58 95.005 38.82 55.513 52.37 156.79 149.7 357.12 6.3182 66.59 66.34 34.2907
63.7025 47.86 98.1975 40.32 57.3155 55.49 165.95 160.23 370.96 6.6397 69.03 67.86 33.4754
63.5725 45.48 97.486 39.31 58.0975 54.12 166.8 157.71 375.5 6.59 67.65 65.74 34.9334
60.2275 43.66 95.385 38.33 55.105 51.88 159.6 152.11 364.08 6.0768 65.9 62.62 32.104
61.2325 44.49 95.9415 39.8 55.8515 54.35 158.19 155.26 370.08 6.3868 68.02 65.0 30.298
60.3525 42.59 95.3295 39.06 54.635 54.13 154.18 153.83 361.76 6.0978 65.23 63.05 32.0007
65.6175 47.52 99.8795 41.43 59.1595 58.43 165.55 165.27 379.96 6.71 70.95 67.79 34.416
64.8575 47.56 100.58 40.64 59.128 58.4 168.83 163.49 372.28 6.4757 72.73 68.71 36.3634
66.5175 48.79 102.15 41.74 60.35 58.98 174.28 165.13 371.12 6.6738 73.33 71.57 36.5894
66.9975 48.38 102.138 41.2 60.3285 57.14 175.19 165.14 370.72 6.5738 71.58 73.88 38.2
68.3125 50.94 108.4435 41.22 60.5205 58.7 174.79 165.51 396.72 6.7463 73.3 71.76 43.3967
71.7625 54.93 114.166 42.78 63.2615 60.66 178.17 173.7 413.55 7.0987 77.55 73.67 47.326
71.1075 54.99 115.384 41.52 62.865 58.87 176.97 171.88 426.75 7.021 75.99 72.55 48.6554
71.6725 56.95 120.4095 41.5 62.8715 60.79 176.25 177.04 439.17 7.3675 76.85 73.51 49.6807
70.7 56.6 118.75 42.48 63.95 60.36 179.24 178.6 422.96 7.308 76.17 77.1 50.2594
69.2325 56.97 119.6805 42.54 63.0575 59.18 178.24 175.06 437.49 7.1763 74.31 75.32 49.7574
67.0925 52.92 116.406 40.55 60.608 56.36 170.8 167.82 433.83 6.7378 71.84 72.72 45.7814
69.025 55.92 118.1745 41.76 62.9205 60.1 182.28 173.52 421.42 7.1537 74.68 77.45 48.8074
68.7575 55.9 119.9725 41.62 63.5585 59.04 185.13 171.42 426.7 7.1003 73.81 75.15 47.042
70.7425 56.18 120.511 42.52 63.83 59.26 190.07 174.55 424.99 7.2397 76.04 75.58 48.3434
70.7925 56.49 118.8 43.06 63.543 59.47 187.5 174.05 421.38 7.427 75.98 77.74 53.25
69.645 55.51 115.704 42.49 61.6295 58.75 182.91 169.81 403.83 7.284 75.29 78.69 51.2747
71.9325 53.66 118.6355 43.34 67.109 61.8 194.19 177.43 411.89 7.4615 78.97 76.86 53.3674
73.45 52.39 123.7 42.38 67.335 59.98 204.71 179.21 419.85 7.307 78.67 76.73 52.1254
72.2675 49.88 114.302 40.92 65.866 57.47 202.27 174.57 415.27 7.0695 75.64 73.79 46.7547
73.29 52.56 115.7995 41.35 66.145 57.99 205.26 178.84 428.15 7.2821 75.68 71.89 50.746
74.39 52.19 115.89 41.46 67.451 58.75 207.07 180.76 424.68 7.3435 77.63 72.9 51.214
75.1575 52.16 117.563 41.15 67.2715 59.18 208.47 182.54 434.26 7.4448 78.87 72.96 52.172
75.935 51.95 118.3805 41.37 68.464 59.17 211.26 183.6 436.53 7.6218 78.83 76.0 52.0027
77.5325 53.19 118.9805 42.99 69.217 59.67 212.35 184.68 435.55 7.8125 80.56 77.87 54.628
78.7525 55.74 120.45 43.32 70.1795 60.13 213.18 186.74 440.52 8.0655 80.48 75.87 54.086
77.8525 53.76 117.8475 43.22 68.759 58.39 210.1 182.51 431.82 7.8025 78.42 74.35 53.9607
76.9125 52.18 118.396 41.95 67.4165 57.74 205.1 179.75 438.27 7.78 78.0 73.62 52.7307
77.385 54.51 119.4425 43.85 67.843 59.08 206.81 180.53 441.95 8.0305 79.87 74.19 53.5554
76.9275 54.2 120.489 44.27 68.653 58.28 210.88 183.16 454.19 8.4908 75.77 74.16 53.278
78.74 54.59 121.313 45.06 69.259 59.92 213.19 184.91 452.58 8.7502 79.94 76.23 54.242
78.285 55.47 122.4665 44.605 68.72 60.29 216.88 183.63 451.04 8.8055 78.09 75.86 53.8674
79.8075 56.39 124.897 45.44 70.458 63.1 229.97 185.66 447.67 8.97 80.63 77.76 54.3707
79.2125 54.65 122.337 44.64 70.3375 61.98 231.39 183.43 436.25 8.7752 78.0 78.05 55.1734
79.7225 55.17 121.844 44.9 70.662 62.255 234.91 183.51 429.32 9.0263 78.7 77.62 54.4587
79.1825 53.19 121.093 44.84 71.0685 62.34 232.2 181.57 414.77 8.7178 78.02 77.76 54.5914
79.5275 52.74 120.5195 45.96 71.014 63.56 229.14 181.81 419.89 8.5252 79.29 78.6 54.682
79.5625 51.74 120.055 45.595 70.912 61.7 225.46 181.4 413.44 8.487 78.11 78.54 53.7207
79.485 53.8 122.1185 47.82 71.676 62.93 225.09 183.25 419.73 8.8755 80.88 77.99 55.6667
80.4625 53.63 123.552 46.3 71.7435 61.86 231.91 182.83 425.92 8.8063 79.73 78.32 59.8734
80.835 53.54 123.6205 46.89 72.1155 62.12 232.72 184.91 427.31 8.8253 84.63 77.78 58.7707
81.28 52.73 123.92 46.94 71.9625 61.93 230.16 185.36 421.97 8.7695 84.11 79.58 58.864
80.58 52.63 123.03 46.86 70.715 62.97 226.29 182.92 414.33 8.7665 86.04 78.74 57.6254
82.875 53.1 124.15 47.83 72.001 64.34 230.77 187.2 419.6 8.92 88.55 82.14 59.044
83.365 52.97 126.203 48.13 72.402 63.67 231.4 188.36 419.49 8.805 91.37 83.56 63.328
85.9975 56.39 130.043 48.05 72.604 63.04 238.67 189.8 434.05 9.046 89.75 82.37 62.7114
88.21 57.44 132.3725 47.42 73.235 63.87 236.73 196.84 434.48 9.3668 91.01 79.01 68.3367
83.975 52.83 127.898 43.67 70.095 59.7 224.43 186.27 425.56 8.7963 84.02 72.57 64.856
84.7 53.5 127.251 45.07 70.646 59.33 228.58 187.74 418.07 8.9325 85.24 76.38 62.352
85.7475 54.68 128.634 45.35 71.037 60.1 232.5 188.94 425.5 9.1738 86.39 76.96 66.06
88.02 54.46 130.7635 46.48 72.3235 60.4 235.65 193.57 436.13 9.0685 89.52 77.84 65.4754
87.8975 54.55 132.049 46.17 72.627 60.49 235.53 194.24 447.77 9.236 89.94 77.1 66.1194
87.9325 54.04 132.699 45.83 71.706 60.08 235.94 196.32 449.87 9.218 89.92 76.31 66.9307
87.43 54.23 133.7505 45.32 71.232 59.62 238.79 195.15 453.72 9.2613 88.81 75.4 66.7267
89.7175 54.76 135.691 45.16 72.533 60.09 239.22 200.57 468.04 9.5267 89.13 75.4 66.288
91.6325 53.99 138.2205 45.47 73.199 59.92 242.24 201.91 466.26 9.45 89.35 75.49 66.7854
90.015 52.39 136.72 44.75 71.635 59.09 234.02 197.84 457.85 9.2355 89.14 73.64 64.0567
91.21 51.93 137.729 45.22 72.055 58.51 235.68 200.34 465.91 9.49 88.96 73.85 65.732
88.4075 50.1 134.6435 46.31 68.127 57.5 216.08 196.33 443.4 9.155 88.02 71.57 63.9827
90.445 50.28 134.019 46.15 69.8585 58.27 220.64 198.44 447.24 9.2 89.01 73.48 67.29
91.2 52.61 137.941 46.64 70.9025 59.83 227.07 203.51 455.04 9.4978 91.21 73.59 71.9874
91.0275 52.58 143.935 46.06 72.1 58.81 237.55 204.7 485.64 9.53 89.78 74.03 74.642
91.0275 52.34 144.515 45.63 73.4965 59.13 233.42 206.26 476.89 9.6123 91.87 73.78 80.5774
93.4625 53.4 152.852 46.42 74.9825 59.54 240.28 210.7 493.81 9.8392 92.92 75.44 91.4387
93.1725 52.93 150.006 45.63 74.496 58.31 240.86 208.25 493.16 9.8718 92.14 74.25 92.6574
95.3425 53.43 154.0555 45.81 75.18 58.61 243.58 212.83 502.78 10.216 93.53 74.14 91.0587
95.6825 57.255 159.1315 46.7 75.933 58.42 244.5 214.32 507.76 10.509 93.25 73.57 92.952
95.92 55.88 160.0 46.66 76.9505 59.53 245.07 213.67 548.73 10.4793 92.51 74.29 102.9767
95.4775 53.59 155.2 45.93 75.6115 58.58 239.0 207.07 525.5 10.0523 91.33 72.65 99.804
97.0575 54.72 154.2 46.26 76.043 58.98 239.73 208.35 524.88 10.377 92.38 72.73 101.1201
97.725 55.34 150.4435 46.4 75.844 59.03 240.28 208.04 523.26 10.2273 92.55 75.61 103.0674
96.5225 54.92 149.995 45.78 75.746 59.14 240.93 203.92 527.39 10.1348 91.2 74.39 100.0427
96.3275 55.04 148.0985 46.75 75.8425 60.0 242.03 202.88 492.99 10.2015 92.23 74.16 100.0561
98.3575 57.46 159.842 46.97 78.192 61.15 245.42 211.6 502.41 10.5108 93.17 74.96 109.5334
97.0 57.0 156.9145 47.02 77.796 60.7 241.75 208.75 490.1 10.3285 92.31 75.44 104.5574
97.2725 61.79 154.9955 46.9 78.2425 61.05 239.87 211.75 489.82 10.4388 92.6 77.24 106.1554
92.845 59.57 149.3275 47.41 75.8375 60.4 232.6 202.54 477.58 10.1298 89.67 75.36 100.8714
92.615 69.4 150.4455 46.4 75.4105 50.59 230.71 201.3 480.45 10.1945 88.89 75.78 94.4667
94.81 68.97 152.7605 47.19 76.4715 49.57 233.5 203.85 495.65 10.4215 92.7 76.46 102.6401
93.2525 67.61 150.0165 46.28 75.1825 49.24 230.12 202.02 488.51 10.2155 91.45 74.64 98.4327
95.04 76.09 151.6765 46.71 76.1755 48.07 233.29 204.06 484.48 10.4655 93.03 77.42 99.9407
96.19 78.2 152.594 46.44 76.9185 47.99 234.5 203.9 485.8 10.614 107.19 76.64 99.166
106.26 77.43 158.234 47.1 74.3975 47.73 253.67 205.01 488.88 10.6148 105.61 76.53 95.384
108.9375 77.67 155.5945 47.16 74.138 48.3 251.96 216.54 498.62 11.0103 109.59 75.5 99.0
109.665 85.04 156.9415 47.67 73.665 49.13 249.83 213.29 509.64 11.2278 110.95 75.13 99.1334
110.0625 85.31 160.2515 47.33 73.9545 48.92 249.12 212.94 502.11 11.2868 111.39 75.78 99.0014
113.9025 86.71 161.25 47.77 75.2475 48.57 265.28 216.35 509.08 11.3355 111.06 75.66 99.3054
111.1125 84.85 158.373 47.43 74.9185 48.03 268.44 212.48 494.73 11.1995 108.25 75.79 96.8474
112.7275 82.24 157.408 47.73 74.841 49.22 263.0 208.25 483.38 11.165 106.36 77.47 94.5714
109.375 76.88 154.0335 47.19 74.027 48.19 256.13 203.38 466.93 10.85 108.83 78.87 91.626
113.01 82.61 158.112 48.1 75.362 49.19 259.89 209.19 475.47 11.4403 115.79 79.29 103.6507
115.01 81.84 158.051 42.72 75.8325 48.56 261.3 208.7 481.33 11.443 113.41 79.02 108.0667
114.9075 81.3 157.401 42.5 75.2315 48.89 261.24 208.9 482.68 11.564 113.74 78.37 110.0474
114.6075 82.42 159.1205 42.09 75.812 48.93 261.16 210.28 482.35 12.337 112.18 78.95 122.3761
115.5625 81.66 165.6245 41.98 77.789 48.65 262.34 211.49 491.87 12.2608 112.03 78.99 125.8061
115.7075 81.09 163.024 41.87 77.2305 48.33 262.59 209.7 484.53 12.1385 111.04 77.63 125.2354
118.275 82.77 164.8685 42.31 78.8125 49.17 269.01 214.58 497.9 12.141 110.66 77.22 133.4554
124.37 83.81 164.236 42.25 78.7785 49.28 267.01 213.02 492.31 12.6835 113.0 77.07 136.6654
125.8575 83.08 165.373 42.18 79.2575 49.14 271.39 213.69 488.81 12.7203 115.91 78.68 134.2801
124.825 86.35 167.3245 41.96 80.2925 49.43 280.82 216.47 490.58 12.75 115.95 82.72 134.8894
126.5225 86.02 172.0925 42.25 82.2065 49.55 303.91 221.15 547.53 12.773 116.04 82.41 143.5447
125.01 83.8 170.0 42.29 81.426 49.4 293.22 226.58 526.27 12.6283 116.02 83.41 149.2501
124.8075 85.55 170.09 42.2 81.9715 50.43 293.66 228.91 523.89 13.1478 118.2 85.0 147.5601
129.04 90.82 172.548 42.22 81.4765 50.95 293.2 225.53 529.56 13.3745 119.1 84.47 166.1067
134.18 92.18 174.956 42.03 82.754 50.79 295.44 227.27 556.55 13.821 122.01 86.05 158.35
131.4 90.22 176.5725 42.42 85.8695 52.25 302.5 231.65 552.84 14.3465 123.18 88.35 149.1233
120.88 82.54 168.4 40.95 81.4755 50.39 291.12 217.3 525.75 13.0155 116.43 86.48 135.6667
120.96 82.01 164.731 40.82 79.0605 50.08 282.73 214.25 516.05 12.6225 115.97 86.27 139.44
112.82 78.69 157.492 40.0 76.18 48.91 271.16 202.66 507.02 11.913 109.77 85.41 110.07
117.32 81.91 163.4305 40.13 77.3615 49.62 273.72 211.29 500.19 12.715 114.02 85.86 122.0933
113.49 78.98 158.7555 39.57 76.3025 48.96 268.09 205.37 480.67 12.3118 112.44 84.88 123.78
112.0 76.34 155.811 39.88 75.788 49.28 266.61 204.03 482.03 12.1645 113.42 85.27 124.24
115.355 77.9 155.1485 40.37 75.4415 49.41 266.15 205.41 476.26 12.8723 113.46 86.63 139.8733
115.54 78.93 157.8065 40.6 76.756 50.0 272.42 208.78 495.99 12.991 116.58 87.71 149.92
112.13 76.66 153.905 40.42 75.6045 50.37 263.52 205.05 483.86 12.5145 114.56 88.38 147.2533
110.34 76.55 150.4365 40.37 74.352 50.32 254.82 202.91 470.2 12.4635 114.88 86.75 141.1433
106.84 74.93 147.7455 39.81 72.5545 49.89 252.53 200.39 469.96 12.1893 110.69 84.95 147.3833
110.08 77.94 148.0235 39.04 71.507 49.72 248.15 202.54 487.35 12.5173 111.92 83.89 149.7967
111.81 77.7 156.4495 39.32 72.991 49.95 254.75 207.42 491.17 12.6378 113.82 83.95 141.41
107.12 74.73 149.993 38.28 70.4695 48.82 249.02 200.59 470.61 12.1238 110.57 82.99 126.7867
108.22 75.82 150.9895 37.85 71.143 49.16 249.53 203.19 473.08 12.348 112.19 83.04 129.2633
112.28 78.055 154.7565 38.45 71.953 49.94 254.82 207.82 482.88 12.8738 114.5 84.3 135.78
114.96 79.48 158.7025 39.13 72.933 51.43 256.82 209.44 490.65 13.035 118.47 86.07 140.4
114.09 81.77 157.244 39.06 73.301 51.19 261.79 207.26 493.48 13.2258 117.38 84.8 139.69
115.81 81.99 157.4365 39.39 73.28 51.78 261.9 210.33 500.03 13.5305 117.68 85.92 143.0033
116.79 84.86 161.063 38.8 74.395 52.24 266.63 212.46 527.51 13.6145 119.52 86.74 149.3867
113.02 81.8 156.25 38.27 72.78 51.01 259.94 206.19 503.06 13.0623 115.47 86.57 138.3633
116.5 86.15 159.96 38.57 74.1415 51.69 264.65 210.38 520.65 13.6425 120.52 88.47 141.8933
113.16 84.48 154.998 38.57 72.551 51.37 258.66 205.91 505.87 13.7365 119.54 87.01 137.9933
115.08 86.69 159.7845 39.4 72.957 52.67 258.12 209.83 534.66 13.964 123.03 88.45 141.7667
114.97 86.51 159.5275 39.79 74.1715 53.37 263.76 210.58 531.79 13.8387 122.34 89.53 141.9733
116.97 83.1 164.3325 39.85 75.5225 52.82 264.45 215.81 539.44 13.7628 124.87 90.01 144.6667
124.4 84.29 172.1465 40.36 78.2295 53.88 275.75 221.4 539.81 14.226 126.69 90.78 147.4333
121.1 85.28 172.1815 39.81 78.3535 53.83 276.14 222.86 554.09 14.2482 127.46 90.16 148.8833
121.19 84.21 168.1855 39.89 78.172 53.55 271.82 220.86 541.45 14.0953 129.88 89.31 153.7667
120.71 83.13 166.9325 39.97 77.7735 53.85 266.72 219.66 541.94 13.97 128.58 88.83 149.6267
119.02 83.17 163.6355 40.16 78.385 54.16 265.93 219.66 530.79 13.8115 129.03 88.52 146.5567
115.98 82.0 160.3605 39.3 76.4975 54.58 261.4 214.22 530.72 13.4978 128.42 87.6 143.61
117.51 81.56 160.8505 39.2 77.554 53.43 267.56 214.65 525.42 13.6455 128.3 88.51 140.6467
116.87 79.2 159.247 39.06 79.2995 53.5 278.73 214.8 489.05 13.5248 128.55 88.27 140.88
115.75 79.42 158.82 38.82 80.333 53.9 278.12 214.89 485.23 13.361 128.38 89.36 141.93
115.04 81.96 160.22 38.82 81.649 48.2 284.79 216.23 488.28 13.5903 128.88 90.8 140.21
115.05 82.23 160.352 37.67 79.2145 46.72 277.11 210.08 488.24 13.1412 126.2 89.66 140.0933
116.6 78.88 164.3165 36.87 79.944 45.64 283.29 213.25 488.93 13.3968 125.91 90.05 141.56
111.2 76.4 158.139 35.71 75.54 44.25 267.67 202.68 486.24 12.627 121.58 87.17 135.34
115.32 78.02 160.5505 35.69 77.844 44.11 280.83 204.72 504.21 13.024 126.44 88.3 136.9433
108.86 75.29 151.8075 35.9 80.8055 44.28 263.11 202.47 475.74 12.534 123.36 86.96 129.3467
108.77 74.7 150.224 35.9 81.216 44.46 261.36 202.33 484.12 12.5808 123.97 85.97 133.5033
110.44 76.58 152.4205 36.68 82.283 44.85 265.3 206.43 487.22 13.0195 125.45 88.39 141.3
114.95 81.35 162.058 36.57 87.2925 45.7 287.38 216.39 496.95 13.7943 128.97 89.79 140.3267
119.03 83.0 166.1 37.23 88.125 45.68 294.68 223.29 513.76 14.16 145.41 90.62 146.03
118.69 85.88 165.5685 37.53 87.9865 45.39 293.41 223.72 514.73 14.562 145.01 90.65 143.3167
116.32 83.12 157.187 38.2 88.071 45.6 278.77 218.39 470.5 13.6308 142.61 95.88 140.42
115.97 77.99 151.751 38.72 86.886 45.44 272.43 211.01 480.24 12.77 140.11 93.92 136.7867
119.49 81.28 156.8695 39.33 87.3615 46.35 276.48 216.55 490.76 13.418 147.69 95.04 139.0433
119.21 81.84 155.514 38.67 87.141 44.95 275.08 215.44 486.77 13.4568 143.91 93.53 137.2533
119.26 81.43 156.4405 41.4 88.613 45.46 276.95 216.51 482.84 13.297 144.26 95.56 136.1667
120.3 83.73 156.553 42.54 88.7015 46.19 278.96 217.23 479.1 13.5153 149.07 97.78 136.03
119.39 83.36 156.783 41.88 88.083 45.53 275.0 214.46 480.63 13.4223 148.74 98.6 147.2033
118.03 82.54 155.273 41.32 87.032 45.06 271.97 211.08 481.79 13.4288 147.05 97.91 162.2133
118.64 85.54 155.851 41.17 87.9285 45.62 272.94 212.42 484.67 13.4403 147.53 97.76 166.4233
117.34 84.64 154.97 40.97 86.819 45.39 269.7 210.39 488.24 13.0878 146.03 97.01 163.2033
113.85 85.31 154.9195 41.64 86.378 46.06 268.43 210.11 476.62 13.14 143.82 96.88 173.95
115.17 85.07 155.903 42.61 88.195 47.01 276.92 213.86 482.88 12.9577 145.93 98.3 185.1266
116.03 86.71 159.2535 42.5 88.2065 47.05 275.59 213.87 485.0 13.2348 144.08 98.2 191.3333
116.59 87.19 159.767 42.7 89.351 47.45 277.81 215.23 491.36 13.2613 143.83 98.66 195.2533
119.05 92.66 158.402 43.02 87.72 48.35 276.97 214.07 490.7 13.4015 147.17 98.02 189.2
122.72 92.63 161.004 43.54 89.768 49.56 286.55 216.21 504.58 13.39 151.26 98.82 194.92
123.08 93.74 160.1765 43.89 91.2485 49.9 287.52 215.37 503.38 13.5445 149.98 98.91 189.6066
122.94 92.31 159.3365 44.11 91.092 50.99 281.85 214.24 497.52 13.396 149.91 100.11 197.7933
122.25 94.04 158.129 44.38 91.188 51.985 279.7 214.36 498.31 13.5583 157.62 102.28 199.68
123.75 94.07 157.9 44.35 90.8515 50.2 285.58 214.29 515.78 13.6068 158.02 101.41 213.92
124.38 92.92 158.8645 44.37 90.5665 50.69 283.4 216.01 512.66 13.35 158.8 101.21 216.6266
121.78 89.83 155.21 44.69 88.893 50.07 277.92 211.8 493.6 12.9308 156.02 100.4 201.4933
123.24 91.66 155.0745 44.32 88.3825 50.26 277.12 210.52 501.09 12.9723 155.75 105.39 209.0233
122.41 91.65 155.821 44.32 88.74 49.73 273.55 213.26 503.22 13.0132 144.28 103.0 203.33
121.78 94.78 157.8485 44.24 87.613 50.47 274.19 214.2 522.42 13.3088 146.29 103.32 213.2766
127.88 97.12 158.256 44.72 88.054 50.665 275.55 214.13 519.78 13.3605 148.36 104.18 211.0833
127.81 96.85 162.048 44.72 87.8595 51.12 275.67 219.28 524.83 13.2425 149.74 103.27 207.59
128.7 96.84 161.804 44.82 87.0255 50.65 274.48 219.42 532.9 13.3413 149.53 103.21 218.6333
126.655 95.92 160.0825 45.44 86.311 47.46 276.4 218.59 534.45 13.272 147.42 103.28 231.6666
128.23 93.23 160.309 44.88 86.728 46.36 272.79 222.59 528.91 13.3323 146.8 102.94 216.62
131.88 93.16 160.326 44.69 86.011 46.17 267.09 223.94 527.33 13.2783 146.34 102.41 213.4466
130.96 91.55 159.2635 44.375 86.4115 46.57 268.11 221.02 514.48 13.0093 146.96 102.06 215.3266
131.97 91.81 158.6345 44.54 86.708 47.07 267.4 222.75 513.97 12.9938 148.79 102.01 220.59
136.69 91.6 164.198 44.92 88.698 47.07 277.0 224.96 519.12 12.9 147.74 104.34 221.23
134.87 90.62 166.1 44.64 87.888 49.39 276.78 224.15 530.87 12.9433 148.49 105.63 221.9966
133.72 92.29 164.2925 44.48 86.8125 48.75 271.87 221.68 524.59 13.1458 149.95 105.97 231.5933
132.69 91.71 162.8465 44.75 87.632 49.82 273.16 222.42 540.73 13.055 152.34 106.98 235.2233
129.41 92.3 159.3315 43.96 86.3065 49.67 268.94 217.69 522.86 13.1135 148.5 103.1 243.2566
131.01 92.77 160.9255 43.98 87.0025 50.61 270.97 217.9 520.8 13.4048 152.43 103.44 245.0366
126.6 90.33 156.919 44.4 86.144 51.1 263.31 212.25 500.49 12.6145 151.19 104.19 251.9933
130.92 95.16 158.108 44.96 88.717 52.19 268.74 218.29 508.89 13.344 155.7 103.35 272.0133
132.05 94.58 159.135 45.06 89.8915 51.65 267.57 219.62 510.4 13.2768 156.64 105.67 293.34
128.98 97.25 155.7105 45.36 87.8145 51.54 256.84 217.49 499.1 13.6215 156.11 104.6 270.3966
128.8 95.355 156.0415 45.79 86.8715 53.24 251.09 214.93 494.25 13.4848 154.45 102.82 283.1466
130.89 91.78 158.2945 45.36 87.3625 56.95 251.64 216.34 507.79 13.5318 157.42 102.89 284.8033
128.91 90.79 156.3735 45.15 86.546 59.25 245.64 213.02 500.86 13.2003 160.85 101.82 281.6666
127.14 88.21 155.2125 45.43 86.381 57.58 251.36 212.65 497.98 12.8595 157.09 102.33 275.3866
127.83 89.45 156.038 45.19 89.2235 57.99 261.1 216.44 501.77 13.0253 163.77 102.54 281.5166
132.03 88.75 163.169 45.34 94.0035 58.67 267.48 224.34 586.34 13.3658 164.6 105.46 283.4833
136.87 91.53 165.3495 45.11 94.2075 62.46 272.87 224.97 579.84 13.8675 164.75 104.58 281.6633
139.07 92.79 164.6115 44.77 94.628 56.66 274.5 225.95 565.17 13.7125 162.42 103.91 282.2133
142.92 94.13 164.7 45.03 94.714 55.44 278.01 229.53 556.78 13.6533 164.4 103.45 293.6
143.16 94.71 166.3065 45.26 95.3975 55.21 282.05 232.33 561.93 13.4353 162.55 104.69 294.3633
142.06 88.84 161.629 45.7 90.947 53.59 272.14 232.9 523.28 12.9178 153.67 97.87 288.0533
137.09 87.52 161.881 45.34 92.66 56.065 265.0 238.93 538.6 13.051 155.55 98.15 278.4766
131.96 85.64 160.31 44.58 91.368 55.51 258.33 231.96 532.39 12.9898 156.28 96.81 264.51
134.14 87.66 167.144 45.4 94.6535 56.69 262.01 239.65 539.04 13.237 161.58 98.58 279.9366
134.99 88.86 169.0 45.83 95.956 58.0 267.08 239.51 548.16 13.5568 164.78 101.65 290.93
133.94 87.89 165.6265 45.77 102.944 57.68 266.65 243.0 539.45 13.5305 162.3 101.02 284.8966
137.39 87.84 166.55 47.25 102.6815 58.79 266.49 242.01 552.16 13.6643 147.97 103.64 283.33
136.76 87.9 167.6075 48.08 104.4415 58.18 268.1 242.2 550.79 13.591 145.84 106.48 284.0766
136.91 91.47 166.147 48.94 104.226 59.16 266.58 242.47 547.92 14.4387 147.38 106.26 287.8066
136.01 90.91 165.25 48.5 103.7695 58.78 269.45 243.77 559.07 14.2632 146.11 106.22 283.1533
135.39 92.35 164.329 47.24 104.324 58.86 271.87 242.82 563.59 14.7643 145.5 105.87 268.2733
135.13 92.66 163.1065 47.58 104.4375 60.66 270.39 244.49 557.59 15.2508 145.56 105.86 270.5533
135.37 93.77 163.8855 47.29 104.7515 61.81 270.5 244.99 556.52 14.9613 147.98 105.3 272.04
133.19 91.46 163.4475 46.51 105.535 62.47 273.97 243.7 557.28 15.3303 147.16 106.15 265.4066
130.84 89.94 165.432 46.25 105.931 61.85 273.57 244.2 551.34 14.906 144.75 104.44 266.05
129.71 88.64 166.4115 46.34 105.2905 61.61 269.39 243.79 548.22 14.829 143.91 104.97 262.46
129.87 89.58 162.495 45.68 104.4405 63.01 261.56 240.97 540.22 14.9265 144.94 103.37 260.4333
126.0 85.37 159.037 45.43 102.713 60.71 260.33 234.51 533.78 14.3558 139.46 101.81 238.1666
125.86 84.74 159.725 45.51 103.006 61.12 265.855 233.27 546.15 14.142 137.12 101.37 232.9466
125.35 86.94 157.9765 45.74 104.1905 63.19 264.31 234.55 553.41 14.499 141.1 104.38 247.34
120.99 82.42 152.858 45.52 100.7975 60.4 254.69 228.99 546.7 13.3075 135.53 103.47 227.4066
121.26 84.51 154.6465 44.87 101.0955 60.78 257.62 232.38 538.85 13.7145 136.19 108.03 225.1666
127.79 86.39 157.307 45.92 103.483 62.88 264.91 236.94 550.64 13.8417 139.49 106.87 239.4766
125.12 84.13 154.7265 45.515 103.224 61.24 259.0 233.87 547.82 13.4063 137.04 107.2 228.8133
122.06 80.86 150.25 45.13 100.5705 59.9 255.41 227.56 520.7 12.8048 131.66 106.22 217.7333
120.13 77.75 148.8785 44.56 101.6965 58.33 257.64 226.73 511.29 12.3703 127.8 104.89 207.1466
121.42 78.52 150.023 46.25 104.8535 60.74 264.28 231.6 516.39 12.4615 129.75 105.2 199.3166
116.36 73.96 147.5975 47.51 100.375 59.85 255.31 227.39 493.33 11.5933 123.2 105.03 187.6666
121.085 78.53 153.1425 47.89 102.018 62.67 265.74 233.78 506.44 12.5203 129.11 106.55 224.5266
119.98 77.52 152.882 48.29 101.8095 62.25 264.9 232.42 504.54 12.4683 127.87 107.78 222.6866
121.96 81.23 155.6795 48.8 105.027 63.31 273.88 237.13 523.06 12.9935 131.74 107.32 233.2
121.03 81.05 154.4745 48.82 102.5 62.9 268.4 235.75 518.02 12.856 129.98 107.81 231.2433
123.99 82.5 154.084 49.41 102.722 63.79 273.75 234.81 520.25 13.1913 131.64 108.9 235.98
125.57 82.75 154.593 49.67 104.1945 64.78 279.28 237.71 524.03 13.2913 133.65 111.34 225.6266
124.76 82.63 156.7865 49.42 104.111 65.78 284.01 237.04 524.44 13.3413 133.92 110.46 233.9366
120.53 78.12 151.3995 48.8 101.067 63.725 278.62 230.72 504.79 12.7225 129.75 107.62 217.72
119.99 79.06 153.748 48.98 101.348 63.76 290.11 230.35 512.18 12.8458 131.02 106.34 218.29
123.39 80.3 155.5435 50.3 101.5345 65.63 293.54 235.99 523.11 13.1863 134.09 107.57 223.3333
122.54 78.38 156.875 50.01 102.0665 63.48 290.63 237.58 535.09 13.0708 132.52 106.25 220.72
120.09 76.48 154.3535 49.65 101.6265 62.04 282.14 235.46 520.81 12.643 127.18 104.97 210.09
120.59 76.22 152.313 50.51 101.623 62.02 278.74 232.34 502.86 12.5353 127.28 107.35 213.4633
121.21 77.41 152.6015 52.57 101.2365 64.87 283.02 236.48 508.05 12.8393 132.99 109.9 206.2366
121.39 77.14 153.7865 52.52 102.2895 64.5 290.82 235.24 513.95 12.9483 131.27 109.13 203.7633
119.9 76.0 152.7645 51.77 102.3235 63.77 288.0 231.85 513.39 12.8718 130.11 110.27 211.8733
122.15 78.5 154.704 51.71 103.126 64.0 294.53 235.77 521.66 13.3483 132.59 109.27 222.6433
123.0 81.09 158.05 51.98 106.489 64.55 298.66 242.35 539.42 13.8118 137.79 109.38 220.5833
125.9 81.43 161.3365 52.41 110.948 66.54 308.91 249.07 540.67 13.9875 140.33 111.02 230.35
126.21 81.44 161.191 52.025 110.463 65.56 306.26 247.86 544.53 13.8615 138.06 113.15 230.54
127.9 82.2 163.9695 51.77 111.9515 66.25 313.09 249.9 546.99 14.1435 139.43 113.19 223.6566
130.36 83.35 164.965 51.91 112.5215 67.05 313.02 253.25 554.58 14.317 140.34 113.04 227.9333
132.995 82.76 168.61 52.09 113.5335 68.26 312.46 255.85 555.31 14.4 140.57 113.18 225.6733
131.24 78.58 168.9695 51.57 112.231 65.405 311.54 255.91 552.78 15.209 137.44 113.81 233.9933
134.43 80.19 170.0 51.66 112.7215 65.22 309.76 258.49 553.73 15.6795 137.3 115.36 254.1066
132.03 78.55 166.65 51.37 112.0955 64.19 302.82 255.59 540.02 15.277 134.75 115.16 244.0766
134.5 83.01 168.9545 51.64 114.2625 65.02 307.82 259.5 549.22 16.1373 137.84 116.66 246.2833
134.16 82.15 169.972 52.8 114.1375 64.75 306.18 260.74 546.54 15.9125 138.21 118.34 246.5933
134.84 81.11 168.6005 52.85 114.488 63.63 302.24 258.74 554.44 15.3618 135.25 117.6 238.21
133.11 79.27 166.7345 51.79 113.9505 62.7 302.65 258.26 549.57 15.1713 133.4 116.27 239.6633
133.5 81.61 168.101 51.93 113.9175 63.7 301.47 260.58 508.9 15.3605 136.19 116.74 248.04
131.94 79.06 165.452 51.5 112.626 62.57 296.52 257.17 508.78 14.8503 132.97 115.92 239.8966
134.32 82.76 167.044 51.91 114.9965 59.24 301.13 261.15 505.55 15.2653 135.43 117.56 243.1333
134.72 85.41 170.45 51.64 115.4965 58.76 303.04 261.55 510.3 15.478 138.96 115.92 246.0666
134.39 85.21 170.8715 51.37 114.549 57.97 303.57 261.97 505.55 15.3818 138.01 116.15 234.9133
133.58 84.02 172.925 51.11 117.952 57.62 307.1 254.56 506.52 15.2768 136.57 112.4 231.4666
133.48 83.91 173.5655 51.46 119.638 58.28 329.51 252.51 509.0 15.3248 142.68 114.63 225.6666
131.46 81.62 173.371 50.91 117.675 57.53 325.08 252.18 513.47 15.0095 138.8 114.49 236.48
132.54 78.55 169.3245 51.17 117.154 57.26 322.58 251.86 509.11 14.8368 137.43 115.72 228.3
127.85 78.61 165.5935 50.71 115.3415 56.9 318.36 247.79 503.18 14.3513 134.12 114.11 224.5333
128.1 77.83 163.527 51.13 115.7385 56.85 315.02 246.47 496.08 14.4585 134.65 113.48 223.6466
129.74 77.89 165.3185 52.44 116.8675 57.19 320.02 249.73 499.55 14.523 136.0 114.74 221.18
130.21 78.81 164.5805 53.43 117.5965 57.67 319.08 252.46 503.84 14.8123 137.85 114.34 224.1233
126.85 75.99 159.5245 53.16 114.5875 55.97 305.97 247.18 486.69 14.2658 128.94 114.3 209.68
125.91 76.83 161.1955 52.83 113.503 55.04 306.53 246.23 495.08 14.3063 128.37 113.55 205.7333
122.77 74.64 157.597 51.6 110.0125 53.62 302.55 239.0 484.98 13.7585 124.62 109.79 196.63
124.97 73.09 158.0735 52.49 111.452 54.01 305.26 243.03 486.66 13.6653 127.11 110.49 190.5633
127.45 74.59 161.145 52.9 113.919 55.35 315.94 248.15 493.37 14.243 130.15 111.2 196.58
126.27 74.65 163.5195 52.94 114.446 55.33 315.46 245.18 488.94 14.1655 129.8 110.98 192.2766
124.85 74.44 161.614 52.93 113.1235 54.84 309.96 243.08 486.28 14.0158 128.91 111.07 192.6233
124.69 76.23 161.59 52.47 113.575 55.36 313.59 243.12 487.7 14.0658 130.66 109.67 187.82
127.31 78.06 162.384 52.85 115.3475 55.95 318.61 246.48 501.67 14.6125 132.64 111.41 195.5933
125.43 77.17 160.154 52.43 114.7065 56.08 316.23 245.17 497.89 14.9918 131.46 110.92 193.6266
127.1 77.44 162.2495 53.39 118.052 56.96 324.63 250.78 502.9 15.612 132.91 112.52 202.1466
126.9 77.86 162.9525 53.31 118.1435 56.87 327.79 251.72 501.34 15.6478 133.75 112.63 201.5633
126.85 78.34 163.258 52.91 119.0155 56.92 327.66 251.49 502.36 15.7 133.09 112.85 206.3766
125.28 78.42 161.5055 52.92 118.134 57.73 332.75 249.31 503.86 15.488 133.64 113.51 210.2833
124.61 80.08 161.1535 52.9 117.8425 57.12 328.73 249.68 502.81 16.2445 134.54 113.88 208.4066
124.28 80.81 160.9325 52.62 119.059 56.89 329.13 247.4 499.08 16.2645 133.94 113.34 207.9666
125.06 81.97 161.6995 52.96 118.5295 57.48 329.15 247.3 499.24 16.7783 133.82 113.0 201.7066
123.54 80.28 159.3505 53.33 117.379 56.24 326.04 245.71 489.43 16.9698 131.78 111.12 190.9466
125.89 81.58 160.311 54.07 119.6785 57.37 330.35 250.79 494.74 17.5783 134.34 111.99 199.6833
125.9 81.35 159.9005 53.92 120.115 57.09 336.58 253.81 494.66 17.619 133.32 111.33 201.71
126.74 80.89 163.2055 54.13 119.922 57.0 333.68 252.57 492.39 17.457 134.2 111.52 201.1966
127.13 79.96 164.0575 54.02 120.397 57.0 330.25 253.59 485.81 17.3583 132.89 111.39 199.5933
126.11 81.56 167.4825 55.03 121.7565 57.38 332.46 257.24 487.27 17.425 134.22 112.21 203.3733
127.35 81.31 167.3415 54.77 121.51 57.85 331.26 257.89 488.77 17.8253 134.62 112.56 203.2966
130.48 81.55 169.1935 54.17 122.4455 58.19 336.77 259.89 499.89 18.0188 137.31 112.45 205.8966
129.64 80.47 169.1565 53.79 121.4195 57.99 336.75 258.36 491.9 17.7885 135.58 111.89 199.7866
130.15 80.11 170.7625 53.47 120.7725 57.22 331.08 257.38 492.41 17.8103 134.95 111.36 201.6233
131.79 84.56 174.462 53.13 121.7435 57.18 336.51 260.9 498.34 18.6573 135.35 111.39 205.5333
130.46 84.65 174.345 52.07 120.111 55.67 329.66 259.43 500.77 18.6387 133.0 109.7 207.77
132.3 82.59 172.698 53.18 121.8125 55.87 332.29 262.63 497.0 18.4273 133.96 110.97 206.9433
133.98 83.58 175.272 53.26 122.3305 55.87 339.03 265.51 508.82 18.8868 135.08 111.85 207.9033
133.7 83.82 175.191 52.76 122.127 55.26 340.59 265.275 512.74 19.0573 135.52 111.56 218.8566
133.41 86.1 172.454 52.78 122.5 56.07 343.18 266.69 518.06 19.2055 137.92 111.99 226.6066
133.11 85.62 170.073 53.06 122.5085 55.91 341.37 265.02 527.07 19.031 137.65 113.04 223.9566
134.78 87.08 172.1945 52.96 122.536 57.48 355.64 268.72 533.03 19.985 139.72 112.24 229.5733
136.33 89.52 172.407 52.91 122.2725 56.75 351.89 271.4 533.5 20.0268 142.62 112.27 226.92
136.96 93.93 172.008 53.0 122.0895 56.14 347.71 270.9 528.21 20.0025 142.93 111.81 226.5666
137.27 93.31 171.6485 53.44 122.4445 56.01 354.39 271.6 533.54 20.212 140.8 113.41 225.9733
139.96 94.7 175.549 53.54 125.2575 56.76 354.7 277.65 533.98 20.487 142.58 114.97 226.3
142.02 94.47 183.787 52.98 126.19 56.09 352.78 277.66 541.64 20.6985 141.19 115.73 219.86
144.57 90.54 184.829 53.26 126.474 55.96 350.49 279.93 535.96 20.3718 139.97 117.14 214.8833
143.24 89.74 186.5705 53.26 125.044 55.39 345.65 277.42 530.76 19.9028 138.29 115.99 217.6033
145.11 90.9 185.967 53.74 125.5185 55.99 350.42 277.94 535.98 20.0503 141.43 117.47 218.9833
144.5 90.81 185.9275 53.23 126.9755 56.73 353.16 277.32 537.31 20.5125 142.47 118.46 228.5666
145.64 90.26 183.868 53.32 127.3415 56.87 352.09 280.98 540.68 20.25 141.18 119.55 222.8466
149.15 89.05 184.084 54.09 128.237 56.52 347.63 282.51 547.95 19.8415 143.75 119.8 217.7933
148.48 86.93 181.56 53.65 127.005 55.81 344.46 281.03 542.95 18.9662 141.46 118.97 216.8666
146.39 85.89 178.6815 53.7 126.97 54.97 341.16 280.75 530.31 18.161 139.71 118.73 214.74
142.45 86.58 177.4795 53.06 124.578 54.64 336.95 277.01 532.28 18.7798 138.79 115.32 215.4066
146.15 87.11 178.6595 53.58 126.2095 55.24 341.66 279.32 531.05 18.612 139.55 117.42 220.1666
145.4 89.41 179.26 53.88 127.549 56.23 346.23 281.4 513.63 19.41 142.17 119.27 218.43
146.8 91.21 181.9015 54.54 128.4215 55.96 351.19 286.14 511.77 19.594 142.44 122.63 216.42
148.56 92.15 182.832 55.23 133.015 53.0 369.79 289.67 515.41 19.558 144.88 125.97 214.46
148.99 91.82 184.991 55.47 134.035 54.31 372.46 289.05 516.49 19.294 143.5 126.06 219.2066
146.77 91.03 181.3195 55.28 131.9 53.18 367.81 286.54 518.91 19.208 140.93 126.03 214.9266
144.98 97.93 181.516 54.77 136.094 53.07 373.28 286.22 519.3 19.503 142.44 122.41 215.66
145.64 102.95 179.996 55.07 135.7775 53.7 358.32 286.5 514.25 19.662 150.99 122.38 225.7833
145.86 106.19 166.3795 55.37 134.7265 53.72 356.3 284.91 517.57 19.499 149.8 121.43 229.0666
145.52 108.63 166.574 55.45 134.8545 53.68 351.95 284.82 515.15 19.75 148.86 120.37 236.5566
147.36 112.56 168.312 56.25 135.63 54.06 351.24 287.12 510.82 19.815 147.95 119.13 236.58
146.95 118.77 167.736 55.69 135.1255 53.9 358.92 286.51 517.35 20.274 148.22 118.25 236.9733
147.06 112.35 168.7995 55.76 136.2515 53.89 362.97 289.52 524.89 20.637 146.83 119.03 238.21
146.14 110.11 167.247 55.59 135.7385 53.92 363.51 289.46 520.55 20.366 146.28 119.05 233.0333
146.09 107.58 167.0935 55.47 136.913 54.05 361.61 288.33 519.97 20.295 146.92 117.94 237.92
145.6 106.48 166.034 55.61 136.807 53.94 361.13 286.44 515.84 19.936 145.87 116.39 236.6633
145.86 107.68 164.6055 55.86 136.279 54.14 359.96 286.95 512.4 19.699 146.68 116.5 235.94
148.89 106.5 165.175 56.39 137.194 53.54 362.65 289.81 510.72 19.905 147.15 115.75 240.75
149.1 110.55 164.6985 56.47 137.7275 53.49 363.18 292.85 515.92 20.188 148.64 116.76 239.0566
151.12 107.48 164.9495 56.28 138.3095 53.47 366.56 294.6 517.92 19.95 148.13 117.54 228.7233
150.19 107.56 162.098 56.01 136.6615 52.69 358.45 293.08 518.91 19.458 144.41 116.57 221.9033
146.36 103.44 160.061 55.15 135.449 52.19 355.45 290.73 521.87 19.04 142.18 115.68 229.6633
146.7 103.7 159.3875 57.27 135.68 52.44 355.12 296.77 543.71 19.798 140.61 114.32 224.49
148.19 104.65 159.9975 58.22 137.4295 52.01 359.37 304.36 546.88 20.816 142.09 114.63 226.7533
149.71 108.77 163.2935 58.54 140.0415 53.23 363.35 304.65 553.33 21.958 144.14 115.15 235.4333
149.62 107.65 165.289 59.32 141.2615 53.81 365.51 302.62 553.41 21.793 144.46 115.08 236.1633
148.36 108.3 164.959 59.35 142.079 53.81 368.39 302.01 547.58 22.213 143.87 115.57 237.0666
147.54 107.27 165.8 59.2 141.4405 53.13 364.38 299.09 550.12 22.068 142.38 114.32 233.72
148.6 111.4 167.4815 59.02 144.004 53.89 372.63 299.72 558.92 22.636 144.85 115.12 237.3066
153.12 111.32 171.0785 59.13 144.5905 53.94 380.66 303.59 566.18 22.688 145.94 115.61 243.6366
151.83 110.72 173.5395 59.02 144.6975 54.06 379.38 301.88 569.19 22.385 146.69 117.49 245.24
152.51 109.99 173.95 59.04 145.2155 53.67 382.05 301.83 582.07 22.441 146.45 117.45 244.6966
153.65 109.2 173.156 59.53 143.287 53.73 375.28 301.15 588.55 22.396 145.12 117.37 244.13
154.3 109.92 173.9025 59.42 143.7395 53.51 376.26 301.14 590.53 22.843 144.63 117.19 244.5233
156.69 109.15 175.4645 58.88 144.2805 53.65 382.18 300.18 606.71 22.662 143.75 115.79 250.9733
155.11 106.17 176.275 58.68 143.691 53.57 377.57 300.21 606.05 22.339 142.52 118.04 251.29
154.07 106.15 174.208 58.6 143.541 53.4 378.0 297.25 597.54 22.177 141.58 118.79 251.62
148.97 105.2 173.4575 57.89 140.876 53.84 378.69 295.71 598.72 22.478 142.68 119.34 245.4233
149.55 104.8 172.8585 58.1 142.3325 54.99 376.51 296.99 589.29 22.152 143.41 119.18 247.6666
148.12 105.73 172.5 57.87 142.5445 54.52 376.53 299.79 577.76 22.242 141.14 118.86 248.1633
149.03 105.6 173.7895 57.56 144.4295 55.12 373.92 304.82 582.87 22.341 138.24 114.64 251.9433
148.79 106.22 174.412 57.33 143.61 54.83 373.06 305.22 586.5 22.242 138.4 114.67 252.33
146.06 103.88 173.126 56.85 140.8 54.26 364.72 299.87 589.35 21.9 133.6 113.41 253.1633
142.94 101.55 167.7865 55.89 138.7195 52.98 355.7 294.3 575.43 21.113 132.76 111.82 243.39
143.43 102.82 167.1815 55.26 139.033 52.87 357.48 294.8 573.14 21.246 131.75 112.22 246.46
145.85 104.38 169.0025 55.52 140.2835 53.5 343.21 298.58 590.65 21.941 133.01 113.07 250.6466
146.83 106.15 170.8 56.69 141.216 54.03 345.96 299.56 593.26 22.482 133.91 114.14 251.2133
146.92 105.8 171.276 56.73 142.215 54.22 352.96 299.35 592.39 22.081 133.88 114.11 258.13
145.37 108.16 170.29 56.22 141.072 54.66 353.58 294.17 592.64 21.66 133.48 113.68 263.7866
141.91 101.52 165.798 55.52 135.83 54.0 340.65 283.52 583.85 20.699 129.9 111.71 259.1866
142.83 100.35 165.056 55.48 134.3535 53.49 339.61 284.0 599.06 20.517 129.28 112.17 260.4366
141.5 102.9 164.252 54.43 133.676 53.28 339.39 281.92 610.34 20.716 128.98 110.31 258.4933
142.65 102.45 164.163 55.14 136.543 53.86 343.01 289.1 613.15 20.742 128.71 112.92 258.4066
139.14 100.34 159.489 54.23 133.6595 53.47 326.23 283.11 603.35 19.732 126.68 111.46 260.51
141.11 101.81 161.05 54.69 136.023 53.95 332.96 288.76 634.81 20.451 127.53 110.85 260.1966
142.0 103.64 163.1005 53.94 137.565 53.98 333.64 293.11 639.1 20.7 128.06 111.64 260.9166
143.29 106.45 165.1215 55.02 139.225 54.18 329.22 294.85 631.85 21.075 127.84 112.21 264.5366
142.9 105.06 164.431 55.08 139.7855 53.81 330.05 294.85 632.66 20.831 126.55 111.22 261.83
142.81 104.68 162.315 54.93 138.914 53.44 325.45 294.23 627.04 20.695 124.94 110.94 263.98
141.51 105.04 162.3665 54.28 136.449 52.17 323.77 292.88 624.94 20.671 122.95 111.0 268.5733
140.91 109.16 164.214 54.62 137.582 52.26 324.54 296.31 629.76 20.939 125.04 110.76 270.36
143.76 111.99 164.993 55.65 141.151 53.9 328.53 302.75 633.8 21.746 128.66 111.87 272.7733
144.84 112.12 170.451 55.25 141.368 54.46 324.76 304.21 628.29 21.862 130.2 111.45 281.01
146.55 116.43 172.337 55.19 142.778 54.47 335.34 307.29 637.97 22.222 130.12 113.37 290.0366
148.76 116.33 172.2075 55.74 143.237 55.21 339.99 308.23 639.0 22.29 132.5 113.49 288.09
149.26 116.39 170.753 56.2 141.769 55.37 340.78 307.41 625.14 22.103 132.16 113.86 288.6
149.48 119.33 171.7505 55.69 141.886 56.0 341.88 310.76 653.16 22.692 133.05 114.44 298.0
148.69 119.82 166.7775 55.11 137.5665 49.46 324.61 309.16 664.78 22.726 131.62 114.55 303.2266
148.64 122.36 166.0185 55.14 137.447 49.41 328.69 308.13 671.66 23.166 131.93 114.71 341.62
149.32 122.93 168.8035 55.81 139.3085 48.28 315.81 310.11 668.52 24.717 131.94 114.92 339.4766
148.85 122.28 169.6245 56.18 146.2175 47.89 312.22 323.17 662.92 24.451 131.2 113.51 345.9533
152.57 121.16 172.3285 56.24 145.849 48.08 316.92 324.35 674.05 24.941 133.69 113.2 359.0133
149.8 120.23 168.6215 55.97 148.046 49.0 323.57 331.62 690.31 25.567 133.04 106.07 371.3333
148.96 125.23 165.9055 56.1 143.497 49.55 329.98 329.37 681.17 25.827 134.81 109.8 402.8633
150.02 127.63 165.6375 57.62 145.4325 49.86 328.08 333.13 677.72 26.401 135.23 111.45 390.6666
151.49 130.53 169.2 57.65 146.598 50.39 331.62 334.0 688.29 26.598 138.48 112.61 404.62
150.96 137.5 173.85 57.12 148.2675 50.31 335.85 336.44 668.4 29.801 156.11 112.16 409.97
151.28 136.34 175.9495 57.07 148.852 50.92 341.13 336.06 645.72 29.752 163.03 116.91 407.3633
150.44 150.16 174.449 57.0 149.031 51.55 338.62 336.99 651.45 30.804 165.85 115.16 387.6466
150.81 148.92 178.8115 57.44 148.9185 51.2 335.37 335.95 655.99 30.657 166.74 114.13 341.1666
147.92 139.87 174.1025 57.77 145.8935 50.76 327.64 330.8 646.91 29.459 159.8 113.25 355.9833
147.87 146.01 173.625 56.76 145.7665 50.53 327.74 332.43 657.58 30.39 164.42 111.44 354.5033
149.99 147.89 176.2575 56.82 148.678 50.31 340.89 336.72 682.61 30.39 164.94 111.72 344.4733
150.0 146.49 177.284 57.27 148.452 50.32 347.56 336.07 679.33 30.025 168.51 111.87 337.7966
151.0 152.45 177.035 57.0 147.876 50.61 342.96 339.51 687.4 30.203 181.81 112.23 351.5766
153.49 151.34 177.45 56.76 148.047 50.23 340.77 339.12 691.69 29.261 183.54 112.52 363.0033
157.87 155.02 184.803 53.63 149.8385 49.68 338.69 341.27 682.02 31.675 186.32 112.9 365.46
160.55 155.41 183.8285 53.25 148.9265 49.52 345.3 343.11 678.8 32.985 185.0 110.78 379.02
161.02 152.52 178.6285 54.6 146.302 49.83 341.01 339.83 659.2 31.956 181.4 111.45 385.6233
161.41 149.92 179.002 55.3 145.782 49.1 337.25 337.68 654.06 31.746 180.94 113.58 369.6766
161.94 157.8 179.0205 55.54 146.12 49.76 341.06 337.91 658.29 32.674 180.71 113.97 372.0
156.81 154.81 175.228 54.67 142.183 48.78 333.12 329.68 665.64 31.503 175.74 110.66 360.64
160.24 161.91 178.0785 55.76 145.5305 50.0 338.03 336.63 663.84 33.376 183.74 110.73 378.9966
165.3 158.37 175.3535 54.84 141.8975 49.2 324.46 330.59 641.9 32.676 180.56 109.64 381.5866
164.77 149.11 172.186 55.03 141.0515 48.6 310.6 330.08 617.77 31.435 175.63 108.66 365.0
163.76 150.68 171.868 56.15 142.966 49.5 310.39 329.49 616.47 32.126 177.03 111.42 361.5333
161.84 144.01 169.4895 56.23 142.0015 49.25 306.84 323.01 602.13 30.693 176.51 111.24 338.3233
165.32 139.06 171.3685 56.96 143.155 50.99 317.87 326.19 612.69 30.037 175.45 113.36 336.3366
171.18 144.85 176.1645 58.08 147.2695 52.57 322.81 334.92 625.58 32.427 183.72 116.26 350.5833
175.08 145.24 176.158 57.02 148.1865 51.75 330.56 334.97 628.08 31.826 182.63 116.25 356.32
174.56 138.1 174.171 57.55 147.6385 50.48 329.82 333.1 611.0 30.49 182.26 115.35 334.6
179.45 138.55 172.212 59.25 148.0015 50.59 329.75 342.54 611.66 30.198 183.88 116.73 339.01
175.74 133.8 169.5675 58.61 145.8265 50.0 334.49 339.4 604.56 28.161 183.32 115.56 322.1366
174.33 135.6 169.0915 57.77 143.907 49.7 333.74 328.34 597.99 28.337 181.98 114.71 319.5033
179.3 146.5 173.315 59.93 146.441 50.67 341.66 334.65 605.04 30.459 189.28 114.68 325.33
172.26 138.64 168.871 60.31 144.445 50.83 334.9 324.9 591.06 28.387 178.15 113.59 308.9733
171.14 137.75 170.0175 60.46 141.725 50.62 333.79 323.8 586.73 27.801 176.8 108.63 310.8566
169.75 135.8 167.079 60.36 141.607 49.6 325.45 319.91 593.74 27.719 176.67 108.09 299.98
172.99 144.25 170.417 61.03 143.4725 50.77 334.2 327.29 604.92 29.075 179.58 110.37 312.8433
175.64 143.88 171.037 61.53 146.415 50.97 330.45 333.2 614.24 29.4 181.38 111.74 336.29
176.28 146.14 171.0685 62.28 146.9165 51.31 335.24 334.69 614.09 29.64 182.74 112.37 355.6666
180.33 154.36 169.6695 63.42 147.9065 51.94 346.18 342.45 613.12 30.945 186.33 114.22 364.6466
179.29 153.15 170.661 63.53 146.687 51.76 346.22 341.25 610.71 30.322 184.82 115.57 362.8233
179.38 148.26 169.201 63.96 146.655 51.83 342.94 341.95 610.54 30.001 186.2 116.38 362.0633
178.2 145.15 168.6445 63.62 146.2005 51.74 344.36 339.32 612.09 29.586 182.73 116.24 356.78
177.57 143.9 166.717 63.37 144.852 51.5 336.35 336.32 602.44 29.411 182.87 116.97 352.26
182.01 150.24 170.4045 63.16 144.9915 53.21 338.54 334.75 597.37 30.121 186.21 116.68 399.9266
179.7 144.42 167.522 61.25 144.3995 53.14 336.53 329.01 591.15 29.29 187.23 114.24 383.1966
174.92 136.15 164.357 60.28 137.775 53.87 324.17 316.38 567.52 27.604 186.5 110.44 362.7066
172.0 136.23 163.254 60.92 137.7475 54.01 332.46 313.88 553.29 28.178 185.95 111.14 354.9
172.17 132.0 162.554 61.13 137.017 53.44 331.79 314.04 541.06 27.247 180.41 107.57 342.32
172.19 132.0 161.486 61.82 138.6695 55.21 328.07 314.27 539.85 27.4 179.68 106.03 352.7066
175.08 137.31 165.362 62.37 139.736 55.91 334.37 314.98 540.84 27.817 185.4 104.04 354.8
175.53 137.47 165.207 62.12 141.4305 55.74 333.26 318.27 537.22 27.999 186.42 103.87 368.74
172.19 132.74 161.214 61.5 138.587 54.94 326.48 304.8 519.2 26.575 183.89 102.4 343.8533
173.07 136.88 162.138 61.36 139.4805 55.7 331.9 310.2 525.69 26.942 188.69 100.12 349.87
169.8 131.93 158.9175 59.73 135.998 54.76 318.15 302.65 510.8 25.903 178.86 97.73 343.5033
166.23 128.27 156.299 58.9 135.1165 53.62 319.59 303.33 515.86 25.067 172.47 96.87 331.8833
164.51 121.89 151.6675 58.08 133.3075 52.04 316.56 301.6 508.25 24.15 166.5 95.72 332.09
162.41 118.81 142.643 56.68 130.3515 52.04 303.17 296.03 397.5 23.374 164.93 96.31 314.6333
161.62 116.53 144.544 56.9 130.804 51.94 308.71 296.37 387.15 23.372 170.07 98.1 310.0
159.78 111.13 139.986 56.11 126.935 51.0 300.15 288.49 366.42 22.324 165.45 97.01 306.1333
159.69 110.71 138.8725 55.33 129.233 51.69 294.63 296.71 359.7 22.772 167.0 95.58 312.47
159.22 102.6 139.6375 54.62 129.005 48.05 294.64 299.84 386.7 21.944 161.2 95.32 276.3666
170.33 105.24 143.978 55.61 133.351 47.73 301.71 308.26 384.36 22.84 166.81 97.21 282.1166
174.78 114.25 149.5735 55.67 135.3035 48.82 313.26 310.98 427.14 24.486 175.76 98.32 312.24
174.61 116.78 151.1935 55.37 137.644 48.95 319.0 308.76 457.13 24.638 177.13 98.76 310.4166
175.84 122.76 150.6125 56.17 148.0 49.51 323.0 313.46 429.48 25.242 188.2 97.73 301.8866
172.9 120.08 138.8455 55.2 143.09 48.28 237.76 301.25 405.6 23.948 179.1 95.94 297.0466
172.39 123.6 157.6395 55.15 143.293 48.01 237.09 305.94 410.17 24.319 179.47 95.0 307.7733
171.66 123.67 157.9355 55.17 139.201 48.18 224.91 300.95 402.1 24.728 175.09 95.19 302.4466
174.83 128.23 161.4135 55.34 139.399 48.81 220.18 304.56 403.53 25.108 178.59 94.92 307.3333
176.28 132.85 161.1895 56.29 141.592 49.91 232.0 311.21 412.89 26.705 183.95 97.13 310.6666
172.12 125.77 159.0035 54.87 138.62 48.86 228.07 302.38 406.27 25.824 174.07 95.31 301.5166
168.64 113.18 153.2935 53.9 134.2825 47.63 219.55 295.04 391.31 23.949 164.64 93.73 286.6666
168.88 114.27 155.167 53.18 135.526 47.58 217.7 295.0 396.57 24.267 165.13 93.65 291.92
172.79 121.47 156.5105 54.27 136.6085 48.44 221.0 300.47 407.46 26.495 173.0 94.51 307.4766
172.55 117.69 158.1005 54.25 137.738 48.23 216.54 299.5 398.08 26.511 172.6 95.18 307.7966
168.88 112.37 154.6525 55.77 132.539 47.57 207.71 290.73 386.67 24.507 166.8 93.05 292.1166
167.3 113.83 152.6015 57.21 130.403 45.04 206.16 287.93 391.29 23.642 167.64 93.34 285.66
164.32 115.65 150.1975 56.3 129.8135 44.69 202.08 287.72 377.38 23.39 165.89 93.11 273.8433
160.07 109.76 144.827 54.44 127.588 44.65 198.45 280.27 367.46 22.387 161.62 89.65 254.68
162.74 116.61 151.358 54.73 132.691 46.72 207.6 294.59 390.03 23.748 167.98 91.01 266.9233
164.85 121.06 153.7885 56.04 134.4595 47.71 210.48 297.31 390.8 24.157 170.93 92.58 269.9566
165.12 123.34 153.563 55.77 135.057 47.7 211.03 298.79 394.52 24.385 171.99 91.79 290.1433
163.2 113.83 151.142 54.62 134.0615 46.82 203.49 294.95 386.24 23.477 163.69 90.14 288.1233
166.56 118.28 152.0525 56.15 134.5715 48.87 208.11 300.19 380.03 24.22 169.25 92.77 293.2966
166.23 111.98 147.8985 56.07 133.8995 47.93 202.97 295.92 368.07 23.714 165.35 91.53 279.7633
163.17 108.41 145.641 56.51 131.9065 48.07 200.06 289.86 361.73 22.936 162.26 90.03 279.43
159.3 102.95 137.453 55.59 126.3785 47.68 187.47 278.91 350.26 21.352 150.1 84.46 268.1933
157.44 105.53 136.0145 54.4 127.1045 47.5 190.29 275.85 341.76 21.514 150.76 84.0 274.8
162.95 111.05 139.279 55.92 133.42 47.63 198.5 288.5 358.79 23.014 157.11 87.6 286.3233
158.52 106.46 146.8175 54.71 132.4295 46.66 195.21 285.59 356.77 22.658 154.71 87.16 279.4333
154.73 104.29 145.5245 54.69 129.8705 45.83 187.61 280.07 340.32 22.1 152.34 82.73 265.1166
150.62 102.25 141.853 54.3 125.951 44.4 186.63 276.44 331.01 21.33 141.29 79.29 255.4566
155.09 109.33 147.3665 55.6 129.198 44.81 192.03 287.15 343.75 22.973 144.21 83.12 267.2966
159.59 115.37 153.104 55.81 133.2805 46.63 203.63 294.39 357.53 24.496 150.45 87.41 280.0766
160.62 111.69 157.239 56.17 133.839 47.14 207.84 295.22 371.4 24.766 152.83 87.66 290.5333
163.98 113.46 161.2505 55.97 136.1255 47.45 216.49 300.43 380.6 26.453 153.99 89.6 301.7966
165.38 115.92 161.4915 56.0 136.1015 47.39 211.49 299.16 374.59 26.734 155.59 86.86 307.0533
168.82 114.78 164.889 56.17 139.868 48.39 216.65 304.06 382.92 26.524 157.61 87.89 331.3266
170.21 113.92 163.408 54.48 138.2755 48.27 213.46 299.49 374.49 25.634 152.87 86.22 333.0366
174.07 120.53 163.6495 54.5 141.572 51.62 219.57 304.1 375.71 28.15 158.46 87.12 337.9733
174.72 119.67 164.7735 54.97 141.673 51.83 221.82 303.68 373.85 27.692 157.97 87.45 336.88
175.6 120.24 168.9905 55.14 141.4555 51.51 223.59 310.7 378.51 28.219 158.45 88.38 363.9466
178.96 123.23 169.315 55.67 142.5055 52.25 229.86 315.41 391.82 28.656 161.07 91.23 366.5233
177.77 119.22 166.301 56.05 141.9385 51.43 227.85 313.86 381.47 27.69 152.73 91.03 364.6633
174.61 109.34 162.9975 55.76 139.0675 49.56 222.36 308.31 374.59 27.286 152.82 90.97 359.2
174.31 108.19 163.56 55.66 140.1505 48.11 224.85 309.42 373.47 26.712 146.99 91.49 361.53
178.44 110.53 168.3465 55.87 142.9715 49.2 233.89 314.97 391.5 27.36 153.81 88.09 381.8166
175.06 106.82 164.055 54.92 140.591 48.13 231.84 310.88 380.15 25.931 145.46 84.12 363.7533
171.83 103.67 158.756 54.37 136.548 47.54 223.3 299.5 368.35 24.407 139.28 83.36 348.5866
172.14 103.72 157.7845 54.63 135.8885 47.56 222.95 301.37 362.15 24.208 139.22 83.12 352.42
170.09 101.0 154.4605 54.28 133.2875 47.02 222.33 296.97 355.88 23.119 136.69 81.52 341.83
165.75 97.37 151.122 52.88 128.8235 46.57 216.46 285.26 348.0 21.917 135.36 80.68 325.31
167.66 95.1 150.7875 51.82 127.7145 46.5 214.14 282.06 344.1 21.504 136.09 79.79 328.9833
170.4 97.74 155.541 52.15 129.894 47.01 214.99 287.62 350.43 22.203 140.5 80.92 340.79
165.29 93.06 151.7065 51.17 126.73 45.67 210.18 279.83 341.13 21.258 136.91 79.5 328.3333
165.07 93.89 152.785 51.11 127.6765 46.64 210.77 280.52 337.86 21.783 139.32 79.6 334.7633
167.4 96.93 158.1155 51.83 130.009 47.93 217.31 285.3 348.61 22.198 141.05 81.22 342.7166
167.23 94.02 153.998 53.02 128.04 48.11 200.42 286.36 226.19 21.482 140.34 80.17 325.7333
166.42 89.85 148.296 52.78 124.8145 47.5 188.07 280.81 218.22 20.183 136.11 78.96 336.26
161.79 88.14 144.35 51.36 119.6355 46.54 184.11 274.03 215.52 19.515 132.81 77.92 335.0166
162.88 90.69 146.074 51.94 123.074 47.06 186.99 280.72 209.91 19.902 136.56 77.98 332.6733
156.8 85.16 139.391 50.9 118.65 45.52 180.95 270.22 198.4 18.788 133.5 75.63 292.14
156.57 84.91 138.167 49.31 114.2945 45.22 174.95 283.22 188.54 18.415 135.1 74.74 293.8366
163.64 89.64 144.5965 50.63 118.5225 46.84 205.73 289.63 199.52 19.782 148.19 76.58 292.5033
157.65 85.52 124.2815 48.98 114.1095 43.59 200.47 277.52 190.36 18.547 139.69 74.64 290.2533
157.96 89.84 124.5 49.86 116.583 44.96 211.13 284.47 199.46 19.533 145.27 75.37 300.98
159.48 91.13 124.2535 49.92 117.334 45.06 212.03 281.78 199.87 19.602 144.26 74.33 303.0833
166.02 99.42 125.9285 51.58 122.261 46.54 223.41 289.98 204.01 20.334 149.05 81.64 317.54
156.77 93.87 116.407 49.61 116.5055 44.6 208.28 277.35 188.32 18.844 141.64 77.48 291.0933
157.28 95.34 114.7725 49.33 115.7465 44.3 203.77 274.73 180.97 18.675 140.58 76.52 288.55
152.06 86.36 108.789 48.96 112.511 43.07 196.21 264.58 173.1 16.95 134.92 73.49 262.37
154.51 88.73 108.859 49.55 114.395 44.01 197.65 269.5 177.66 17.595 136.81 71.86 266.68
146.5 87.92 105.372 48.65 113.6025 42.83 188.74 260.55 166.37 16.63 132.3 70.06 244.6666
142.56 87.06 106.9305 48.29 112.844 42.84 191.24 255.35 174.31 16.175 131.77 69.9 242.6666
147.11 95.12 113.055 49.56 116.0505 43.6 198.62 261.12 187.64 17.706 134.93 75.6 256.53
145.54 94.24 110.8105 49.0 114.445 43.08 200.04 261.5 186.51 17.264 133.91 72.42 241.4566
149.24 102.47 115.3685 50.6 116.473 44.4 202.62 266.82 190.56 18.177 139.69 73.72 253.87
140.82 96.28 107.1125 48.36 111.8995 42.35 192.24 254.08 177.19 16.938 130.45 71.28 236.6033
137.35 96.67 107.319 41.72 110.384 42.01 191.29 253.14 183.48 17.124 130.57 71.93 236.4733
137.59 93.5 107.591 42.94 108.908 41.65 193.54 252.56 186.35 16.694 131.6 73.39 221.3
143.11 95.07 107.557 43.35 111.488 42.0 196.23 260.65 187.44 16.898 132.12 73.42 224.9666
140.36 91.16 104.1 43.77 105.97 41.67 181.28 259.62 180.34 16.154 128.53 72.72 209.3866
140.52 92.65 106.775 44.0 105.805 42.2 183.83 262.52 187.83 16.975 131.23 72.48 219.6
143.78 98.75 111.0775 44.99 107.7925 43.48 191.63 265.9 191.4 17.851 134.84 74.49 235.91
149.64 102.26 115.1465 45.62 112.3165 44.55 195.13 273.24 195.19 18.811 139.76 76.71 253.21
148.84 101.86 120.2095 45.05 113.762 44.42 193.64 271.87 197.44 18.672 143.22 78.5 252.7533
148.71 101.22 121.684 45.23 113.892 44.11 188.64 272.42 192.91 18.32 140.02 76.28 246.79
151.21 108.59 125.511 45.79 117.6225 44.84 198.86 274.58 205.09 19.592 146.2 79.42 258.3333
145.38 106.3 122.35 45.25 114.541 43.39 190.78 270.02 198.98 18.72 141.22 79.05 234.5166
146.14 105.65 124.79 45.33 116.8205 43.34 194.25 268.75 197.14 18.786 140.44 78.98 238.28
148.71 105.28 123.0 45.57 117.1495 43.53 195.65 272.5 198.61 18.926 141.89 79.47 238.8866
147.96 101.9 121.18 44.92 117.194 41.23 196.64 270.41 202.83 18.648 138.96 78.47 241.8666
142.64 98.8 116.15 44.26 114.8355 40.01 184.0 264.79 192.77 18.048 136.71 78.91 239.7066
137.13 94.82 109.65 43.49 111.1615 39.18 175.57 252.99 182.94 16.974 133.2 75.67 232.23
131.88 86.99 103.67 43.24 106.3925 37.77 164.26 242.26 169.69 15.647 128.66 72.36 215.7366
132.76 86.99 102.31 42.91 106.7155 37.93 163.73 244.49 167.54 15.836 130.26 72.31 220.89
135.43 89.3 107.67 43.8 109.7645 38.65 169.35 251.76 180.11 16.527 131.03 74.19 233.0
130.06 82.05 103.66 43.32 106.0335 37.34 160.87 244.97 173.35 15.601 120.82 70.95 213.1
131.56 81.57 106.22 43.39 107.1435 36.97 163.74 247.65 175.51 15.88 120.99 71.87 216.76
135.87 83.79 108.68 44.14 111.544 37.73 157.05 253.74 170.91 16.566 124.39 72.96 237.0366
135.35 83.75 108.95 43.57 111.4875 37.38 155.85 253.13 178.89 16.36 122.16 73.3 236.0866
138.27 82.43 112.44 42.93 112.242 37.41 158.75 258.86 181.71 16.225 120.09 75.2 235.07
141.66 87.08 116.46 44.1 117.975 38.61 170.16 267.7 190.85 17.126 125.1 78.11 245.7066
141.66 86.16 113.22 43.77 115.8335 38.63 169.49 264.89 189.14 16.869 127.18 77.68 244.92
137.44 80.78 107.4 43.06 112.0075 37.78 160.68 256.48 179.6 15.982 131.6 76.34 232.6633
139.23 77.99 108.92 42.88 111.7015 37.29 163.94 260.26 178.36 15.542 130.23 76.43 228.49
136.72 76.47 106.21 42.64 108.963 37.41 161.25 256.83 174.87 15.159 127.74 76.39 224.4733
138.93 73.67 109.56 42.6 108.7375 36.34 160.03 259.58 179.95 14.523 123.53 79.26 227.2633
141.56 75.2 113.5 41.96 113.263 36.69 168.19 262.85 185.88 14.964 125.83 79.52 233.0666
142.92 75.35 114.33 42.69 114.572 36.99 169.77 266.21 184.06 15.13 127.06 78.86 231.7333
146.35 79.3 116.33 43.22 118.783 38.14 172.19 268.4 189.27 15.858 134.4 79.24 244.5433
147.04 79.35 115.54 43.39 119.3535 37.99 170.88 267.66 186.975 15.838 136.01 79.28 250.7633
144.87 76.95 111.75 43.25 115.6765 37.2 162.88 264.51 177.34 15.152 132.24 77.9 234.3433
145.86 76.36 109.22 42.86 114.0205 37.21 163.27 253.67 174.45 15.082 132.95 77.76 233.07
145.49 77.52 110.4 42.7 111.3535 37.21 163.49 252.72 176.56 15.164 135.64 77.92 237.04
148.47 78.6 110.63 42.33 110.3675 37.71 158.05 254.08 174.78 15.372 141.9 78.2 238.3133
150.17 81.11 113.55 43.07 111.7775 38.62 164.7 256.72 189.11 15.762 144.37 79.62 240.0666
147.07 81.43 113.76 42.6 109.03 38.71 167.23 254.25 190.92 16.101 141.69 80.23 240.5466
151.0 85.88 118.21 44.03 113.81 40.22 175.78 259.53 201.63 16.992 147.37 82.55 245.53
153.04 89.43 122.77 44.13 113.9 40.56 183.09 262.27 216.44 17.807 151.71 83.27 247.5
155.35 91.09 124.63 44.58 114.34 40.61 183.17 264.84 223.88 18.05 155.86 83.54 271.7066
154.09 88.1 122.42 44.46 107.9 39.2 169.27 260.36 220.44 17.319 153.7 83.59 272.2433
152.95 87.54 121.14 44.34 107.51 39.16 166.65 258.83 218.51 17.024 153.25 81.5 268.4333
151.6 85.25 114.81 43.83 105.02 38.96 159.15 251.9 213.91 16.533 149.97 80.31 258.86
156.79 89.82 120.97 44.64 113.06 40.18 169.58 268.74 226.75 17.79 153.42 82.96 274.82
157.35 91.67 122.28 45.62 114.22 39.71 160.72 276.41 226.02 17.984 146.45 84.67 280.9
162.51 94.47 134.95 45.37 116.32 36.31 159.1 280.74 224.9 18.163 145.06 84.78 297.15
161.51 96.78 135.39 45.28 114.86 36.96 159.93 278.01 226.21 18.441 147.43 84.91 297.2766
160.01 99.29 134.16 44.92 115.13 36.01 160.19 274.82 221.42 18.526 147.03 83.71 300.5866
166.13 98.09 139.52 45.71 118.08 36.52 168.8 282.47 226.73 18.893 149.16 87.27 307.3966
165.81 103.91 142.57 45.38 118.19 35.66 170.57 283.65 229.91 19.215 151.01 86.88 308.6333
165.35 102.31 140.8 45.01 117.47 35.39 167.11 282.91 226.78 18.989 150.21 85.73 288.17
164.87 100.07 139.41 45.02 117.3 35.38 170.25 280.32 233.49 17.793 147.81 85.72 290.4233
164.92 95.54 137.83 44.92 116.63 34.52 168.53 282.3 229.94 17.086 142.51 84.84 283.3333
169.24 99.05 142.69 46.02 119.7 35.37 178.34 289.16 244.11 18.097 146.99 86.49 294.3566
168.49 98.12 140.64 45.9 118.84 35.59 177.49 287.02 242.7 17.942 147.83 87.27 286.63
172.1 100.83 143.55 46.61 121.68 36.11 180.5 291.91 249.3 18.709 151.29 88.31 300.03
173.19 101.01 143.18 46.59 122.08 36.34 180.89 293.47 249.11 19.032 152.13 89.16 309.32
173.03 100.2 144.78 46.77 121.7 36.19 179.47 292.71 245.69 18.879 150.03 89.4 306.5633
174.55 98.27 142.1 46.66 119.55 35.78 174.85 291.32 241.15 18.335 148.53 88.35 303.9966
174.15 100.44 142.3 49.37 120.17 36.2 174.66 290.17 245.17 18.773 151.38 88.55 302.87
171.52 95.95 138.23 48.7 117.21 35.38 167.96 286.15 241.16 17.849 147.6 86.92 296.6666
167.57 92.84 133.22 47.71 114.24 33.84 163.05 277.75 226.54 17.034 141.61 84.95 289.9133
167.23 92.49 133.62 47.41 113.86 33.95 161.11 276.44 224.55 17.181 140.72 84.69 296.4533
167.53 92.73 133.8 47.07 113.69 33.86 163.26 275.79 229.61 17.222 141.31 86.05 297.0966
170.03 97.18 137.28 47.27 116.65 34.89 168.78 278.85 233.98 17.913 146.25 87.39 296.07
163.62 91.18 130.75 45.89 110.34 33.36 161.78 268.09 223.28 16.26 138.38 84.06 288.09
161.38 88.49 129.79 45.71 109.42 32.94 159.17 265.23 224.57 15.801 137.08 84.12 284.82
158.91 86.94 128.73 45.24 108.94 32.26 157.16 262.97 220.65 15.468 134.41 83.41 277.7
157.22 84.87 126.77 44.72 108.22 31.92 162.93 261.47 223.56 15.094 132.27 84.07 275.61
157.96 82.33 127.82 45.29 109.74 31.76 165.36 260.4 230.04 13.937 129.92 85.4 277.16
155.81 80.24 127.51 44.59 107.85 31.22 160.32 256.06 226.11 13.647 128.48 82.94 270.21
154.53 78.72 126.11 44.47 106.81 30.36 158.54 253.25 218.39 13.465 126.67 84.52 274.42
155.96 79.61 129.48 45.02 109.45 30.65 160.39 258.09 228.96 13.714 128.6 88.31 283.7
154.46 82.78 129.82 45.37 108.38 30.75 162.06 258.52 227.44 13.99 128.85 89.46 289.26
157.37 85.45 133.27 45.77 110.65 31.46 169.15 264.46 233.57 14.387 132.05 88.69 299.68
163.43 84.64 136.45 46.4 110.86 31.56 168.96 266.65 236.53 14.505 133.0 89.07 304.42
153.84 77.03 126.82 44.11 104.32 29.29 153.13 251.99 218.13 13.131 124.93 87.84 292.13
155.31 77.45 128.55 43.96 105.0 29.18 151.47 252.22 224.12 13.128 127.53 92.7 302.61
152.37 76.66 126.28 43.29 102.91 28.84 149.55 245.38 235.38 12.929 124.98 92.22 303.75
150.7 76.51 123.53 43.3 102.8 29.24 146.29 244.74 240.13 13.198 124.95 91.31 303.35
154.48 76.77 124.66 43.3 103.07 29.44 148.02 244.52 243.63 13.382 126.65 92.14 309.07
156.9 75.25 122.19 42.58 101.14 28.96 146.09 242.45 242.85 13.176 124.77 90.79 308.73
153.72 74.48 118.54 41.59 99.28 28.47 142.12 238.95 236.87 13.261 124.62 88.6 300.8
152.74 69.5 117.31 41.15 100.14 28.07 142.82 240.98 237.05 12.561 123.68 84.7 288.59
150.43 67.96 113.78 40.66 98.74 27.52 140.41 237.92 226.41 12.516 121.19 84.17 275.33
150.77 66.3 115.15 40.58 98.17 26.97 136.37 237.45 224.07 12.228 119.74 84.81 276.01
151.76 67.17 114.41 40.52 97.5 26.89 134.4 236.41 224.36 12.413 120.34 84.28 282.94
149.84 68.36 118.01 41.34 100.05 27.13 141.61 241.07 245.2 12.736 118.93 87.11 287.81
142.48 64.14 114.8 40.57 97.42 26.38 136.41 237.5 239.71 12.22 114.84 86.57 268.21
138.2 63.36 113.0 40.0 95.65 25.77 135.68 232.9 235.44 12.139 112.98 84.26 265.25
142.45 66.11 115.88 41.29 98.64 26.97 138.61 240.74 239.04 12.512 117.22 85.62 242.4
146.1 67.9 121.09 41.82 101.64 27.7 140.28 248.88 240.74 13.167 122.37 88.51 249.44
146.4 67.94 120.95 41.99 101.43 27.64 138.98 249.2 236.73 13.209 124.89 90.12 240.81
145.43 67.85 120.3 41.52 101.42 27.18 139.07 246.79 240.02 13.13 125.28 89.35 238.13
140.09 58.44 114.56 40.27 98.68 25.72 133.45 234.24 224.75 12.076 120.91 87.03 223.07
140.42 57.81 113.67 39.89 97.86 25.2 133.79 229.25 229.98 11.67 114.6 87.06 222.96
138.98 57.63 112.21 39.58 97.18 25.04 128.54 225.41 214.29 11.586 110.03 86.21 216.5
138.34 57.85 112.9 39.27 97.56 25.33 127.5 225.75 220.87 11.5 108.64 86.87 217.24
142.99 58.94 112.53 40.61 99.06 26.42 130.29 234.24 232.51 11.96 112.86 89.37 221.72
138.38 55.94 106.9 40.2 96.56 25.91 126.76 228.56 230.0 11.227 109.95 86.37 204.99
142.41 57.96 113.79 41.3 99.97 26.42 134.04 237.53 245.1 11.888 111.59 88.9 219.35
143.75 57.92 116.36 41.79 100.77 25.87 132.8 238.5 240.86 11.967 111.21 88.96 220.19
143.86 57.23 115.07 41.88 99.63 26.0 133.23 236.48 272.38 12.051 112.85 87.52 222.04
143.39 57.77 115.25 41.71 99.97 26.08 131.53 236.15 268.16 12.194 111.98 86.79 207.28
147.27 58.82 119.32 42.8 101.13 26.97 130.01 242.12 289.57 12.466 115.74 88.61 214.44
149.45 58.7 119.82 43.54 102.52 27.18 129.72 247.25 282.45 12.599 116.38 83.76 211.25
152.34 61.47 120.6 44.36 104.48 27.41 137.51 250.66 291.02 13.261 119.17 85.21 222.415
149.35 59.73 115.66 44.38 94.93 27.21 129.82 231.32 298.62 12.896 118.11 85.89 224.64
144.8 58.6 110.96 44.42 92.22 26.27 97.94 226.75 296.94 13.176 114.7 85.28 225.09
155.74 62.01 103.41 45.64 96.29 29.07 99.2 235.87 295.72 13.834 119.21 87.1 228.52
153.34 60.06 102.44 45.43 94.51 28.43 93.16 232.13 291.88 13.497 117.66 86.59 227.54
150.65 59.66 96.79 45.46 90.47 28.3 95.2 228.17 286.75 13.543 117.33 87.1 227.82
145.03 58.63 92.12 44.57 86.97 27.42 90.54 220.1 273.0 13.219 112.5 84.58 214.98
138.88 60.11 89.3 43.85 83.43 27.39 88.91 214.25 269.06 13.421 103.88 84.68 215.31
138.38 62.19 90.98 44.52 86.58 28.2 90.79 221.39 260.79 14.156 106.69 91.86 207.47
138.92 63.08 90.53 44.55 88.49 28.41 96.72 227.87 258.6 14.301 110.09 90.45 197.08
139.5 63.85 89.98 44.61 88.9 28.48 96.47 228.87 263.46 14.602 112.54 92.75 191.3
134.87 59.92 86.14 43.91 87.32 27.52 101.47 224.51 254.66 13.776 110.43 91.63 177.59
146.87 68.47 96.63 45.66 93.94 29.76 111.87 242.98 274.97 15.75 120.68 96.26 190.72
149.7 72.37 100.79 44.79 96.41 30.43 113.02 247.11 290.13 16.327 121.43 97.38 195.97
148.28 73.53 98.49 44.74 95.7 30.35 114.22 241.55 299.27 16.295 120.8 97.42 190.95
150.04 76.37 98.94 44.9 98.44 30.71 117.08 241.97 310.2 16.666 126.02 97.83 194.42
148.79 72.7 97.12 44.39 98.85 29.53 113.23 241.73 306.02 15.91 120.73 97.07 186.92
150.72 73.9 94.85 46.59 98.36 29.89 111.45 241.68 295.28 15.677 122.86 96.97 183.17
151.29 73.57 94.14 47.79 97.43 29.87 112.05 241.22 287.98 15.409 123.85 97.95 180.19
148.01 72.46 92.46 47.62 95.6 28.94 109.86 242.05 285.05 15.317 120.2 98.32 167.87
150.18 75.25 93.2 48.38 97.05 29.82 111.44 245.03 286.69 16.038 123.65 98.43 169.91
151.07 76.4 94.13 48.57 98.46 29.67 112.24 247.58 291.5 16.519 125.15 99.52 183.2
148.11 75.14 93.41 48.4 97.46 29.34 111.41 247.49 285.54 16.27 123.45 99.56 182.86
144.22 73.19 93.95 48.08 96.05 28.725 108.78 241.76 281.17 15.827 119.54 98.66 182.92
141.17 73.39 92.42 48.28 95.19 28.9 109.46 240.33 280.96 15.639 118.38 98.66 180.83
148.03 77.63 96.54 49.72 100.99 30.07 118.1 255.14 305.53 16.923 126.49 102.2 194.7
148.31 77.48 95.5 49.97 100.99 29.83 120.44 254.69 316.95 17.135 126.81 103.37 194.7
147.81 74.98 94.13 49.7 100.44 29.41 123.49 255.02 320.41 16.876 125.66 105.05 194.86
146.63 73.62 91.01 49.33 99.48 29.17 122.43 250.2 312.59 16.61 123.3 103.55 182.45
142.91 70.27 88.25 48.59 96.98 28.6 114.12 245.12 305.56 15.987 119.78 102.08 179.82
140.94 70.14 88.46 48.18 94.94 28.33 113.93 244.37 308.42 16.12 118.21 101.87 174.04
142.65 70.47 90.35 48.99 93.71 28.44 115.33 247.4 310.26 17.169 121.75 103.74 173.44
142.16 68.59 89.09 48.46 92.83 28.24 115.9 245.42 320.01 17.001 119.05 101.79 179.05
144.49 70.67 90.55 49.3 93.31 28.69 114.71 252.51 315.18 17.535 121.21 102.7 167.82
145.47 71.65 92.49 49.64 95.63 28.73 120.15 256.92 320.34 18.072 123.49 102.11 160.95
143.21 68.93 91.58 49.3 95.07 28.26 121.59 257.22 317.83 17.674 121.71 102.19 156.8
136.5 66.53 88.45 48.15 90.86 27.15 116.15 249.01 290.41 16.952 116.64 99.99 157.67
134.51 65.41 87.86 47.81 90.26 26.92 119.43 244.69 290.71 16.571 114.53 98.83 150.23
132.37 64.59 84.92 47.4 88.44 26.79 114.48 240.45 288.3 16.254 112.61 98.3 149.87
132.3 65.05 85.19 47.37 89.02 26.44 117.09 241.8 288.19 16.085 112.1 98.0 137.8
135.45 67.68 86.77 47.66 89.58 26.83 119.76 244.43 297.96 16.501 114.59 98.67 137.57
132.23 63.86 83.79 47.32 87.76 25.97 117.12 238.19 297.75 15.339 110.68 97.76 125.35
131.86 64.52 85.25 47.48 89.23 26.09 118.04 238.73 294.965 15.206 110.84 98.27 123.15
130.03 63.27 83.04 47.53 87.39 25.94 116.88 236.96 284.17 14.121 109.46 99.2 109.1
126.04 62.57 81.82 47.07 86.02 25.54 115.62 234.53 276.88 14.036 106.97 98.6 112.71
129.61 64.82 84.18 47.5 88.45 26.21 120.26 241.01 291.12 14.603 109.84 99.77 121.82
129.93 64.77 84.0 47.64 88.23 26.43 120.34 239.82 294.88 14.614 109.94 99.2 123.18
125.07 64.02 85.82 47.94 89.12 26.73 124.74 239.58 294.95 14.315 107.2 100.83 108.1
126.36 64.66 85.14 47.55 88.08 27.68 127.37 229.1 309.41 14.749 111.53 104.46 113.64
125.02 62.33 83.12 46.88 86.2 27.56 126.94 222.31 309.7 14.265 109.4 104.43 110.34
129.62 63.96 86.08 48.32 87.34 28.73 130.02 224.93 315.55 14.859 115.34 106.69 113.06
130.15 67.24 87.36 48.58 88.02 29.31 129.47 227.12 315.17 15.628 114.61 104.74 119.77
130.73 68.05 89.87 48.81 88.42 29.44 132.99 228.85 327.54 15.909 116.91 106.0 118.85
133.49 69.06 95.09 49.21 91.52 29.85 132.89 235.77 327.26 16.001 118.39 106.3 123.22
133.41 70.8 95.27 49.0 91.13 30.29 136.71 238.51 330.13 16.511 121.59 105.85 123.56
134.76 71.0 98.12 48.88 92.12 30.11 136.98 239.23 332.82 16.899 120.24 107.23 122.4
135.94 71.59 96.05 48.08 91.29 29.6 135.36 240.35 326.22 17.702 120.28 106.75 131.49
135.21 70.53 95.46 46.9 91.12 28.81 133.02 235.81 326.33 17.377 122.04 105.0 128.78
135.27 67.71 93.68 46.46 93.05 28.42 136.15 231.93 315.78 16.765 117.58 104.26 127.17
137.87 70.07 97.25 46.78 98.02 29.22 139.37 240.22 342.5 17.839 122.9 105.04 133.42
141.11 76.53 97.52 47.5 99.79 30.27 143.27 242.58 357.42 19.193 131.03 106.21 143.75
142.53 74.7 96.32 47.81 97.7 29.92 143.14 242.04 363.83 19.265 130.7 106.64 143.89
141.86 74.91 97.18 47.98 95.22 29.7 141.5 240.61 367.96 19.323 131.17 106.98 144.43
143.96 75.16 99.22 48.34 97.52 30.09 147.3 248.0 364.87 19.802 133.96 108.76 160.27
145.93 75.4 102.24 48.51 99.37 28.16 151.74 248.16 360.77 20.365 133.4 109.02 177.9
143.0 72.45 100.55 48.22 96.94 27.95 147.06 242.71 353.11 19.162 131.63 108.4 166.66
144.29 75.15 103.13 48.67 98.84 28.26 148.97 247.81 353.86 19.537 133.21 109.14 173.22
145.43 84.64 105.15 48.57 100.43 29.07 153.12 252.75 361.99 20.943 138.46 109.99 181.41
150.82 88.31 112.91 49.32 107.74 30.19 188.77 264.6 366.89 21.709 135.85 109.15 188.27
154.5 86.09 103.39 48.63 104.78 30.32 186.53 258.35 365.9 21.1 135.02 104.3 189.98
151.73 83.68 102.18 47.57 102.9 28.69 186.06 256.77 361.48 21.089 132.93 105.02 194.76
154.65 85.91 102.11 47.84 107.64 29.05 191.62 267.56 362.95 22.173 136.63 106.825 196.81
151.92 84.69 100.05 46.96 99.37 28.24 183.43 266.73 366.83 22.205 132.17 106.3 201.29
150.87 83.21 98.24 46.73 95.01 27.73 177.92 263.62 362.5 22.337 130.53 106.05 207.32
151.01 81.48 97.61 47.26 94.57 27.8 174.15 263.1 347.36 21.265 128.99 107.09 196.89
153.85 83.13 99.54 47.86 94.61 28.55 179.43 271.32 358.57 21.788 130.84 108.52 194.64
153.2 85.95 99.7 47.7 94.68 28.64 179.48 272.17 359.96 22.971 132.34 107.98 209.25
155.33 85.18 101.16 48.45 96.94 28.85 177.16 269.32 361.42 22.764 133.07 109.0 214.24
153.71 80.08 98.15 50.99 95.51 28.2 172.44 262.15 350.71 22.002 130.16 107.54 202.04
152.55 78.5 97.2 50.77 94.35 27.61 172.88 258.06 347.96 21.388 127.72 107.1 208.31
148.48 76.77 94.58 49.69 91.79 26.06 172.08 252.67 337.5 20.655 123.7 104.78 197.37
148.91 76.61 95.79 49.31 91.65 25.47 171.12 251.51 334.88 20.754 123.95 104.77 200.86
149.4 79.75 95.82 49.21 90.89 25.61 172.04 254.77 323.65 23.664 126.2 103.51 202.07
146.71 78.09 93.5 48.48 89.13 25.14 170.39 249.22 317.15 23.286 124.34 101.6 196.88
147.92 78.77 93.76 48.73 89.87 24.9 169.54 250.16 323.03 23.501 123.42 102.44 207.63
147.41 78.58 94.23 48.42 90.06 24.93 174.94 249.42 322.13 23.216 123.53 102.09 205.71
145.31 78.29 92.17 48.34 90.36 25.33 173.42 246.27 313.48 22.698 123.68 101.43 202.77
145.91 80.44 92.13 48.53 92.0 26.2 174.53 251.11 311.88 23.314 123.78 103.01 190.9
151.03 81.52 94.9 49.28 93.65 26.4 185.25 255.29 315.18 23.89 123.6 104.55 197.79
153.83 81.16 93.75 49.42 95.13 25.99 184.9 256.87 312.03 23.554 122.41 104.99 193.81
151.6 82.11 93.55 48.91 93.86 25.53 184.51 254.15 308.47 23.288 119.19 103.34 187.71
152.87 85.37 93.92 49.11 94.25 25.98 184.97 253.7 311.79 24.181 121.2 102.5 182.0
150.59 84.03 92.25 48.81 92.32 26.44 181.69 252.32 297.78 23.436 117.22 100.3 172.92
148.5 82.67 90.73 48.56 90.63 27.22 179.51 248.59 292.76 22.965 115.19 99.38 173.44
150.47 82.01 92.43 48.41 91.11 26.95 180.9 253.92 293.51 22.966 114.43 99.08 174.48
152.59 87.45 94.88 49.05 93.97 28.01 194.02 260.79 294.94 24.063 116.55 99.46 183.26
152.99 89.68 96.2 49.06 96.11 28.41 197.75 265.44 303.79 24.228 115.49 99.34 180.45
155.85 96.6 100.04 50.12 100.32 30.18 204.93 276.2 310.06 25.541 120.51 100.43 184.13
155.0 97.84 98.95 50.19 101.62 29.81 195.61 279.43 303.5 25.725 120.73 98.7 180.13
157.4 96.81 97.71 50.94 101.22 29.16 197.81 272.23 305.13 25.9 121.82 99.85 183.25
159.28 95.93 100.61 50.67 104.92 28.46 202.16 273.78 305.79 26.199 123.8 100.54 197.58
157.83 97.58 98.7 49.46 103.37 28.13 199.81 272.29 293.9 26.468 121.97 99.12 191.15
158.93 100.28 98.71 49.73 105.6 29.03 204.28 277.66 320.37 27.191 124.15 98.42 192.22
160.25 97.95 98.13 50.51 105.44 29.36 206.01 280.57 328.39 26.779 124.76 98.34 190.41
158.28 96.61 98.04 50.54 102.46 29.18 202.84 276.38 327.66 26.531 123.6 98.66 191.81
157.65 94.56 97.24 50.39 101.03 29.29 200.68 275.23 323.52 26.41 121.34 98.72 189.19
160.77 96.09 100.25 51.17 101.39 31.52 205.35 280.51 332.03 26.984 125.09 100.62 193.88
162.36 97.88 102.0 51.43 100.89 32.09 207.84 284.05 338.43 27.383 127.4 101.32 195.28
164.9 98.01 103.29 52.275 103.73 32.67 211.94 288.3 345.48 27.777 127.58 104.13 207.46
166.17 96.56 102.41 52.31 104.36 32.89 213.07 287.23 348.28 27.965 124.74 104.85 194.77
165.63 95.87 103.95 51.82 104.72 33.1 214.72 287.18 346.75 27.453 122.3 104.0 192.58
163.76 92.56 101.1 51.82 104.47 32.83 211.48 284.34 342.35 26.881 123.04 104.9 185.52
164.66 92.47 102.06 51.27 108.42 32.81 216.1 291.6 339.33 27.037 123.0 104.68 185.06
162.03 95.48 102.17 51.33 106.44 32.52 214.75 289.39 338.99 27.579 124.29 104.74 184.51
160.8 94.03 99.92 50.62 105.35 32.35 213.85 282.83 338.21 27.169 123.57 105.74 186.79
160.1 92.33 97.83 50.11 104.64 32.02 214.0 283.49 331.03 26.495 120.27 105.6 180.54
165.56 92.09 102.4 50.8 107.43 32.13 220.35 289.84 346.19 26.463 121.13 106.99 185.9
165.21 91.75 102.51 50.54 108.87 31.89 221.49 286.14 338.63 26.758 120.16 107.47 185.0
165.23 89.87 102.74 50.28 105.97 32.14 218.86 288.8 332.72 27.002 119.38 108.31 187.04
166.47 89.78 102.3 50.31 104.5 31.83 217.89 288.37 333.7 27.667 118.36 107.91 184.31
167.63 89.94 104.3 48.04 104.18 31.15 215.7 288.45 323.12 27.931 118.54 107.16 180.59
166.65 90.11 103.81 46.58 105.29 30.86 213.07 286.11 325.35 27.104 118.64 107.05 162.99
165.02 88.43 106.96 47.03 105.41 30.3 212.89 285.76 327.98 27.119 117.76 108.19 165.08
165.33 87.57 106.21 47.39 105.97 29.66 212.79 281.77 329.02 27.042 117.35 109.29 162.55
163.77 83.8 102.57 47.09 103.85 28.88 207.55 275.42 322.55 26.241 114.05 109.34 160.67
163.76 85.94 104.98 46.54 103.71 29.05 209.4 295.37 321.15 26.956 114.16 111.47 153.75
168.41 87.44 109.82 46.56 107.59 29.86 238.56 304.83 325.85 27.226 113.92 112.75 160.19
169.68 89.37 105.45 47.25 107.34 31.06 240.32 307.26 329.93 27.749 116.8 114.29 164.31
169.59 89.69 102.05 47.34 107.2 30.3 243.18 305.56 324.12 28.91 115.84 114.56 161.83
168.54 89.91 103.63 46.36 105.32 29.77 239.24 305.41 317.55 28.21 116.11 114.46 160.31
167.45 81.62 103.65 45.96 105.41 30.65 237.03 304.4 319.3 27.802 112.83 103.96 160.61
165.79 86.61 104.0 45.7 104.69 31.24 233.52 305.41 320.78 27.562 106.58 104.72 161.2
173.57 89.84 105.655 46.25 105.57 30.99 232.78 310.65 322.76 28.68 108.78 107.21 170.06
173.5 95.04 105.83 46.34 107.77 30.77 233.27 308.65 331.21 29.151 108.31 107.17 171.79
171.77 95.06 106.62 46.47 107.35 30.1 233.37 307.0 332.14 28.571 105.77 106.71 169.15
173.555 97.02 110.19 46.71 111.75 29.97 233.08 312.31 335.42 28.885 106.46 106.97 168.54
173.75 97.1 112.18 46.37 116.57 28.86 235.79 310.11 344.76 28.578 104.06 105.63 172.08
172.57 95.26 110.26 46.71 117.51 28.95 233.81 308.97 339.89 28.34 103.62 106.12 167.98
172.07 97.4 111.2 47.1 116.51 29.8 238.86 309.46 335.89 28.953 106.28 106.64 166.35
172.07 101.48 113.4 46.92 119.51 29.22 238.82 311.74 333.75 29.213 103.79 105.28 166.52
172.69 103.75 115.5 47.63 120.84 28.87 242.485 314.0 339.96 30.178 104.81 105.69 173.86
175.05 107.93 118.15 48.2 122.83 29.68 246.85 318.52 371.29 31.678 106.96 107.09 176.89
175.16 105.82 116.25 49.13 122.76 29.93 245.64 318.34 365.36 31.264 105.86 105.51 180.14
174.2 108.0 115.01 48.82 125.05 30.28 248.32 321.18 363.01 31.176 105.28 102.9 188.87
171.56 108.12 114.99 48.91 122.56 29.51 246.74 315.26 355.99 30.688 103.56 100.34 185.77
171.84 108.27 116.75 48.41 120.9 29.0 249.21 313.85 364.85 30.538 103.02 99.61 182.9
172.99 120.35 115.0 49.03 123.48 27.4 252.69 325.92 359.0 37.98 104.02 98.44 184.47
175.43 127.03 120.11 49.86 124.61 29.0 262.04 332.89 378.88 38.946 110.35 98.53 193.17
177.3 125.27 121.66 50.17 123.67 29.99 262.52 331.21 392.98 40.111 116.0 97.75 201.16
177.25 118.21 120.58 49.67 122.87 31.44 264.72 328.39 395.23 37.834 113.41 97.64 203.93
180.09 119.47 122.77 49.74 123.72 31.13 272.61 332.58 403.13 39.77 115.83 97.52 207.52
180.95 117.86 124.25 50.02 124.67 31.31 272.61 335.4 400.47 39.327 115.62 99.5 213.97
179.58 117.93 125.3 50.21 126.01 29.86 271.39 335.94 403.54 39.171 112.73 99.93 217.61
179.21 124.23 126.61 49.81 127.31 30.96 271.12 333.68 399.29 38.654 116.36 98.22 221.31
177.82 117.83 121.23 49.78 122.5 31.28 263.6 323.38 399.77 37.475 115.18 97.92 224.57
180.57 121.05 124.25 49.68 122.14 31.82 264.58 325.26 409.37 38.51 116.35 99.15 234.86
180.96 124.92 123.43 49.66 122.23 31.34 264.95 326.79 420.02 38.77 119.11 97.96 244.4
183.79 129.19 126.57 50.48 123.64 33.07 271.05 331.85 423.97 39.482 122.14 98.46 249.83
183.31 124.53 126.66 50.8 123.83 33.91 271.32 334.29 435.73 41.022 124.43 99.26 258.71
183.95 127.33 126.42 50.96 123.67 35.58 273.35 337.34 440.86 42.997 123.4 100.66 256.79
186.01 124.24 127.11 51.93 125.09 35.82 281.83 348.1 445.27 42.653 123.61 101.38 255.9
184.92 120.08 125.49 52.07 123.53 36.37 281.0 342.33 431.96 42.692 122.68 101.87 260.54
185.01 118.93 125.78 51.55 123.1 35.0 284.33 338.05 434.7 43.808 119.82 101.27 274.45
183.96 112.11 124.83 50.85 120.55 32.9 281.64 333.56 424.45 43.045 115.76 101.87 259.46
187.0 110.7 130.15 51.12 123.15 32.71 284.88 339.71 422.48 43.025 116.4 100.85 264.61
186.68 110.01 129.33 50.33 122.34 33.0 288.73 335.02 424.02 42.209 113.43 98.34 256.6
185.27 107.51 127.33 50.21 118.34 33.34 278.47 328.6 415.94 40.632 116.63 98.23 241.05
188.06 110.39 129.18 50.86 118.33 34.1 287.05 334.57 417.08 41.876 119.79 98.72 250.21
189.25 110.17 129.04 50.87 120.18 33.57 285.29 335.85 429.84 41.117 117.54 98.61 256.24
189.59 111.24 127.9 51.21 119.1 32.91 281.53 335.05 428.24 40.822 118.06 98.68 257.5
193.97 113.91 130.36 51.74 119.7 33.44 286.98 340.54 440.49 42.302 119.04 99.06 261.77
192.46 115.82 130.22 51.82 119.9 33.62 286.02 337.99 441.44 42.413 120.09 99.15 279.82
191.33 113.95 130.38 51.51 121.75 32.51 294.37 338.15 445.9 42.317 117.13 98.46 282.48
191.81 113.48 128.36 51.11 120.11 31.97 291.99 341.27 438.84 42.103 115.22 96.2 276.54
190.68 113.17 129.78 50.99 119.48 31.85 290.53 337.22 438.1 42.503 115.94 96.05 274.43
188.61 113.58 127.13 51.4 116.45 32.74 294.1 331.83 441.71 42.18 117.12 99.13 269.61
188.08 111.32 128.78 52.12 117.14 33.3 298.29 332.47 440.21 42.405 116.87 100.09 269.79
189.77 114.58 130.8 50.74 118.93 33.98 309.34 337.2 444.05 43.902 118.68 101.14 271.99
190.54 115.92 134.3 51.53 124.54 33.87 313.41 342.66 450.38 45.977 123.12 101.6 277.9
190.69 115.94 134.68 50.38 125.42 33.15 308.87 345.24 441.91 45.469 122.56 101.61 281.38
193.99 118.32 133.56 50.81 124.65 34.37 310.62 345.73 450.05 46.461 123.4 100.93 290.38
193.73 117.93 132.83 51.24 123.76 34.5 312.05 359.49 474.8 47.494 122.86 100.76 293.34
195.1 116.43 135.36 52.43 122.03 34.46 316.01 355.08 477.59 47.077 124.42 101.83 291.26
193.13 110.25 129.96 52.37 119.2 33.37 302.52 346.87 437.42 45.52 120.72 100.88 262.9
191.94 110.95 130.0 52.63 120.02 34.02 294.26 343.77 427.5 44.309 124.72 102.82 260.02
192.75 110.61 128.8 53.11 121.53 33.63 291.61 345.11 428.37 44.612 124.1 102.78 269.06
193.62 113.0 129.13 53.6 122.21 34.1 294.47 350.98 427.7 45.679 125.07 102.92 265.28
194.5 110.09 128.15 53.22 129.27 34.36 298.57 337.77 422.67 45.452 124.02 101.73 264.35
193.22 111.1 128.25 53.0 129.4 34.55 311.71 330.72 413.17 45.9 125.85 100.78 255.71
195.83 112.96 132.21 52.09 132.58 36.83 325.48 338.37 425.78 46.75 129.48 101.25 266.44
196.45 114.4 133.68 52.04 132.72 35.77 318.6 335.92 438.97 46.729 132.17 101.57 267.43
195.605 117.6 131.69 52.66 131.55 35.8 322.71 336.34 438.62 46.507 132.08 101.26 261.07
192.58 109.35 128.21 52.58 128.38 34.39 314.31 327.5 429.7 44.269 129.27 102.13 254.11
191.17 113.15 128.91 53.15 128.45 34.87 313.19 326.66 431.0 44.515 118.7 102.33 259.32
181.99 115.82 139.57 52.63 128.11 35.14 310.73 327.78 431.6 44.68 121.5 100.68 253.86
178.85 116.81 142.22 53.01 131.53 35.23 316.56 330.11 440.76 45.4165 119.34 101.74 251.45
179.8 113.23 139.94 53.06 131.4 35.02 312.64 326.05 438.3 44.664 117.66 100.695 249.7
178.19 110.47 137.85 52.99 129.66 34.28 305.21 322.23 428.9 42.554 116.57 99.92 242.19
177.97 110.23 138.56 53.37 129.69 34.68 305.74 322.93 429.98 42.388 115.61 101.66 245.34
177.79 107.57 138.41 53.79 129.56 34.89 301.64 321.01 421.66 40.855 114.61 100.99 242.65
179.46 111.98 140.57 53.88 131.33 35.68 306.19 324.04 427.78 43.753 114.02 101.01 239.76
177.45 111.35 137.67 53.35 129.78 34.77 301.95 321.86 423.7 43.94 111.68 100.04 232.96
176.57 107.19 135.07 52.96 128.7 33.53 294.29 320.4 415.45 43.486 110.15 98.98 225.6
174.0 104.44 133.98 54.73 129.92 32.58 285.09 316.88 403.0 43.3435 110.08 96.57 219.22
174.49 105.45 133.22 55.04 127.46 32.75 283.25 316.48 404.53 43.299 110.1 97.23 215.49
175.84 108.22 134.68 55.44 128.37 33.14 289.9 321.88 408.29 46.967 110.68 96.46 231.28
177.23 105.66 134.25 55.46 129.08 32.89 287.6 322.46 413.17 45.668 109.47 96.07 233.19
181.12 109.43 135.52 55.98 132.37 33.98 294.24 327.0 427.55 47.116 111.17 95.18 236.86
176.38 101.8 131.84 55.24 129.78 32.59 286.75 319.97 406.93 47.163 108.51 94.83 230.04
178.61 102.25 133.26 55.7 129.88 33.25 285.5 322.98 416.03 46.018 110.32 95.48 238.59
180.19 102.61 133.14 56.2 131.01 33.62 290.26 323.7 418.06 46.835 111.68 97.04 238.82
184.12 105.92 134.91 56.56 134.57 34.31 297.99 328.41 429.99 48.784 113.78 99.15 257.18
187.65 106.59 135.07 56.81 135.88 34.53 295.1 328.79 434.67 49.264 113.27 99.24 256.9
187.87 105.72 138.01 57.35 136.17 35.14 295.89 327.76 433.68 49.355 114.53 97.44 258.08
189.46 109.45 138.12 57.84 135.66 36.61 296.38 328.66 439.88 48.509 115.385 98.0 245.01
189.7 110.78 137.27 57.26 135.77 36.71 300.15 333.55 448.68 48.548 116.55 96.84 256.49
182.91 109.28 135.36 57.16 134.46 36.98 299.17 332.88 445.76 47.061 114.68 95.95 251.92
177.56 106.59 137.85 56.79 135.26 38.18 298.67 329.91 443.14 46.241 106.4 95.1 251.49
178.18 106.09 138.23 56.67 136.38 38.01 297.89 334.27 442.8 45.572 106.14 95.28 248.5
179.36 105.32 143.1 56.84 136.92 38.59 307.56 337.94 445.36 45.178 110.28 95.67 273.58
176.3 105.31 141.23 56.39 135.34 38.86 301.66 331.77 434.69 44.87 111.23 96.24 267.48
174.21 107.71 144.85 56.28 136.71 38.71 305.06 336.06 412.24 45.485 112.64 96.93 271.3
175.74 106.63 144.72 56.37 138.1 38.67 311.72 338.7 400.49 45.581 114.04 97.16 276.04
175.01 101.49 140.39 56.04 137.4 37.88 300.31 330.22 396.94 43.9 113.14 96.23 274.39
177.97 102.37 139.98 56.11 138.21 37.99 302.55 329.06 394.4 43.966 112.75 96.76 265.28
179.07 101.61 137.63 55.84 138.04 36.34 305.07 328.65 396.2 43.52 110.72 95.29 266.5
175.49 100.34 135.29 55.5 133.74 34.69 299.67 320.77 386.3 42.239 109.22 95.16 262.59
173.93 96.11 129.33 53.34 130.44 34.65 295.73 319.53 384.15 41.017 107.96 93.1 255.7
174.79 96.2 129.12 53.57 130.25 34.18 299.08 317.01 379.81 41.61 107.68 93.68 244.88
176.08 97.38 131.27 53.48 131.11 34.29 300.83 317.54 384.8 42.222 110.43 92.74 246.99
171.96 95.96 125.98 52.71 128.565 33.83 298.96 312.14 379.25 41.911 109.72 92.0 244.12
170.43 98.07 125.98 53.2 130.54 34.61 297.74 312.79 377.59 42.468 109.19 91.17 240.5
170.69 102.76 125.98 53.88 132.31 35.18 303.96 313.64 376.36 43.089 111.1 91.08 246.38
171.21 102.82 127.12 53.76 130.86 35.55 300.21 315.75 377.6 43.499 111.06 91.27 250.22
173.75 103.27 129.46 54.39 134.17 35.46 306.82 321.8 380.33 44.782 111.1 91.13 251.6
172.4 100.08 124.72 53.65 132.43 35.69 300.94 313.39 376.75 43.517 110.19 89.48 246.53
173.66 104.07 127.0 53.45 135.24 35.93 305.58 318.955 376.9 44.041 109.85 91.15 261.16
174.91 102.91 125.96 53.07 135.07 35.89 304.79 319.36 372.59 44.688 109.8 92.37 260.05
177.49 107.24 127.96 53.45 137.58 36.19 315.43 327.26 381.51 45.762 110.88 92.85 260.53
178.99 106.97 128.26 53.92 138.42 36.06 318.36 329.82 385.95 45.273 111.8 92.68 259.67
178.39 109.01 129.48 53.87 138.06 36.43 321.84 328.39 373.32 45.798 112.31 93.18 263.62
179.8 108.31 131.83 53.66 140.55 36.88 327.82 332.42 365.93 46.806 111.12 91.95 262.99
180.71 108.79 132.33 53.85 138.97 36.84 324.16 331.16 361.2 46.945 111.455 91.42 258.87
178.85 105.09 129.79 53.77 137.36 35.97 314.69 327.73 355.68 45.461 108.66 91.48 251.12
178.72 106.46 132.55 54.16 139.095 36.56 321.15 332.64 360.82 46.095 110.51 93.65 253.92
177.15 105.14 131.47 53.94 139.72 36.06 324.0 332.06 355.72 43.938 112.2 94.18 254.85
175.84 102.17 128.13 53.77 137.96 35.64 316.97 330.11 346.19 42.196 110.98 93.75 242.68
175.46 102.4 128.4 53.32 137.75 35.67 312.81 331.32 401.77 42.101 111.28 94.42 220.11
172.88 101.81 125.17 52.93 135.6 34.92 308.65 326.67 400.96 41.387 108.63 94.19 211.99
173.0 100.01 126.56 52.2 136.5 33.85 314.01 329.32 406.84 42.975 108.66 94.2 212.08
173.44 101.67 128.56 53.01 138.81 34.59 312.55 330.53 413.73 43.663 109.39 94.62 216.52
171.1 96.055 121.39 52.4 125.61 32.83 299.53 340.67 411.25 41.779 104.78 94.0 212.42
166.89 93.67 119.57 51.37 122.28 32.52 288.35 327.89 403.54 40.326 105.62 92.67 205.76
168.22 96.43 127.74 51.56 122.17 35.54 296.73 329.81 397.87 40.5 106.46 92.02 207.3
170.29 96.18 132.71 51.57 124.46 35.69 302.66 337.31 410.08 41.161 107.83 93.15 197.36
170.77 98.5 133.09 52.13 124.08 36.5 301.27 338.11 411.69 40.78 108.99 92.24 200.84
173.97 108.04 137.0 52.19 126.45 37.29 311.85 346.07 420.19 42.325 110.89 91.35 205.66
177.57 107.83 138.07 52.75 127.49 37.7 310.87 348.32 424.71 43.506 117.36 100.01 218.51
176.65 112.25 138.6 53.01 129.1 38.14 314.6 352.8 432.36 45.005 119.52 102.65 219.96
179.23 111.75 139.74 53.29 130.25 37.95 315.8 356.53 434.74 45.751 119.93 104.03 219.27
181.82 113.45 142.71 53.13 130.97 38.77 318.82 360.53 434.61 45.955 120.72 103.68 222.18
182.89 113.59 142.08 53.0 131.84 37.92 319.78 363.2 436.65 46.574 120.06 104.3 222.11
182.41 113.49 140.6 52.0 130.24 37.8 320.55 360.69 435.15 46.95 120.1 102.23 209.98
186.4 118.59 143.56 52.59 132.59 38.86 328.77 369.67 447.24 48.335 124.21 104.33 214.65
184.8 116.79 142.59 52.23 132.09 38.23 329.19 366.68 444.62 48.62 123.85 103.51 223.71
187.44 119.88 145.8 53.17 133.62 39.41 336.31 370.27 448.65 49.656 127.36 105.6 237.41
188.01 118.0 143.2 53.28 134.62 40.61 332.71 369.67 461.94 48.888 128.92 106.03 242.84
189.71 119.83 142.83 48.04 136.93 43.35 334.19 376.17 466.95 49.48 128.7 107.21 233.59
189.69 120.62 145.18 47.755 135.31 43.81 335.04 369.85 465.91 49.298 129.47 105.57 234.3
191.45 121.53 146.13 48.27 136.25 44.74 339.97 377.44 474.47 50.409 129.51 104.3 235.6
190.64 119.16 143.9 47.8 136.97 43.64 336.98 373.07 474.95 49.944 127.02 103.69 241.2
191.31 122.51 146.71 48.08 138.49 43.67 341.49 377.85 478.0 48.716 127.5 103.44 234.21
189.97 122.31 146.74 48.36 136.69 43.96 338.23 377.43 479.56 47.776 127.75 102.78 235.45
189.79 122.65 147.73 47.93 136.41 44.08 334.7 378.61 479.17 48.242 128.2 102.36 236.08
190.4 122.01 147.03 47.85 137.2 44.23 338.99 382.7 479.0 47.821 126.59 101.18 246.72
189.37 123.85 146.32 48.05 134.99 44.94 332.2 378.85 477.19 48.14 127.91 99.85 244.14
189.95 121.16 146.09 48.38 132.53 44.7 327.15 378.91 473.97 46.77 129.05 99.3 240.08
191.24 121.39 147.03 48.47 131.86 43.74 324.82 374.51 465.74 46.765 129.67 99.2 238.83
189.43 118.57 144.84 48.05 129.27 42.35 320.02 369.14 453.9 45.51 129.95 97.6 235.58
193.42 118.38 146.88 47.93 130.99 41.92 318.29 372.52 455.15 46.566 130.75 95.54 238.72
192.32 116.82 144.52 47.7 130.02 41.27 317.45 368.8 446.73 45.503 129.96 97.02 239.37
194.27 128.37 146.88 48.26 136.93 42.15 326.59 370.95 452.0 46.596 132.94 96.44 242.64
195.71 128.92 147.42 48.38 134.99 42.7 332.75 374.23 453.76 47.506 132.97 96.61 243.84
193.18 134.41 145.89 49.39 133.29 44.54 325.28 371.3 459.89 46.627 136.1 98.12 239.74
194.71 137.61 147.48 49.33 132.52 44.04 334.22 374.38 463.0 47.657 136.68 98.15 237.01
197.96 138.19 148.84 49.69 132.57 44.57 334.74 374.37 479.98 48.088 138.8 98.11 239.29
198.11 138.0 147.42 49.44 131.94 45.18 333.17 365.93 469.83 48.35 141.5 97.84 251.05
197.57 139.15 149.97 49.87 132.6 46.16 334.92 370.73 472.06 48.89 143.13 96.75 253.5
195.89 138.9 154.07 50.24 135.8 45.69 344.62 372.65 486.12 50.077 141.65 96.56 252.08
196.94 140.15 153.79 50.18 136.65 46.66 350.36 373.26 495.02 49.604 143.23 97.72 257.22
194.83 135.47 152.12 49.8 138.34 45.76 349.28 370.62 489.27 48.111 140.44 94.71 247.14
194.68 139.91 153.84 49.7 140.42 47.08 354.09 373.54 491.61 48.99 142.44 95.33 254.5
193.6 139.6 153.42 50.09 141.49 48.0 353.39 374.58 486.76 48.83 143.49 95.28 252.54
193.05 143.41 153.41 50.28 141.52 50.5 354.83 374.66 491.19 49.279 145.46 95.67 256.61
193.15 146.07 153.34 50.44 140.37 50.76 357.83 374.07 491.79 49.417 145.72 95.29 261.44
193.58 148.76 153.38 50.48 140.23 50.39 358.32 375.28 490.51 49.522 145.86 95.93 253.18
192.53 147.41 151.94 50.52 139.69 50.25 353.96 376.04 486.88 49.522 144.63 96.01 248.48
185.64 138.58 149.93 50.51 138.17 47.8 346.29 370.87 468.5 48.168 140.23 93.67 248.42
184.25 135.32 148.47 50.51 138.92 47.05 344.47 370.6 470.26 47.569 137.6 93.23 238.45
181.91 136.01 144.57 50.08 136.39 46.87 347.12 367.94 474.67 47.998 136.17 93.55 237.93
181.18 138.58 145.24 50.09 135.73 46.89 351.95 367.75 474.06 49.097 136.73 92.99 237.49
185.56 146.18 149.1 50.46 138.84 48.45 358.66 374.69 485.03 52.253 139.03 94.19 240.45
185.14 149.26 151.37 49.91 140.95 48.05 357.43 375.79 482.09 53.14 139.89 93.09 234.96
186.19 148.54 153.73 50.24 142.28 47.47 370.47 382.77 478.33 54.35 139.31 93.5 233.94
185.59 148.02 155.18 50.44 142.08 47.64 369.67 384.63 492.23 54.822 139.03 92.94 227.22
185.92 146.56 154.62 50.34 142.65 47.12 374.49 388.47 492.16 54.71 140.2 91.98 218.89
183.63 158.74 153.16 50.59 142.49 47.06 367.46 390.27 481.24 56.382 141.12 92.7 219.91
182.68 160.17 151.71 50.3 141.47 46.06 368.37 389.47 480.33 56.053 139.32 91.77 215.55
188.63 162.67 153.5 50.75 143.48 46.74 376.13 393.87 485.31 57.107 145.29 93.34 211.88
191.56 174.23 155.34 51.27 146.38 48.15 383.45 398.67 482.95 59.491 151.96 93.86 212.19
193.89 168.18 154.78 51.57 145.99 48.22 381.78 396.51 485.71 59.654 152.87 93.07 208.8
195.18 168.42 156.02 51.76 147.04 48.89 385.2 398.9 492.19 59.873 153.5 91.97 209.14
194.5 178.29 156.87 51.31 148.7 49.09 390.7 402.56 544.87 61.362 154.37 92.04 207.83
194.17 180.33 157.75 52.33 151.87 49.55 393.18 404.87 562.0 61.617 154.47 92.61 182.63
192.42 177.25 159.12 52.14 152.185 43.65 394.14 403.93 570.42 61.031 150.72 92.8 183.25
191.73 177.83 161.26 52.29 153.51 43.84 401.02 409.72 575.79 62.465 149.64 93.8 190.93
188.04 172.06 159.0 52.24 151.46 42.92 400.06 408.59 562.85 62.774 145.98 94.08 191.59
184.4 167.69 155.2 50.18 140.1 43.08 390.14 397.58 564.11 61.527 148.51 93.03 187.29
186.86 170.48 159.28 50.18 141.16 43.36 394.78 403.78 567.51 63.027 141.11 93.37 188.86
185.85 177.66 171.81 50.18 142.38 42.6 474.99 411.22 564.64 66.16 141.69 92.99 187.91
187.68 174.23 170.31 49.51 143.68 42.77 459.41 405.65 562.06 69.332 144.03 92.51 181.06
189.3 167.88 169.15 49.98 144.1 42.74 454.72 405.49 555.88 68.223 144.1 95.67 185.1
189.41 170.94 170.53 49.77 145.54 42.78 469.59 414.05 559.3 70.099 145.89 95.31 187.58
188.32 169.35 169.84 49.95 145.91 42.5 470.0 414.11 558.53 69.641 148.18 96.59 189.56
188.85 172.48 174.45 50.13 149.0 43.31 468.11 420.55 561.32 72.133 151.0 97.3 193.57
187.15 171.91 172.34 49.99 147.53 44.03 468.9 415.26 557.85 72.248 153.1 95.47 188.13
185.04 171.54 168.64 49.64 145.14 43.16 460.12 406.32 554.52 72.128 150.04 93.87 184.02
184.15 178.7 170.98 50.28 145.94 44.19 473.28 409.49 579.33 73.9 153.94 94.07 188.71
183.86 176.76 169.8 49.06 142.77 44.05 484.03 406.56 593.46 72.658 155.98 93.22 200.45
182.31 173.87 169.51 48.44 140.52 43.51 473.32 404.06 583.95 72.613 152.69 93.22 199.95
181.56 165.69 167.08 48.28 141.12 44.52 471.75 402.79 575.13 69.452 151.96 93.46 193.76
182.32 164.29 168.59 48.48 142.55 43.47 468.03 402.18 573.35 67.472 152.01 95.02 194.77
184.37 181.86 174.58 48.57 144.09 42.98 486.13 411.65 588.47 78.538 154.75 95.78 197.41
182.52 176.52 174.99 48.86 143.96 42.99 484.03 410.34 583.56 78.817 154.91 95.62 191.97
181.16 176.01 174.73 48.4 137.57 42.99 481.74 407.54 587.65 79.092 157.03 94.28 199.4
182.63 178.0 173.54 48.31 138.88 42.73 487.05 407.48 601.67 78.701 158.3 94.13 199.73
181.42 176.54 173.16 48.06 136.38 41.99 484.02 407.72 596.48 77.663 155.85 93.0 202.04
180.75 192.53 176.76 48.37 138.46 43.05 490.13 413.64 602.92 79.112 157.79 94.9 201.88
179.66 202.64 178.22 48.4 137.14 43.82 502.3 415.5 619.34 82.279 163.09 93.16 202.64
175.1 205.36 177.58 49.13 133.35 45.61 498.19 414.92 615.83 85.237 166.56 92.46 188.14
170.12 205.13 174.12 48.95 132.67 43.16 490.22 402.65 598.5 85.964 161.45 91.22 180.74
169.12 210.63 173.51 49.17 131.4 44.51 496.09 402.09 597.69 88.7 167.89 91.65 176.54
169.0 211.38 176.82 48.9 134.38 46.15 512.19 409.14 608.51 92.669 175.72 90.95 178.65
170.73 207.39 175.35 49.5 135.41 44.0 505.95 406.22 604.82 87.528 170.57 91.06 175.34
172.75 198.39 171.96 50.22 137.67 44.86 483.59 404.52 600.93 85.774 171.12 92.07 177.77
173.23 202.76 175.39 50.07 138.5 45.24 499.75 415.28 611.08 91.913 173.08 92.4 177.54
171.13 194.79 176.555 50.11 139.79 43.23 495.57 415.1 609.45 90.888 169.25 91.61 169.48
173.0 187.06 178.75 49.79 143.1 42.75 491.83 425.22 613.01 87.944 168.45 91.66 162.5
172.62 191.06 174.42 48.93 141.18 42.64 484.1 416.42 605.88 87.8365 167.2 90.12 163.57
173.72 190.65 174.48 49.27 147.68 42.71 496.98 417.32 618.39 88.455 166.92 91.01 173.8
176.08 181.42 175.9 49.14 147.03 42.05 496.24 421.41 620.74 89.398 164.1 91.59 171.32
178.67 179.73 178.15 49.55 148.74 42.2 505.52 425.23 627.69 90.372 167.67 92.6 175.66
171.37 178.68 178.15 49.88 147.6 42.42 507.76 429.37 622.71 91.435 170.85 91.66 172.82
172.28 179.65 178.87 49.78 150.77 42.57 509.58 428.74 628.01 94.289 170.1 90.71 170.83
170.85 178.63 179.71 49.68 150.07 41.83 503.02 422.86 627.46 95.002 167.52 90.67 172.63
169.71 177.87 178.3 49.55 150.67 41.99 495.89 421.65 629.24 92.561 167.07 90.36 177.67
173.31 179.59 179.83 49.77 150.87 43.77 493.86 421.43 613.53 90.25 169.13 91.5 179.83
171.48 180.49 180.38 49.91 150.93 44.17 485.58 420.72 607.33 90.356 169.3 91.39 175.79
170.03 183.34 180.97 50.04 155.49 44.52 491.35 424.57 614.31 90.363 171.72 91.53 175.22
168.84 178.7 180.69 49.36 154.56 43.94 497.37 421.44 614.21 89.452 171.04 89.3 166.63
169.65 180.77 182.41 48.74 154.92 40.33 506.74 420.45 630.08 88.964 173.91 88.7 168.38
168.82 165.83 180.0 48.11 150.53 39.73 510.92 417.88 617.14 85.905 169.76 87.62 171.11
169.58 170.42 185.07 48.55 152.5 38.71 527.34 425.52 636.18 88.008 171.53 86.85 164.9
168.45 169.9 185.19 48.24 154.85 37.98 519.25 424.59 628.41 87.133 173.62 87.19 172.98
169.67 170.78 185.67 50.01 156.6 38.33 516.9 426.28 618.2 85.354 175.57 87.13 176.88
167.78 167.14 185.95 49.21 156.14 37.2 519.83 423.26 618.58 87.039 170.86 85.95 171.76
175.04 170.5 189.05 49.53 159.41 37.63 523.16 427.93 628.78 90.616 175.13 85.9 174.6
176.55 163.28 186.13 48.49 157.73 35.69 511.9 421.9 622.83 88.186 171.29 84.92 171.05
172.69 160.32 183.62 48.24 154.86 36.31 500.23 413.64 607.15 86.001 169.84 85.17 161.48
169.38 163.46 183.32 47.92 154.4 36.26 499.76 414.58 617.52 87.415 168.58 85.42 157.11
168.0 154.02 181.28 47.79 155.47 35.68 494.17 411.84 613.69 84.035 164.32 86.21 155.45
167.04 155.08 179.22 48.11 156.01 35.04 501.8 404.27 610.56 84.671 161.44 87.15 149.93
165.0 146.64 174.63 48.32 154.09 34.2 481.07 399.12 555.04 76.2 157.63 87.61 147.05
165.84 148.64 177.23 48.14 156.28 34.41 481.73 400.96 554.6 79.518 160.18 88.18 142.05
166.9 152.27 179.54 48.32 158.26 34.28 496.1 407.57 577.75 82.423 161.35 87.87 144.68
169.02 151.74 176.59 48.35 159.13 34.5 493.5 409.06 555.12 79.677 163.63 88.75 162.13
169.89 153.76 173.67 48.1 156.0 35.11 441.38 399.04 564.8 82.632 163.3 87.84 170.18
169.3 157.4 179.62 47.86 171.95 31.88 443.29 406.32 561.23 87.735 165.66 88.25 168.29
173.5 160.2 180.96 47.78 166.15 31.36 432.62 402.25 559.49 87.757 169.2 88.33 194.05
170.33 158.38 175.0 46.98 162.78 30.47 430.17 389.33 550.64 86.402 165.85 88.49 183.28
169.3 144.27 179.0 46.84 163.86 30.37 439.19 394.94 551.71 83.041 164.11 74.44 179.99
173.03 146.16 184.72 46.79 166.62 30.51 441.68 397.84 565.15 85.817 180.1 74.93 180.01
183.38 150.6 186.21 47.12 167.24 30.9 451.96 406.66 579.34 88.789 179.64 73.11 181.19
181.71 155.78 188.7 47.11 168.1 30.97 465.68 413.54 596.97 92.14 181.85 72.9 184.76
182.4 154.43 188.76 47.28 171.25 30.68 468.24 409.34 606.0 90.554 180.15 72.5 177.81
182.74 153.62 188.0 48.0 169.38 30.0 472.6 410.54 609.47 90.412 180.55 73.5 174.72
184.57 152.39 189.5 47.79 169.96 30.09 475.42 412.32 612.09 88.747 180.54 75.68 171.97
183.05 151.92 187.48 48.06 168.65 29.85 476.2 414.74 610.87 89.878 182.08 76.11 168.47
186.28 150.56 186.57 48.68 169.14 30.51 468.01 413.72 616.59 90.399 184.21 76.18 171.89
187.43 153.16 187.07 48.95 170.34 31.05 471.85 416.56 613.66 91.356 188.97 75.63 177.55
189.72 159.67 185.99 49.67 172.51 31.27 481.54 423.08 613.52 94.63 194.61 75.7 173.99
189.84 162.62 183.63 48.34 174.18 32.03 473.23 420.99 610.52 94.359 193.27 75.28 174.84
189.87 164.47 184.7 48.17 176.06 31.83 471.91 420.21 621.1 92.479 193.86 77.85 177.46
191.04 166.33 183.54 47.13 176.92 32.1 468.84 425.34 640.82 94.78 197.76 77.54 174.95
192.35 164.66 183.15 46.94 177.85 31.74 464.63 429.04 650.61 95.386 200.85 77.72 186.6
190.9 165.52 183.13 47.43 176.38 31.42 467.78 430.52 640.47 94.95 202.93 80.72 180.11
186.88 160.43 181.05 46.6 173.55 30.08 465.78 427.0 635.67 103.799 201.76 78.305 173.74
189.98 166.36 180.75 46.42 174.99 30.72 478.22 430.16 646.75 106.469 210.36 78.87 179.24
189.99 171.61 182.15 46.28 176.4 31.06 479.92 430.32 649.0 113.901 213.08 77.48 176.75
190.29 165.14 182.02 46.08 175.9 30.13 474.36 429.17 654.62 114.825 208.26 76.88 176.19
191.29 166.75 179.32 46.12 172.11 30.19 467.05 414.67 647.66 110.5 204.8 78.76 178.79
192.25 166.9 176.44 46.5 172.5 30.85 466.83 415.13 641.62 109.633 204.05 80.22 178.08
194.03 163.55 178.34 46.65 173.17 30.29 477.49 413.52 633.79 115.0 205.91 82.08 176.29
194.35 159.99 179.34 47.42 173.79 30.03 476.99 416.07 631.62 116.437 204.37 82.79 174.77
195.87 166.17 181.28 46.02 175.41 30.78 495.06 424.01 650.27 122.44 211.9 81.16 175.0
194.48 166.78 185.0 46.23 176.73 30.42 493.76 424.52 648.52 120.998 209.44 81.47 177.94
196.89 167.87 184.3 45.84 174.46 30.74 492.96 423.85 641.47 120.888 206.62 81.43 177.48
193.12 160.34 187.06 45.85 175.01 30.91 502.6 427.87 644.5 121.79 209.35 81.6 173.79
207.15 158.96 187.23 45.77 176.62 30.92 507.47 432.68 648.55 120.91 208.52 79.89 170.66
213.07 160.24 186.89 45.62 177.79 30.76 508.84 441.06 650.06 125.2 215.39 79.38 177.29
214.24 159.9 183.83 45.52 175.16 30.46 504.1 441.58 653.26 129.61 217.81 80.24 182.47
212.49 159.63 183.66 45.68 176.79 30.45 504.16 442.57 669.38 131.88 215.33 79.65 178.01
216.67 158.4 184.06 45.69 177.24 30.98 506.63 448.37 675.83 130.98 222.22 81.33 187.44
214.29 154.63 182.81 45.97 175.09 30.63 499.49 446.34 685.67 135.58 227.09 80.2 184.86
209.68 161.78 186.1 46.72 176.3 30.62 501.7 445.7 679.03 130.78 215.47 79.72 181.57
207.49 161.23 189.08 47.29 179.63 31.09 494.78 449.78 686.12 126.57 212.53 79.91 183.01
208.14 160.25 185.57 47.28 179.22 30.57 498.91 447.67 669.02 118.11 200.84 79.73 182.58
209.07 160.25 186.34 47.38 184.03 30.74 510.6 450.95 672.41 126.09 202.17 79.28 187.35
213.25 157.54 193.61 46.86 183.88 30.54 513.12 452.16 677.69 126.4 197.33 79.15 196.37
214.1 159.47 197.85 47.45 185.41 30.59 519.56 452.85 684.34 123.99 195.15 79.235 197.42
210.62 162.21 193.25 47.51 182.15 30.97 504.22 446.95 674.88 123.54 199.18 77.85 197.88
216.75 157.69 197.2 47.52 182.99 30.84 504.68 456.73 673.61 124.3 200.03 77.13 209.86
220.27 164.31 200.0 47.28 185.24 31.07 509.5 459.28 679.58 122.67 200.16 76.83 231.26
221.55 163.9 197.59 47.09 185.82 31.23 509.96 460.77 682.51 128.28 203.81 76.26 246.39
226.34 171.9 200.0 46.65 190.6 32.02 539.91 467.56 690.65 125.83 205.75 76.05 251.52
227.82 178.69 199.29 46.06 189.03 33.99 529.32 466.24 685.74 128.2 207.89 74.57 252.94
228.68 177.1 199.34 45.8 188.98 34.59 530.0 459.54 685.74 131.38 207.12 72.75 262.33
232.98 183.96 199.79 46.27 191.18 34.87 534.69 466.25 677.65 134.91 208.8 72.51 263.26
227.57 181.94 195.05 46.76 185.57 33.5 512.7 454.7 652.75 127.4 199.85 73.3 241.03
230.54 181.61 194.49 47.38 185.07 34.49 498.87 453.55 647.6 129.24 202.43 74.83 248.23
234.4 179.83 192.72 47.4 186.53 34.46 496.16 453.96 656.45 128.44 208.18 72.75 252.64
234.82 177.55 193.02 47.42 183.92 34.34 489.79 449.52 656.32 126.36 209.64 75.51 256.56
228.88 159.43 187.93 48.52 181.02 34.46 461.99 443.52 647.46 117.99 191.6 75.1 248.5
224.18 155.77 183.75 48.04 177.69 34.87 475.85 440.37 643.04 121.09 191.46 74.19 249.23
224.31 151.58 183.13 47.32 177.66 32.98 476.79 437.11 633.34 117.93 186.21 79.27 239.2
223.96 155.87 182.55 46.82 181.67 33.37 487.4 442.94 647.5 123.54 194.97 76.55 251.51
225.01 154.0 186.41 46.36 181.79 32.95 488.69 444.85 642.76 122.59 193.35 76.26 246.38
218.54 144.63 180.83 46.85 172.63 31.7 461.27 428.9 635.99 114.25 181.07 74.68 215.99
217.49 138.32 179.85 47.24 167.28 31.1 453.41 418.4 634.09 112.28 175.39 73.32 220.25
217.96 139.99 182.5 47.88 167.0 31.35 465.7 425.27 631.37 113.06 180.05 74.05 219.8
218.24 139.75 183.2 47.99 169.53 30.83 465.71 426.73 626.96 111.59 178.64 75.2 232.1
218.8 138.44 181.71 48.14 170.29 30.13 463.19 422.92 622.58 103.73 166.94 75.94 222.62
222.08 144.48 186.98 48.45 171.54 30.74 474.83 418.35 628.35 117.02 180.95 77.95 232.07
218.36 132.54 184.07 47.39 170.76 29.05 497.74 417.11 624.85 109.21 164.0 75.11 216.86
219.86 132.5 167.9 46.66 166.66 21.48 488.14 408.49 613.64 107.27 159.31 75.88 207.67
209.27 134.82 161.02 44.74 159.25 20.11 475.73 395.15 598.55 100.45 157.95 73.86 198.88
207.23 130.18 161.93 45.16 158.29 19.83 494.09 399.61 609.57 104.25 158.72 75.37 200.64
209.82 128.67 162.77 45.12 158.94 18.99 488.92 398.43 611.48 98.91 156.12 75.29 191.76
213.31 136.32 165.8 45.83 162.03 20.49 509.63 402.69 630.35 104.97 164.95 75.75 198.84
216.24 134.27 166.94 45.47 163.67 19.71 517.77 406.02 633.94 104.75 164.48 75.09 200.0
217.53 136.77 166.8 44.86 162.29 19.36 515.95 406.81 633.14 109.02 162.89 77.03 197.49
221.27 141.13 170.23 45.37 164.16 20.47 528.54 414.01 648.02 116.14 169.47 95.9 207.83
221.72 140.75 170.1 45.44 160.37 19.92 526.76 416.86 661.68 118.08 167.15 93.9 201.38
224.72 147.36 177.59 48.53 161.3 20.69 537.33 421.03 663.22 122.86 173.34 94.88 214.14
226.05 148.56 177.06 49.46 162.96 20.87 527.42 418.47 674.07 124.58 172.18 94.81 216.12
225.89 155.28 178.22 49.98 166.67 21.52 529.28 421.53 688.53 130.0 174.26 92.3 222.72
226.51 156.4 178.88 50.24 167.18 20.99 526.73 424.8 698.54 127.25 172.11 93.01 221.1
226.4 157.81 180.11 50.45 165.85 21.41 535.16 424.14 697.12 128.5 174.22 92.78 223.27
224.53 151.7 176.13 50.22 163.8 20.1 531.93 415.55 688.96 123.74 169.0 92.43 210.66
226.84 154.98 177.04 50.74 165.62 20.54 528.0 416.79 686.73 129.37 173.5 94.02 220.32
227.18 149.99 175.5 50.79 166.16 20.13 521.12 413.49 688.44 126.46 169.49 95.63 213.21
228.03 150.5 173.12 50.71 164.68 20.07 519.1 413.84 695.72 128.3 173.93 98.6 209.21
226.49 146.36 170.8 49.85 162.85 19.61 516.78 410.6 683.84 125.61 171.85 95.3 205.75
229.79 145.49 172.12 50.39 161.78 20.13 518.22 413.12 692.48 117.59 169.49 94.86 206.28
229.0 148.56 178.5 50.54 163.38 22.04 521.31 417.14 701.35 119.37 175.3 94.57 214.11
222.77 136.94 176.25 50.06 157.36 20.1 511.76 409.44 675.32 108.0 163.24 93.18 210.6
220.85 140.87 173.33 49.7 156.45 19.43 512.74 408.9 679.68 106.21 165.33 92.33 219.41
222.38 139.44 177.89 49.13 157.24 19.4 516.86 408.39 683.62 107.21 163.7 91.56 230.17
220.82 134.35 171.39 48.5 150.92 18.89 500.27 401.7 665.77 102.83 158.19 91.15 210.73
220.91 138.15 175.4 48.7 148.71 19.07 504.79 405.72 675.42 106.47 160.77 92.21 216.27
220.11 142.84 179.55 48.79 148.66 18.98 504.79 414.2 673.62 108.1 161.68 93.34 226.17
222.66 149.86 184.52 49.11 151.16 19.64 511.83 423.04 681.47 116.91 166.56 98.2 228.13
222.77 150.77 187.0 49.61 154.69 19.36 525.6 427.0 686.8 119.14 164.98 99.28 229.81
222.5 152.31 186.49 49.8 157.46 19.66 524.62 430.59 697.06 119.1 167.73 98.57 230.29
216.32 152.08 184.89 51.03 158.06 20.91 533.28 431.34 696.5 116.78 166.61 96.31 226.78
216.79 150.82 186.88 50.61 159.32 21.47 536.315 435.15 706.91 115.59 168.7 96.44 227.87
220.69 148.29 186.43 50.57 159.81 20.77 537.95 430.81 690.47 113.37 168.3 96.12 227.2
228.87 156.74 189.87 51.44 162.14 21.14 559.1 438.69 704.32 117.87 173.92 96.9 243.92
228.2 155.95 191.6 51.97 163.59 21.84 561.35 435.27 701.03 116.0 168.92 96.05 238.25
226.47 156.75 193.88 52.19 161.85 22.56 564.41 433.51 705.37 116.26 165.96 95.48 250.0
227.37 158.32 193.96 52.52 162.29 22.81 563.33 429.17 722.26 120.87 166.95 94.45 254.27
226.37 162.02 192.53 52.65 161.49 23.54 568.31 432.11 721.56 123.51 168.27 95.62 257.02
227.52 167.49 191.16 52.85 162.73 23.92 567.84 431.31 711.43 124.04 172.66 97.47 254.22
227.79 164.35 187.97 53.02 163.95 23.91 567.36 428.02 707.35 121.4 170.13 97.36 260.46
233.0 164.08 186.33 53.22 165.85 23.46 572.44 430.3 709.27 121.44 170.05 97.49 261.63
226.21 159.75 185.13 52.74 166.99 22.69 576.47 420.69 706.13 117.0 165.78 97.43 258.02
226.78 159.78 184.76 52.62 165.86 22.39 572.81 417.13 711.09 118.85 168.32 96.5 249.02
225.67 162.85 181.96 52.43 165.86 22.26 582.77 416.54 706.8 122.85 168.92 95.56 240.66
226.8 170.9 186.51 52.75 167.06 22.59 595.94 416.06 719.7 124.92 168.9 96.58 250.08
221.69 170.97 180.8 52.51 162.98 22.38 584.78 409.54 701.92 127.72 166.94 96.09 240.83
225.77 172.8 182.72 52.73 164.38 23.32 592.89 414.71 721.76 132.89 166.34 96.21 244.5
229.54 171.02 185.17 53.56 161.86 23.46 590.51 417.46 727.43 132.65 170.22 95.88 241.05
229.04 164.18 186.65 53.54 162.08 23.22 583.83 415.84 730.29 134.81 168.52 93.88 238.77
227.55 167.89 188.82 54.25 163.24 23.56 589.95 416.32 722.79 134.8 169.98 95.55 217.8
231.3 165.27 187.54 54.27 164.96 23.44 590.42 419.14 713.0 138.07 178.04 94.76 219.16
233.85 156.64 187.69 54.08 165.46 22.66 586.27 418.74 705.98 131.6 174.09 95.04 219.57
231.78 156.13 186.89 56.38 165.16 22.31 576.79 416.12 702.0 135.72 171.48 95.46 221.33
232.15 156.25 187.53 56.4 162.93 22.44 576.93 416.72 687.65 136.93 171.1 95.27 220.89
235.0 155.97 188.99 56.76 163.42 22.77 576.47 418.16 763.89 138.0 170.92 96.84 220.7
236.48 157.9 189.07 56.59 164.07 22.84 575.16 418.78 772.07 143.71 169.01 96.45 218.85
235.86 154.09 189.7 56.6 165.14 22.4 582.01 427.51 764.24 143.59 173.18 96.82 217.97
230.76 152.91 184.71 56.28 162.78 21.98 563.69 424.6 749.29 139.56 166.6 97.65 213.65
230.57 153.44 186.38 55.96 162.72 22.34 567.78 424.73 754.55 140.41 168.1 97.15 260.48
231.41 156.23 187.83 55.74 165.27 22.68 573.25 428.15 754.68 141.54 170.27 97.31 269.19
233.4 159.92 188.39 55.28 166.72 22.92 578.16 426.59 749.12 140.52 172.22 98.02 262.51
233.67 166.25 190.83 55.68 169.68 22.9 593.28 431.95 759.44 141.25 176.0 97.39 259.52
230.1 148.6 192.73 55.59 174.46 22.3 591.8 432.53 753.74 139.335 167.62 97.32 257.55
225.91 144.07 186.4 54.77 171.11 21.52 567.58 406.35 756.03 132.76 162.77 97.7 249.85
222.91 141.86 197.93 55.5 171.29 23.2 567.16 410.37 756.1 135.4 165.27 98.87 248.98
222.01 140.71 195.78 55.83 169.24 22.52 560.68 408.46 755.51 136.05 165.18 97.03 242.84
223.45 141.66 199.5 56.16 169.74 23.32 572.43 411.46 763.91 139.91 165.91 97.09 251.44
222.72 145.1 207.09 57.87 176.51 25.05 572.05 420.18 780.21 145.61 172.99 96.08 288.53
227.48 149.82 210.05 58.08 180.75 26.23 591.7 425.43 796.54 148.88 172.91 96.12 296.91
226.96 147.95 208.18 58.06 178.35 26.2 589.34 422.54 795.04 147.63 170.91 97.55 321.22
224.23 147.35 206.84 58.63 180.35 25.05 583.17 418.01 805.44 145.26 168.29 100.31 350.0
224.23 143.63 208.91 58.71 181.62 24.16 584.82 423.03 819.5 148.29 163.41 98.8 328.49
225.12 139.3 214.1 59.18 178.88 24.92 580.0 425.2 830.47 146.27 160.42 99.8 330.24
228.22 138.84 211.48 57.92 175.58 25.03 577.16 426.89 837.26 146.76 163.97 99.23 311.18
225.0 134.9 202.61 57.46 172.49 24.35 554.08 415.0 823.96 141.98 160.5 98.42 320.72
228.02 138.93 201.7 57.31 175.3 24.84 554.4 415.76 847.05 140.15 164.5 100.4 338.74
228.28 139.39 204.61 57.01 178.12 24.2 561.09 417.79 871.32 147.01 164.71 98.35 346.0
229.0 137.6 202.88 57.5 175.98 24.01 565.52 415.49 883.85 145.89 154.27 98.26 342.03
228.52 137.49 198.38 57.56 167.63 24.44 563.09 412.87 897.48 146.67 155.46 100.06 339.64
229.87 138.35 197.12 58.55 164.76 24.5 559.14 417.0 897.79 141.95 156.79 102.5 352.56
232.87 141.13 201.45 58.74 167.65 24.87 565.11 418.79 865.59 136.02 158.82 101.84 338.59
235.06 137.72 207.86 59.59 169.12 24.05 573.54 427.99 872.6 136.92 156.93 100.68 338.23
234.93 136.24 205.74 59.29 169.23 23.65 569.2 422.99 877.34 135.34 156.4 101.51 332.89
237.33 137.175 207.89 59.21 168.95 24.05 574.32 423.46 886.81 138.25 158.53 102.46 345.16
239.59 142.06 210.71 59.43 171.49 23.93 592.83 430.98 897.74 138.63 163.03 101.51 357.09
242.65 141.98 213.44 59.48 171.34 22.47 613.65 431.2 902.17 140.26 162.58 101.57 351.42
243.01 143.99 218.16 59.62 174.37 21.96 613.78 437.42 911.06 145.14 163.34 100.7 357.93
243.04 141.36 220.55 60.02 172.64 20.8 608.93 442.62 917.87 145.06 160.39 99.23 369.49
242.84 138.59 227.03 59.89 174.71 20.92 623.77 443.57 934.74 142.44 159.51 100.11 389.22
246.75 130.87 226.09 58.95 175.37 20.81 613.57 446.02 913.69 138.81 160.74 99.31 389.79
247.77 127.74 225.04 58.72 185.17 20.16 619.32 443.33 913.35 135.07 156.46 98.16 400.99
246.49 130.15 230.26 58.59 195.4 20.12 632.68 448.99 936.56 139.31 159.83 98.42 424.77
247.96 130.6 228.97 58.85 191.96 20.78 630.79 449.56 925.55 137.34 158.24 97.82 418.1
248.13 126.91 227.46 58.62 189.82 20.34 620.35 447.27 918.87 134.25 158.53 97.42 436.23
251.04 126.69 232.93 58.35 196.66 20.83 624.24 451.59 921.08 132.0 157.89 93.12 463.02
253.48 125.02 231.15 58.52 195.42 20.44 619.44 454.46 919.13 130.39 157.92 92.09 479.86
248.05 121.41 220.52 57.53 188.4 19.3 597.19 437.39 889.55 128.91 153.05 89.9 440.13
249.79 118.88 223.29 57.63 188.51 19.06 595.57 437.03 902.04 130.68 150.4 88.76 436.17
254.49 119.21 224.92 58.52 191.41 19.52 585.25 436.6 909.05 134.7 152.89 87.97 421.06
255.27 124.6 225.06 58.98 194.63 20.2 599.85 435.25 911.45 139.67 158.24 87.44 430.6
258.2 126.29 229.05 59.85 196.11 20.4 607.75 439.33 932.12 140.22 159.36 89.91 462.28
259.02 125.06 227.05 59.98 195.6 20.44 603.35 438.11 924.14 139.93 158.53 91.86 454.13
255.59 125.19 223.75 59.61 192.76 20.3 599.81 430.53 907.55 137.01 157.24 92.25 431.66
252.2 122.44 221.3 59.19 191.24 19.82 591.24 424.83 900.43 137.49 154.58 90.58 417.41
250.42 120.79 219.39 59.2 189.3 20.05 585.51 421.5 891.32 134.29 153.62 91.25 403.84
243.85 120.63 220.22 59.1 189.43 20.22 599.24 418.58 886.73 138.31 153.64 92.17 379.28
243.36 125.37 224.19 58.86 191.79 20.56 604.63 423.35 881.05 144.47 157.83 92.58 410.44
245.0 129.55 227.61 58.77 196.87 19.87 630.2 427.85 881.79 149.43 159.85 93.13 411.05
242.21 127.33 222.11 58.93 195.49 20.01 617.89 422.37 879.19 140.14 160.52 92.84 394.36
242.7 121.84 222.13 59.2 193.95 19.88 610.72 424.56 875.0 140.11 159.08 92.6 394.94
236.85 116.04 218.94 58.74 192.04 19.15 615.86 418.95 837.69 135.91 156.98 92.25 394.74
234.4 117.32 218.46 58.76 191.01 19.2 608.33 417.19 840.29 133.23 157.13 93.51 403.31
233.28 116.09 217.76 59.33 189.66 19.2 594.25 415.67 828.4 131.76 159.53 93.07 396.36
237.87 119.96 223.35 59.98 195.55 19.72 617.12 426.31 848.26 136.24 164.41 93.08 428.22
228.26 118.44 220.66 59.82 192.91 19.67 611.3 424.58 842.37 133.57 161.43 94.43 413.82
229.98 121.46 225.94 60.23 196.0 21.49 612.77 429.03 858.1 137.71 164.56 95.13 426.5
222.64 122.28 230.71 61.03 198.05 21.77 616.46 428.5 869.68 140.83 167.27 97.98 424.07
223.83 123.75 235.01 61.63 198.37 21.86 623.5 446.2 953.99 147.07 170.24 97.73 415.11
223.66 123.04 235.42 62.23 197.98 21.57 636.45 446.71 984.86 147.22 174.36 97.99 412.38
222.78 122.84 234.85 62.23 200.21 20.83 647.49 444.06 977.59 142.62 172.11 98.81 406.58
229.86 115.01 235.42 59.08 191.81 20.29 659.88 434.56 971.89 118.42 171.18 100.02 397.15
238.26 114.17 238.15 59.43 195.3 19.8 674.33 447.2 971.83 128.99 171.55 100.41 398.09
239.36 117.35 237.07 59.55 195.41 19.75 676.49 442.33 978.15 123.7 171.71 108.58 389.1
237.59 118.86 234.64 60.47 200.87 20.01 687.0 414.99 973.24 124.65 171.93 109.0 400.28
236.0 115.95 237.68 60.6 204.02 19.43 689.18 415.06 976.76 120.07 172.93 107.68 404.6
228.01 114.27 237.42 61.04 201.23 19.38 697.46 410.92 978.94 116.66 170.24 108.16 383.68
232.8 119.5 242.06 61.34 206.38 19.29 704.19 412.37 994.87 118.65 173.04 110.6 392.21
232.47 112.01 236.17 62.57 191.33 19.65 704.87 413.29 1011.11 124.83 175.86 112.25 378.17
233.22 110.16 238.83 62.27 191.6 19.38 711.99 415.82 1015.68 128.68 169.32 111.7 374.32
227.63 107.56 229.15 62.27 185.34 19.1 714.52 409.75 1013.93 129.84 167.96 112.2 361.62
